Objective_Mapping,Arrival_Rate_ReqSec,Batch_Size,Batch_Timeout,Dijkstra_Weight,Total_Tasks,Completed,Rejected,Success_Rate_PCT,Rej_Deadline_PCT,Rej_Insuff_CPU_NET_PCT,Rej_Insuff_CPU_PCT,Rej_No_Server_PCT,Rej_ILP_Infeasible_PCT,Avg_System_Exec_ms,Avg_Wait_Time_ms,Avg_Total_Response_ms
ENERGY,2,1,2,Energy,3193,2809,384,87.97,7.02,0.6,4.42,0.0,0.0,0.1777,0.2855,0.4632
ENERGY,3,1,2,Energy,4337,3746,591,86.37,8.6,0.81,4.22,0.0,0.0,0.1928,0.3118,0.5046
ENERGY,4,1,2,Energy,5523,4523,1000,81.89,12.0,0.72,5.38,0.0,0.0,0.2002,0.3337,0.5339
ENERGY,6,1,2,Energy,9007,5427,3580,60.25,24.91,0.58,14.26,0.0,0.0,0.2349,0.3815,0.6164
ENERGY,8,1,2,Energy,11911,5794,6117,48.64,33.85,0.48,17.03,0.0,0.0,0.2396,0.394,0.6336
ENERGY,10,1,2,Energy,15417,6055,9362,39.27,39.85,0.39,20.49,0.0,0.0,0.2531,0.4168,0.6699
ENERGY,2,1,2,Time,3185,2870,315,90.11,6.19,0.97,2.73,0.0,0.0,0.1785,0.286,0.4645
ENERGY,3,1,2,Time,4378,3707,671,84.67,8.86,0.98,5.48,0.0,0.0,0.1894,0.312,0.5014
ENERGY,4,1,2,Time,5577,4425,1152,79.34,12.77,0.47,7.42,0.0,0.0,0.207,0.3385,0.5455
ENERGY,6,1,2,Time,8992,5364,3628,59.65,26.42,0.43,13.49,0.0,0.0,0.2292,0.3765,0.6057
ENERGY,8,1,2,Time,11866,5869,5997,49.46,33.57,0.56,16.42,0.0,0.0,0.2384,0.3924,0.6308
ENERGY,10,1,2,Time,15479,5996,9483,38.74,40.19,0.43,20.64,0.0,0.0,0.2598,0.4219,0.6817
ENERGY,2,2,2,Energy,3238,2726,512,84.19,9.2,0.59,3.49,2.53,0.0,0.1926,0.3016,0.4942
ENERGY,3,2,2,Energy,4446,3586,860,80.66,11.65,0.94,4.34,2.41,0.0,0.2076,0.3301,0.5377
ENERGY,4,2,2,Energy,5632,4424,1208,78.55,14.13,0.67,4.97,1.67,0.0,0.2192,0.3567,0.5759
ENERGY,6,2,2,Energy,8948,5480,3468,61.24,25.48,0.73,11.4,1.15,0.0,0.2277,0.3795,0.6072
ENERGY,8,2,2,Energy,11952,5700,6252,47.69,34.96,0.52,16.04,0.79,0.0,0.2524,0.4121,0.6645
ENERGY,10,2,2,Energy,15414,5928,9486,38.46,41.05,0.49,19.38,0.62,0.0,0.2593,0.4251,0.6844
ENERGY,2,2,2,Time,3251,2715,536,83.51,9.57,0.83,3.57,2.52,0.0,0.1952,0.3032,0.4984
ENERGY,3,2,2,Time,4411,3563,848,80.78,11.58,0.63,4.58,2.43,0.0,0.1993,0.3248,0.5241
ENERGY,4,2,2,Time,5655,4369,1286,77.26,15.26,0.73,5.09,1.66,0.0,0.2279,0.3653,0.5932
ENERGY,6,2,2,Time,9008,5269,3739,58.49,26.29,0.71,13.37,1.14,0.0,0.2366,0.3868,0.6234
ENERGY,8,2,2,Time,11987,5690,6297,47.47,35.26,0.52,15.97,0.78,0.0,0.2627,0.4218,0.6845
ENERGY,10,2,2,Time,15550,5960,9590,38.33,40.24,0.46,20.35,0.61,0.0,0.2615,0.4274,0.6889
ENERGY,2,4,2,Energy,3395,2496,899,73.52,14.43,0.8,2.92,8.34,0.0,0.2055,0.3175,0.523
ENERGY,3,4,2,Energy,4691,3215,1476,68.54,19.48,0.98,4.6,6.4,0.0,0.23,0.3556,0.5856
ENERGY,4,4,2,Energy,5952,3935,2017,66.11,22.36,0.86,5.11,5.56,0.0,0.2369,0.3746,0.6115
ENERGY,6,4,2,Energy,9222,5198,4024,56.37,28.88,0.69,10.65,3.42,0.0,0.255,0.4064,0.6614
ENERGY,8,4,2,Energy,12159,5608,6551,46.12,36.17,0.65,14.69,2.37,0.0,0.2771,0.4399,0.717
ENERGY,10,4,2,Energy,15572,5858,9714,37.62,41.99,0.55,17.91,1.93,0.0,0.2841,0.4528,0.7369
ENERGY,2,4,2,Time,3436,2463,973,71.68,15.89,1.08,3.11,8.24,0.0,0.2097,0.3225,0.5322
ENERGY,3,4,2,Time,4672,3176,1496,67.98,20.53,0.88,4.2,6.42,0.0,0.241,0.3627,0.6037
ENERGY,4,4,2,Time,5968,3937,2031,65.97,22.34,1.01,5.14,5.55,0.0,0.2392,0.3761,0.6153
ENERGY,6,4,2,Time,9140,5021,4119,54.93,29.91,0.73,10.97,3.45,0.0,0.2421,0.3936,0.6357
ENERGY,8,4,2,Time,12084,5635,6449,46.63,35.34,0.76,14.88,2.38,0.0,0.2695,0.4312,0.7007
ENERGY,10,4,2,Time,15600,5856,9744,37.54,41.25,0.64,18.64,1.93,0.0,0.281,0.452,0.733
ENERGY,2,6,2,Energy,3515,2275,1240,64.72,19.94,0.68,4.04,10.61,0.0,0.2066,0.3156,0.5222
ENERGY,3,6,2,Energy,4931,2958,1973,59.99,24.92,0.83,4.36,9.9,0.0,0.2328,0.3573,0.5901
ENERGY,4,6,2,Energy,6234,3566,2668,57.2,29.32,0.75,4.7,8.02,0.0,0.2349,0.3697,0.6046
ENERGY,6,6,2,Energy,9507,4836,4671,50.87,35.03,0.77,7.96,5.37,0.0,0.2661,0.4181,0.6842
ENERGY,8,6,2,Energy,12251,5367,6884,43.81,39.97,1.03,11.33,3.86,0.0,0.2921,0.4549,0.747
ENERGY,10,6,2,Energy,15799,5509,10290,34.87,44.52,0.79,16.56,3.26,0.0,0.3034,0.4708,0.7742
ENERGY,2,6,2,Time,3466,2278,1188,65.72,18.55,0.87,4.1,10.76,0.0,0.1954,0.3012,0.4966
ENERGY,3,6,2,Time,4905,2899,2006,59.1,24.83,0.98,5.14,9.95,0.0,0.2319,0.3523,0.5842
ENERGY,4,6,2,Time,6257,3579,2678,57.2,29.65,1.04,4.12,7.99,0.0,0.2409,0.3733,0.6142
ENERGY,6,6,2,Time,9488,4662,4826,49.14,34.71,0.91,9.87,5.39,0.0,0.2782,0.4288,0.707
ENERGY,8,6,2,Time,12345,5291,7054,42.86,39.34,0.81,13.16,3.83,0.0,0.2881,0.4498,0.7379
ENERGY,10,6,2,Time,15740,5603,10137,35.6,44.55,0.71,15.88,3.27,0.0,0.301,0.4703,0.7713
ENERGY,2,8,2,Energy,3600,2200,1400,61.11,21.75,0.89,5.19,11.06,0.0,0.2026,0.3095,0.5121
ENERGY,3,8,2,Energy,5058,2799,2259,55.34,28.09,1.07,3.88,11.63,0.0,0.2309,0.3508,0.5817
ENERGY,4,8,2,Energy,6491,3241,3250,49.93,33.12,0.69,6.22,10.03,0.0,0.2418,0.3695,0.6113
ENERGY,6,8,2,Energy,9804,4396,5408,44.84,39.65,0.98,7.29,7.24,0.0,0.2939,0.438,0.7319
ENERGY,8,8,2,Energy,12579,4973,7606,39.53,43.28,1.04,11.2,4.94,0.0,0.2932,0.449,0.7422
ENERGY,10,8,2,Energy,15889,5364,10525,33.76,47.64,0.84,13.26,4.51,0.0,0.3047,0.4708,0.7755
ENERGY,2,8,2,Time,3553,2217,1336,62.4,21.93,0.79,3.69,11.2,0.0,0.2022,0.3082,0.5104
ENERGY,3,8,2,Time,5067,2737,2330,54.02,28.75,1.07,4.56,11.6,0.0,0.2322,0.3479,0.5801
ENERGY,4,8,2,Time,6457,3275,3182,50.72,33.24,1.07,4.89,10.08,0.0,0.243,0.3731,0.6161
ENERGY,6,8,2,Time,9789,4360,5429,44.54,40.0,0.99,7.21,7.25,0.0,0.2815,0.4271,0.7086
ENERGY,8,8,2,Time,12534,5033,7501,40.15,43.8,1.01,10.08,4.96,0.0,0.3024,0.4599,0.7623
ENERGY,10,8,2,Time,15877,5409,10468,34.07,47.23,0.97,13.23,4.51,0.0,0.2962,0.4574,0.7536
ENERGY,2,10,2,Energy,3570,2173,1397,60.87,21.29,0.9,3.95,13.0,0.0,0.2008,0.3071,0.5079
ENERGY,3,10,2,Energy,5126,2711,2415,52.89,29.01,1.19,3.45,13.46,0.0,0.2366,0.3531,0.5897
ENERGY,4,10,2,Energy,6604,3077,3527,46.59,35.13,0.94,5.39,11.95,0.0,0.2343,0.3626,0.5969
ENERGY,6,10,2,Energy,10058,4177,5881,41.53,43.73,1.35,4.6,8.79,0.0,0.283,0.4284,0.7114
ENERGY,8,10,2,Energy,12908,4578,8330,35.47,46.22,1.11,10.68,6.52,0.0,0.2909,0.4422,0.7331
ENERGY,10,10,2,Energy,16084,5157,10927,32.06,49.98,0.99,11.69,5.27,0.0,0.3244,0.4856,0.81
ENERGY,2,10,2,Time,3594,2235,1359,62.19,20.67,0.95,3.28,12.91,0.0,0.209,0.3171,0.5261
ENERGY,3,10,2,Time,5127,2656,2471,51.8,29.55,1.31,3.88,13.46,0.0,0.2375,0.354,0.5915
ENERGY,4,10,2,Time,6618,3062,3556,46.27,35.69,1.21,4.91,11.92,0.0,0.2352,0.3625,0.5977
ENERGY,6,10,2,Time,10066,3966,6100,39.4,43.51,0.91,7.39,8.78,0.0,0.2747,0.4147,0.6894
ENERGY,8,10,2,Time,12829,4667,8162,36.38,46.94,1.1,9.02,6.56,0.0,0.2871,0.4426,0.7297
ENERGY,10,10,2,Time,16072,5170,10902,32.17,49.78,1.09,11.7,5.27,0.0,0.3097,0.4713,0.781
ENERGY,2,20,0.0,Energy,3193,2809,384,87.97,7.02,0.6,4.42,0.0,0.0,0.1777,0.2855,0.4632
ENERGY,3,20,0.0,Energy,4337,3746,591,86.37,8.6,0.81,4.22,0.0,0.0,0.1928,0.3118,0.5046
ENERGY,4,20,0.0,Energy,5523,4523,1000,81.89,12.0,0.72,5.38,0.0,0.0,0.2002,0.3337,0.5339
ENERGY,6,20,0.0,Energy,9007,5427,3580,60.25,24.91,0.58,14.26,0.0,0.0,0.2349,0.3815,0.6164
ENERGY,8,20,0.0,Energy,11911,5794,6117,48.64,33.85,0.48,17.03,0.0,0.0,0.2396,0.394,0.6336
ENERGY,10,20,0.0,Energy,15417,6055,9362,39.27,39.85,0.39,20.49,0.0,0.0,0.2531,0.4168,0.6699
ENERGY,2,20,0.0,Time,3185,2870,315,90.11,6.19,0.97,2.73,0.0,0.0,0.1785,0.286,0.4645
ENERGY,3,20,0.0,Time,4378,3707,671,84.67,8.86,0.98,5.48,0.0,0.0,0.1894,0.312,0.5014
ENERGY,4,20,0.0,Time,5577,4425,1152,79.34,12.77,0.47,7.42,0.0,0.0,0.207,0.3385,0.5455
ENERGY,6,20,0.0,Time,8992,5364,3628,59.65,26.42,0.43,13.49,0.0,0.0,0.2292,0.3765,0.6057
ENERGY,8,20,0.0,Time,11866,5869,5997,49.46,33.57,0.56,16.42,0.0,0.0,0.2384,0.3924,0.6308
ENERGY,10,20,0.0,Time,15479,5996,9483,38.74,40.19,0.43,20.64,0.0,0.0,0.2598,0.4219,0.6817
ENERGY,2,20,0.05,Energy,3190,2739,451,85.86,7.62,0.63,5.05,0.85,0.0,0.1844,0.2932,0.4776
ENERGY,3,20,0.05,Energy,4360,3765,595,86.35,9.2,0.48,3.19,0.78,0.0,0.196,0.3205,0.5165
ENERGY,4,20,0.05,Energy,5645,4419,1226,78.28,12.79,0.53,7.74,0.66,0.0,0.1996,0.3302,0.5298
ENERGY,6,20,0.05,Energy,8954,5402,3552,60.33,25.47,0.55,12.96,0.69,0.0,0.2291,0.3773,0.6064
ENERGY,8,20,0.05,Energy,11927,5680,6247,47.62,34.13,0.78,17.0,0.46,0.0,0.2476,0.4039,0.6515
ENERGY,10,20,0.05,Energy,15452,5953,9499,38.53,41.71,0.61,18.66,0.49,0.0,0.2566,0.4217,0.6783
ENERGY,2,20,0.05,Time,3200,2786,414,87.06,6.97,0.59,4.53,0.84,0.0,0.1872,0.2996,0.4868
ENERGY,3,20,0.05,Time,4362,3672,690,84.18,9.88,0.57,4.59,0.78,0.0,0.1939,0.3151,0.509
ENERGY,4,20,0.05,Time,5627,4370,1257,77.66,13.95,0.64,7.09,0.66,0.0,0.1969,0.3285,0.5254
ENERGY,6,20,0.05,Time,8952,5527,3425,61.74,24.63,0.65,12.29,0.69,0.0,0.2376,0.388,0.6256
ENERGY,8,20,0.05,Time,11913,5814,6099,48.8,34.24,0.5,16.0,0.46,0.0,0.2501,0.4081,0.6582
ENERGY,10,20,0.05,Time,15432,6046,9386,39.18,41.38,0.51,18.45,0.49,0.0,0.2619,0.4285,0.6904
ENERGY,2,20,0.1,Energy,3177,2792,385,87.88,6.64,0.69,3.49,1.29,0.0,0.1859,0.295,0.4809
ENERGY,3,20,0.1,Energy,4410,3612,798,81.9,10.77,0.73,5.4,1.2,0.0,0.193,0.3109,0.5039
ENERGY,4,20,0.1,Energy,5692,4377,1315,76.9,14.05,0.77,7.13,1.14,0.0,0.2115,0.3454,0.5569
ENERGY,6,20,0.1,Energy,8917,5452,3465,61.14,25.88,0.8,11.08,1.1,0.0,0.2379,0.3888,0.6267
ENERGY,8,20,0.1,Energy,11934,5706,6228,47.81,34.92,0.53,15.78,0.96,0.0,0.2461,0.4031,0.6492
ENERGY,10,20,0.1,Energy,15457,5990,9467,38.75,41.49,0.39,18.48,0.89,0.0,0.2551,0.4207,0.6758
ENERGY,2,20,0.1,Time,3164,2789,375,88.15,6.61,1.04,2.91,1.3,0.0,0.1872,0.296,0.4832
ENERGY,3,20,0.1,Time,4373,3625,748,82.9,10.08,0.82,4.99,1.21,0.0,0.197,0.3146,0.5116
ENERGY,4,20,0.1,Time,5649,4453,1196,78.83,13.21,0.6,6.21,1.15,0.0,0.2101,0.348,0.5581
ENERGY,6,20,0.1,Time,8937,5335,3602,59.7,26.61,0.59,12.01,1.1,0.0,0.2286,0.3805,0.6091
ENERGY,8,20,0.1,Time,11956,5637,6319,47.15,34.13,0.69,17.06,0.96,0.0,0.2484,0.4053,0.6537
ENERGY,10,20,0.1,Time,15471,5980,9491,38.65,40.78,0.48,19.2,0.89,0.0,0.2691,0.4356,0.7047
ENERGY,2,20,0.2,Energy,3232,2687,545,83.14,8.57,0.68,5.26,2.35,0.0,0.1865,0.2933,0.4798
ENERGY,3,20,0.2,Energy,4440,3539,901,79.71,12.34,0.61,5.27,2.07,0.0,0.193,0.3143,0.5073
ENERGY,4,20,0.2,Energy,5764,4224,1540,73.28,16.6,0.59,7.34,2.19,0.0,0.2229,0.3568,0.5797
ENERGY,6,20,0.2,Energy,9057,5234,3823,57.79,27.99,0.66,11.76,1.8,0.0,0.2405,0.3903,0.6308
ENERGY,8,20,0.2,Energy,11982,5562,6420,46.42,35.92,0.58,15.35,1.74,0.0,0.2606,0.4214,0.682
ENERGY,10,20,0.2,Energy,15581,5855,9726,37.58,42.44,0.6,17.71,1.68,0.0,0.2783,0.4443,0.7226
ENERGY,2,20,0.2,Time,3225,2750,475,85.27,7.75,1.15,3.47,2.36,0.0,0.187,0.2972,0.4842
ENERGY,3,20,0.2,Time,4418,3553,865,80.42,12.11,0.91,4.48,2.08,0.0,0.1955,0.3182,0.5137
ENERGY,4,20,0.2,Time,5773,4278,1495,74.1,15.05,0.71,7.95,2.18,0.0,0.2205,0.3539,0.5744
ENERGY,6,20,0.2,Time,9064,5242,3822,57.83,27.68,0.61,12.08,1.8,0.0,0.2387,0.3896,0.6283
ENERGY,8,20,0.2,Time,11947,5689,6258,47.62,35.01,0.77,14.86,1.74,0.0,0.2636,0.4245,0.6881
ENERGY,10,20,0.2,Time,15595,5944,9651,38.11,41.49,0.54,18.19,1.67,0.0,0.2752,0.4433,0.7185
ENERGY,2,20,0.4,Energy,3251,2670,581,82.13,10.0,0.92,3.32,3.63,0.0,0.1887,0.2981,0.4868
ENERGY,3,20,0.4,Energy,4548,3458,1090,76.03,14.64,0.64,4.29,4.4,0.0,0.2089,0.331,0.5399
ENERGY,4,20,0.4,Energy,5898,4112,1786,69.72,18.99,0.64,7.04,3.61,0.0,0.2318,0.3665,0.5983
ENERGY,6,20,0.4,Energy,9218,5143,4075,55.79,29.16,1.06,10.51,3.47,0.0,0.2505,0.401,0.6515
ENERGY,8,20,0.4,Energy,12183,5404,6779,44.36,37.35,0.71,14.51,3.07,0.0,0.2715,0.4282,0.6997
ENERGY,10,20,0.4,Energy,15690,5632,10058,35.9,44.09,0.69,16.36,2.96,0.0,0.2957,0.4606,0.7563
ENERGY,2,20,0.4,Time,3272,2719,553,83.1,9.72,0.83,2.75,3.61,0.0,0.1862,0.2952,0.4814
ENERGY,3,20,0.4,Time,4512,3437,1075,76.17,14.69,0.69,4.01,4.43,0.0,0.2052,0.3294,0.5346
ENERGY,4,20,0.4,Time,5781,4168,1613,72.1,19.37,0.66,4.19,3.68,0.0,0.2255,0.3604,0.5859
ENERGY,6,20,0.4,Time,9201,5103,4098,55.46,29.87,1.0,10.19,3.48,0.0,0.2492,0.3996,0.6488
ENERGY,8,20,0.4,Time,12194,5435,6759,44.57,37.66,0.81,13.89,3.07,0.0,0.2782,0.4377,0.7159
ENERGY,10,20,0.4,Time,15713,5715,9998,36.37,44.65,0.6,15.41,2.96,0.0,0.2936,0.461,0.7546
ENERGY,2,20,0.6,Energy,3322,2616,706,78.75,12.43,0.63,2.98,5.21,0.0,0.2022,0.3129,0.5151
ENERGY,3,20,0.6,Energy,4625,3366,1259,72.78,17.25,1.1,3.14,5.73,0.0,0.2229,0.347,0.5699
ENERGY,4,20,0.6,Energy,5994,3862,2132,64.43,22.72,0.53,7.82,4.49,0.0,0.2276,0.3617,0.5893
ENERGY,6,20,0.6,Energy,9411,4926,4485,52.34,32.79,0.88,9.11,4.88,0.0,0.2566,0.4054,0.662
ENERGY,8,20,0.6,Energy,12271,5210,7061,42.46,40.73,0.65,12.12,4.04,0.0,0.2957,0.4526,0.7483
ENERGY,10,20,0.6,Energy,15872,5388,10484,33.95,46.1,0.87,14.94,4.15,0.0,0.2899,0.4512,0.7411
ENERGY,2,20,0.6,Time,3342,2593,749,77.59,11.91,1.11,4.22,5.18,0.0,0.203,0.3112,0.5142
ENERGY,3,20,0.6,Time,4670,3359,1311,71.93,17.11,0.56,4.73,5.67,0.0,0.2223,0.3444,0.5667
ENERGY,4,20,0.6,Time,5975,3996,1979,66.88,22.58,0.8,5.24,4.5,0.0,0.2364,0.371,0.6074
ENERGY,6,20,0.6,Time,9454,4760,4694,50.35,33.08,0.89,10.83,4.86,0.0,0.2585,0.4078,0.6663
ENERGY,8,20,0.6,Time,12224,5339,6885,43.68,41.23,0.76,10.27,4.06,0.0,0.2798,0.4377,0.7175
ENERGY,10,20,0.6,Time,15904,5449,10455,34.26,45.96,0.91,14.73,4.14,0.0,0.3094,0.4741,0.7835
ENERGY,2,20,0.8,Energy,3342,2550,792,76.3,13.23,0.87,3.26,6.34,0.0,0.2033,0.3122,0.5155
ENERGY,3,20,0.8,Energy,4691,3274,1417,69.79,19.1,0.72,3.67,6.71,0.0,0.2185,0.3398,0.5583
ENERGY,4,20,0.8,Energy,6181,3687,2494,59.65,25.8,0.97,7.39,6.18,0.0,0.2439,0.3754,0.6193
ENERGY,6,20,0.8,Energy,9600,4578,5022,47.69,36.73,0.97,8.54,6.07,0.0,0.2768,0.422,0.6988
ENERGY,8,20,0.8,Energy,12463,4951,7512,39.73,43.58,0.71,10.13,5.86,0.0,0.2907,0.4456,0.7363
ENERGY,10,20,0.8,Energy,15966,5224,10742,32.72,48.9,0.96,12.27,5.15,0.0,0.3028,0.4657,0.7685
ENERGY,2,20,0.8,Time,3347,2565,782,76.64,12.28,1.02,3.73,6.33,0.0,0.2031,0.3113,0.5144
ENERGY,3,20,0.8,Time,4736,3324,1412,70.19,19.26,0.76,3.15,6.65,0.0,0.2216,0.3445,0.5661
ENERGY,4,20,0.8,Time,6088,3801,2287,62.43,25.57,1.13,4.58,6.27,0.0,0.2378,0.3695,0.6073
ENERGY,6,20,0.8,Time,9569,4611,4958,48.19,36.17,1.06,8.5,6.09,0.0,0.265,0.412,0.677
ENERGY,8,20,0.8,Time,12501,5024,7477,40.19,42.67,1.19,10.11,5.84,0.0,0.2949,0.4509,0.7458
ENERGY,10,20,0.8,Time,16029,5229,10800,32.62,49.59,0.99,11.67,5.13,0.0,0.3114,0.4739,0.7853
ENERGY,2,20,1.0,Energy,3378,2434,944,72.05,15.51,0.83,3.7,7.9,0.0,0.1929,0.3014,0.4943
ENERGY,3,20,1.0,Energy,4787,3127,1660,65.32,21.64,1.23,3.41,8.4,0.0,0.2225,0.3424,0.5649
ENERGY,4,20,1.0,Energy,6205,3588,2617,57.82,27.59,1.18,6.2,7.2,0.0,0.2373,0.3686,0.6059
ENERGY,6,20,1.0,Energy,9814,4325,5489,44.07,38.78,1.05,8.32,7.77,0.0,0.2611,0.4047,0.6658
ENERGY,8,20,1.0,Energy,12617,4785,7832,37.93,46.84,1.05,7.46,6.73,0.0,0.2843,0.4403,0.7246
ENERGY,10,20,1.0,Energy,16180,5013,11167,30.98,51.19,1.06,10.24,6.53,0.0,0.2987,0.4591,0.7578
ENERGY,2,20,1.0,Time,3388,2428,960,71.66,15.55,0.53,4.37,7.88,0.0,0.1942,0.3026,0.4968
ENERGY,3,20,1.0,Time,4801,3114,1687,64.86,22.12,1.04,3.6,8.37,0.0,0.2271,0.3524,0.5795
ENERGY,4,20,1.0,Time,6238,3555,2683,56.99,28.87,1.06,5.92,7.17,0.0,0.2407,0.3708,0.6115
ENERGY,6,20,1.0,Time,9803,4387,5416,44.75,38.34,1.26,7.86,7.78,0.0,0.2762,0.4224,0.6986
ENERGY,8,20,1.0,Time,12681,4705,7976,37.1,46.6,0.99,8.61,6.7,0.0,0.2883,0.4427,0.731
ENERGY,10,20,1.0,Time,16263,5040,11223,30.99,50.83,1.3,10.38,6.49,0.0,0.3121,0.4728,0.7849
TIME,2,1,2,Energy,3172,2823,349,89.0,6.78,0.41,3.81,0.0,0.0,0.1735,0.283,0.4565
TIME,3,1,2,Energy,4392,3617,775,82.35,9.77,0.68,7.19,0.0,0.0,0.184,0.305,0.489
TIME,4,1,2,Energy,5595,4509,1086,80.59,11.51,0.34,7.56,0.0,0.0,0.214,0.3451,0.5591
TIME,6,1,2,Energy,8899,5427,3472,60.98,28.15,0.71,10.16,0.0,0.0,0.2336,0.3801,0.6137
TIME,8,1,2,Energy,11829,5804,6025,49.07,39.05,0.44,11.45,0.0,0.0,0.2659,0.4234,0.6893
TIME,10,1,2,Energy,15201,6104,9097,40.16,46.24,0.36,13.24,0.0,0.0,0.2894,0.4526,0.742
TIME,2,1,2,Time,3174,2874,300,90.55,6.3,0.66,2.49,0.0,0.0,0.1733,0.2829,0.4562
TIME,3,1,2,Time,4361,3731,630,85.55,8.85,0.94,4.65,0.0,0.0,0.1956,0.3208,0.5164
TIME,4,1,2,Time,5556,4596,960,82.72,10.98,0.81,5.49,0.0,0.0,0.2129,0.3469,0.5598
TIME,6,1,2,Time,8762,5521,3241,63.01,27.97,0.35,8.66,0.0,0.0,0.2408,0.3893,0.6301
TIME,8,1,2,Time,11737,5922,5815,50.46,38.54,0.72,10.28,0.0,0.0,0.2684,0.425,0.6934
TIME,10,1,2,Time,15280,6026,9254,39.44,46.13,0.42,14.01,0.0,0.0,0.2975,0.4592,0.7567
TIME,2,2,2,Energy,3220,2742,478,85.16,8.85,0.75,2.7,2.55,0.0,0.1887,0.2965,0.4852
TIME,3,2,2,Energy,4459,3595,864,80.62,11.06,0.83,5.09,2.4,0.0,0.2053,0.3282,0.5335
TIME,4,2,2,Energy,5640,4345,1295,77.04,13.72,0.94,6.63,1.67,0.0,0.2159,0.3497,0.5656
TIME,6,2,2,Energy,8950,5346,3604,59.73,28.59,0.51,10.01,1.15,0.0,0.2578,0.4096,0.6674
TIME,8,2,2,Energy,11715,5876,5839,50.16,38.59,0.59,9.86,0.8,0.0,0.271,0.4303,0.7013
TIME,10,2,2,Energy,15309,6020,9289,39.32,46.85,0.58,12.62,0.62,0.0,0.3039,0.4704,0.7743
TIME,2,2,2,Time,3262,2794,468,85.65,8.06,0.64,3.13,2.51,0.0,0.1943,0.3063,0.5006
TIME,3,2,2,Time,4465,3556,909,79.64,11.11,1.01,5.85,2.4,0.0,0.215,0.3404,0.5554
TIME,4,2,2,Time,5655,4347,1308,76.87,14.27,0.78,6.42,1.66,0.0,0.2269,0.3633,0.5902
TIME,6,2,2,Time,8771,5468,3303,62.34,28.38,0.8,7.31,1.17,0.0,0.2447,0.3965,0.6412
TIME,8,2,2,Time,11752,5891,5861,50.13,37.76,0.74,10.57,0.8,0.0,0.2835,0.4436,0.7271
TIME,10,2,2,Time,15278,6073,9205,39.75,46.54,0.6,12.49,0.62,0.0,0.3019,0.4687,0.7706
TIME,2,4,2,Energy,3361,2525,836,75.13,14.13,0.62,1.7,8.42,0.0,0.2031,0.3128,0.5159
TIME,3,4,2,Energy,4685,3243,1442,69.22,19.42,1.15,3.8,6.4,0.0,0.2126,0.3368,0.5494
TIME,4,4,2,Energy,5979,3985,1994,66.65,21.94,0.92,4.95,5.54,0.0,0.2409,0.3778,0.6187
TIME,6,4,2,Energy,9125,5169,3956,56.65,31.32,0.62,7.96,3.45,0.0,0.2723,0.428,0.7003
TIME,8,4,2,Energy,11972,5599,6373,46.77,40.04,0.73,10.06,2.41,0.0,0.2979,0.4602,0.7581
TIME,10,4,2,Energy,15381,5983,9398,38.9,47.34,0.6,11.2,1.96,0.0,0.3329,0.5012,0.8341
TIME,2,4,2,Time,3379,2493,886,73.78,14.44,0.83,2.57,8.38,0.0,0.2028,0.3145,0.5173
TIME,3,4,2,Time,4642,3246,1396,69.93,19.47,0.99,3.15,6.46,0.0,0.2199,0.3425,0.5624
TIME,4,4,2,Time,5994,3972,2022,66.27,22.02,0.78,5.41,5.52,0.0,0.2303,0.3684,0.5987
TIME,6,4,2,Time,9095,5085,4010,55.91,31.11,0.74,8.79,3.46,0.0,0.2551,0.4076,0.6627
TIME,8,4,2,Time,11958,5611,6347,46.92,40.62,0.58,9.47,2.41,0.0,0.2966,0.4577,0.7543
TIME,10,4,2,Time,15434,5973,9461,38.7,47.07,0.49,11.79,1.95,0.0,0.3256,0.494,0.8196
TIME,2,6,2,Energy,3546,2353,1193,66.36,18.27,1.33,3.53,10.52,0.0,0.2225,0.3307,0.5532
TIME,3,6,2,Energy,4905,2874,2031,58.59,24.65,0.77,6.03,9.95,0.0,0.2349,0.3563,0.5912
TIME,4,6,2,Energy,6249,3574,2675,57.19,29.08,0.83,4.9,8.0,0.0,0.2546,0.3863,0.6409
TIME,6,6,2,Energy,9437,4841,4596,51.3,36.18,1.12,5.99,5.41,0.0,0.2788,0.431,0.7098
TIME,8,6,2,Energy,12146,5407,6739,44.52,42.26,0.75,8.58,3.89,0.0,0.3169,0.4756,0.7925
TIME,10,6,2,Energy,15534,5619,9915,36.17,49.54,0.76,10.21,3.32,0.0,0.3101,0.4751,0.7852
TIME,2,6,2,Time,3540,2321,1219,65.56,19.21,0.96,3.73,10.54,0.0,0.2215,0.3291,0.5506
TIME,3,6,2,Time,4932,2953,1979,59.87,24.7,1.07,4.46,9.89,0.0,0.239,0.3608,0.5998
TIME,4,6,2,Time,6280,3574,2706,56.91,28.73,1.07,5.33,7.96,0.0,0.2504,0.3849,0.6353
TIME,6,6,2,Time,9448,4725,4723,50.01,36.2,0.78,7.6,5.41,0.0,0.2705,0.4197,0.6902
TIME,8,6,2,Time,12190,5357,6833,43.95,42.45,0.94,8.78,3.88,0.0,0.3318,0.4962,0.828
TIME,10,6,2,Time,15630,5648,9982,36.14,48.33,0.69,11.55,3.29,0.0,0.3325,0.5008,0.8333
TIME,2,8,2,Energy,3575,2262,1313,63.27,19.92,0.67,5.01,11.13,0.0,0.2114,0.3187,0.5301
TIME,3,8,2,Energy,5025,2827,2198,56.26,27.38,1.17,3.48,11.7,0.0,0.2367,0.3565,0.5932
TIME,4,8,2,Energy,6422,3327,3095,51.81,32.51,1.34,4.2,10.14,0.0,0.2556,0.3875,0.6431
TIME,6,8,2,Energy,9860,4251,5609,43.11,39.96,1.0,8.72,7.2,0.0,0.2812,0.4256,0.7068
TIME,8,8,2,Energy,12412,5010,7402,40.36,45.3,0.83,8.49,5.01,0.0,0.3332,0.4875,0.8207
TIME,10,8,2,Energy,15792,5492,10300,34.78,50.03,0.94,9.72,4.53,0.0,0.3356,0.4996,0.8352
TIME,2,8,2,Time,3596,2278,1318,63.35,19.8,0.89,4.89,11.07,0.0,0.2252,0.3351,0.5603
TIME,3,8,2,Time,5059,2812,2247,55.58,27.57,0.91,4.31,11.62,0.0,0.2455,0.3629,0.6084
TIME,4,8,2,Time,6502,3323,3179,51.11,32.85,1.08,4.95,10.01,0.0,0.2639,0.3936,0.6575
TIME,6,8,2,Time,9817,4423,5394,45.05,39.82,1.17,6.72,7.23,0.0,0.3022,0.4488,0.751
TIME,8,8,2,Time,12472,5071,7401,40.66,44.86,0.85,8.64,4.99,0.0,0.3133,0.4698,0.7831
TIME,10,8,2,Time,15819,5530,10289,34.96,49.97,0.91,9.64,4.53,0.0,0.3379,0.5055,0.8434
TIME,2,10,2,Energy,3565,2221,1344,62.3,20.95,0.76,2.97,13.02,0.0,0.2188,0.3274,0.5462
TIME,3,10,2,Energy,5097,2655,2442,52.09,29.8,0.8,3.77,13.54,0.0,0.2349,0.3524,0.5873
TIME,4,10,2,Energy,6640,3063,3577,46.13,35.27,1.13,5.59,11.88,0.0,0.2402,0.3661,0.6063
TIME,6,10,2,Energy,10046,4071,5975,40.52,44.26,0.93,5.49,8.8,0.0,0.2774,0.4208,0.6982
TIME,8,10,2,Energy,12808,4637,8171,36.2,47.48,1.0,8.74,6.57,0.0,0.3067,0.4565,0.7632
TIME,10,10,2,Energy,16050,5201,10849,32.4,52.01,1.04,9.27,5.28,0.0,0.3398,0.5,0.8398
TIME,2,10,2,Time,3601,2214,1387,61.48,20.47,1.33,3.83,12.89,0.0,0.2152,0.3225,0.5377
TIME,3,10,2,Time,5067,2663,2404,52.56,30.06,0.67,3.1,13.62,0.0,0.2199,0.337,0.5569
TIME,4,10,2,Time,6635,3143,3492,47.37,35.43,1.06,4.25,11.89,0.0,0.2471,0.3763,0.6234
TIME,6,10,2,Time,10104,3971,6133,39.3,43.46,1.19,7.3,8.75,0.0,0.2687,0.413,0.6817
TIME,8,10,2,Time,12723,4642,8081,36.49,47.5,1.05,8.35,6.62,0.0,0.2967,0.4485,0.7452
TIME,10,10,2,Time,15983,5209,10774,32.59,51.65,1.16,9.29,5.3,0.0,0.3341,0.4941,0.8282
TIME,2,20,0.0,Energy,3172,2823,349,89.0,6.78,0.41,3.81,0.0,0.0,0.1735,0.283,0.4565
TIME,3,20,0.0,Energy,4392,3617,775,82.35,9.77,0.68,7.19,0.0,0.0,0.184,0.305,0.489
TIME,4,20,0.0,Energy,5595,4509,1086,80.59,11.51,0.34,7.56,0.0,0.0,0.214,0.3451,0.5591
TIME,6,20,0.0,Energy,8899,5427,3472,60.98,28.15,0.71,10.16,0.0,0.0,0.2336,0.3801,0.6137
TIME,8,20,0.0,Energy,11829,5804,6025,49.07,39.05,0.44,11.45,0.0,0.0,0.2659,0.4234,0.6893
TIME,10,20,0.0,Energy,15201,6104,9097,40.16,46.24,0.36,13.24,0.0,0.0,0.2894,0.4526,0.742
TIME,2,20,0.0,Time,3174,2874,300,90.55,6.3,0.66,2.49,0.0,0.0,0.1733,0.2829,0.4562
TIME,3,20,0.0,Time,4361,3731,630,85.55,8.85,0.94,4.65,0.0,0.0,0.1956,0.3208,0.5164
TIME,4,20,0.0,Time,5556,4596,960,82.72,10.98,0.81,5.49,0.0,0.0,0.2129,0.3469,0.5598
TIME,6,20,0.0,Time,8762,5521,3241,63.01,27.97,0.35,8.66,0.0,0.0,0.2408,0.3893,0.6301
TIME,8,20,0.0,Time,11737,5922,5815,50.46,38.54,0.72,10.28,0.0,0.0,0.2684,0.425,0.6934
TIME,10,20,0.0,Time,15280,6026,9254,39.44,46.13,0.42,14.01,0.0,0.0,0.2975,0.4592,0.7567
TIME,2,20,0.05,Energy,3187,2828,359,88.74,6.15,0.75,3.51,0.85,0.0,0.1822,0.2933,0.4755
TIME,3,20,0.05,Energy,4388,3731,657,85.03,9.71,0.59,3.9,0.77,0.0,0.1971,0.3218,0.5189
TIME,4,20,0.05,Energy,5613,4413,1200,78.62,12.77,0.5,7.45,0.66,0.0,0.2102,0.3413,0.5515
TIME,6,20,0.05,Energy,8871,5458,3413,61.53,28.52,0.44,8.82,0.7,0.0,0.2454,0.3947,0.6401
TIME,8,20,0.05,Energy,11723,5843,5880,49.84,38.67,0.54,10.48,0.47,0.0,0.2686,0.4287,0.6973
TIME,10,20,0.05,Energy,15272,6070,9202,39.75,46.27,0.43,13.05,0.5,0.0,0.2952,0.4606,0.7558
TIME,2,20,0.05,Time,3177,2769,408,87.16,6.3,0.69,5.0,0.85,0.0,0.1778,0.2878,0.4656
TIME,3,20,0.05,Time,4339,3746,593,86.33,8.69,0.81,3.39,0.78,0.0,0.1894,0.3094,0.4988
TIME,4,20,0.05,Time,5535,4499,1036,81.28,12.5,0.67,4.88,0.67,0.0,0.2067,0.3409,0.5476
TIME,6,20,0.05,Time,8855,5502,3353,62.13,28.07,0.51,8.58,0.7,0.0,0.2456,0.3969,0.6425
TIME,8,20,0.05,Time,11741,5821,5920,49.58,39.44,0.49,10.02,0.47,0.0,0.2756,0.4354,0.711
TIME,10,20,0.05,Time,15314,5977,9337,39.03,46.66,0.35,13.46,0.5,0.0,0.297,0.4631,0.7601
TIME,2,20,0.1,Energy,3154,2805,349,88.93,6.4,0.76,2.6,1.3,0.0,0.1799,0.2893,0.4692
TIME,3,20,0.1,Energy,4382,3701,681,84.46,10.0,0.8,3.54,1.21,0.0,0.1994,0.3179,0.5173
TIME,4,20,0.1,Energy,5643,4436,1207,78.61,13.86,0.55,5.83,1.15,0.0,0.2153,0.3478,0.5631
TIME,6,20,0.1,Energy,8861,5400,3461,60.94,29.11,0.68,8.17,1.11,0.0,0.2598,0.4114,0.6712
TIME,8,20,0.1,Energy,11778,5777,6001,49.05,39.3,0.68,9.99,0.98,0.0,0.279,0.4376,0.7166
TIME,10,20,0.1,Energy,15323,5985,9338,39.06,47.26,0.54,12.24,0.9,0.0,0.3042,0.4704,0.7746
TIME,2,20,0.1,Time,3159,2776,383,87.88,6.77,0.73,3.32,1.3,0.0,0.1817,0.2887,0.4704
TIME,3,20,0.1,Time,4435,3583,852,80.79,10.76,0.61,6.65,1.2,0.0,0.2008,0.3217,0.5225
TIME,4,20,0.1,Time,5684,4340,1344,76.35,14.5,0.65,7.35,1.14,0.0,0.2112,0.3459,0.5571
TIME,6,20,0.1,Time,8881,5376,3505,60.53,29.2,0.72,8.44,1.1,0.0,0.246,0.396,0.642
TIME,8,20,0.1,Time,11753,5902,5851,50.22,38.55,0.71,9.54,0.98,0.0,0.2717,0.4324,0.7041
TIME,10,20,0.1,Time,15310,6073,9237,39.67,47.54,0.54,11.35,0.9,0.0,0.3143,0.4811,0.7954
TIME,2,20,0.2,Energy,3248,2788,460,85.84,7.94,0.71,3.17,2.34,0.0,0.1946,0.3041,0.4987
TIME,3,20,0.2,Energy,4466,3567,899,79.87,11.82,0.65,5.6,2.06,0.0,0.1941,0.3171,0.5112
TIME,4,20,0.2,Energy,5655,4400,1255,77.81,15.26,0.85,3.85,2.23,0.0,0.2185,0.3518,0.5703
TIME,6,20,0.2,Energy,8935,5496,3439,61.51,29.23,0.62,6.82,1.82,0.0,0.2659,0.4164,0.6823
TIME,8,20,0.2,Energy,11787,5727,6060,48.59,39.43,0.62,9.6,1.76,0.0,0.2877,0.4472,0.7349
TIME,10,20,0.2,Energy,15440,5939,9501,38.47,46.63,0.41,12.8,1.69,0.0,0.3194,0.4855,0.8049
TIME,2,20,0.2,Time,3237,2737,500,84.55,8.19,0.46,4.45,2.35,0.0,0.1916,0.3027,0.4943
TIME,3,20,0.2,Time,4457,3519,938,78.95,13.04,0.72,5.23,2.06,0.0,0.1978,0.3199,0.5177
TIME,4,20,0.2,Time,5799,4161,1638,71.75,16.64,0.79,8.64,2.17,0.0,0.2255,0.3584,0.5839
TIME,6,20,0.2,Time,9009,5310,3699,58.94,29.65,0.77,8.84,1.81,0.0,0.2681,0.4192,0.6873
TIME,8,20,0.2,Time,11846,5669,6177,47.86,40.12,0.89,9.38,1.76,0.0,0.2911,0.4525,0.7436
TIME,10,20,0.2,Time,15293,5996,9297,39.21,47.09,0.48,11.52,1.71,0.0,0.3149,0.4804,0.7953
TIME,2,20,0.4,Energy,3247,2666,581,82.11,10.13,0.59,3.54,3.63,0.0,0.1906,0.2981,0.4887
TIME,3,20,0.4,Energy,4496,3497,999,77.78,13.37,0.96,3.45,4.45,0.0,0.2102,0.334,0.5442
TIME,4,20,0.4,Energy,5864,4148,1716,70.74,18.93,1.09,5.61,3.63,0.0,0.2374,0.3712,0.6086
TIME,6,20,0.4,Energy,9124,5217,3907,57.18,31.0,0.75,7.57,3.51,0.0,0.2702,0.4229,0.6931
TIME,8,20,0.4,Energy,11963,5581,6382,46.65,41.23,0.83,8.17,3.13,0.0,0.2969,0.4547,0.7516
TIME,10,20,0.4,Energy,15502,5743,9759,37.05,48.72,0.79,10.44,3.0,0.0,0.3246,0.4905,0.8151
TIME,2,20,0.4,Time,3231,2669,562,82.61,9.66,0.59,3.5,3.65,0.0,0.197,0.3053,0.5023
TIME,3,20,0.4,Time,4486,3474,1012,77.44,13.95,0.85,3.3,4.46,0.0,0.2059,0.3279,0.5338
TIME,4,20,0.4,Time,5793,4248,1545,73.33,18.19,0.79,4.0,3.68,0.0,0.2444,0.379,0.6234
TIME,6,20,0.4,Time,9153,5214,3939,56.96,30.33,0.97,8.24,3.5,0.0,0.286,0.4372,0.7232
TIME,8,20,0.4,Time,12083,5473,6610,45.3,41.3,0.75,9.56,3.1,0.0,0.3029,0.4627,0.7656
TIME,10,20,0.4,Time,15524,5771,9753,37.17,49.43,0.54,9.86,3.0,0.0,0.3302,0.4963,0.8265
TIME,2,20,0.6,Energy,3314,2561,753,77.28,13.01,0.78,3.71,5.22,0.0,0.1987,0.307,0.5057
TIME,3,20,0.6,Energy,4632,3350,1282,72.32,17.55,0.82,3.58,5.72,0.0,0.2118,0.3334,0.5452
TIME,4,20,0.6,Energy,5926,3903,2023,65.86,23.64,0.74,5.21,4.54,0.0,0.2296,0.3622,0.5918
TIME,6,20,0.6,Energy,9370,4846,4524,51.72,33.34,0.75,9.3,4.9,0.0,0.2769,0.4245,0.7014
TIME,8,20,0.6,Energy,12153,5347,6806,44.0,43.82,1.01,7.09,4.08,0.0,0.3123,0.4688,0.7811
TIME,10,20,0.6,Energy,15674,5556,10118,35.45,50.42,0.86,9.07,4.2,0.0,0.334,0.4968,0.8308
TIME,2,20,0.6,Time,3321,2597,724,78.2,12.35,0.63,3.61,5.21,0.0,0.2024,0.3109,0.5133
TIME,3,20,0.6,Time,4660,3328,1332,71.42,17.32,0.84,4.74,5.69,0.0,0.216,0.3397,0.5557
TIME,4,20,0.6,Time,5946,3919,2027,65.91,22.91,0.96,5.7,4.52,0.0,0.234,0.3683,0.6023
TIME,6,20,0.6,Time,9334,4971,4363,53.26,34.41,0.86,6.56,4.92,0.0,0.2829,0.4341,0.717
TIME,8,20,0.6,Time,12218,5258,6960,43.03,43.17,0.99,8.75,4.06,0.0,0.3099,0.4684,0.7783
TIME,10,20,0.6,Time,15666,5613,10053,35.83,50.08,0.8,9.09,4.2,0.0,0.3311,0.4961,0.8272
TIME,2,20,0.8,Energy,3312,2540,772,76.69,13.1,0.75,3.05,6.4,0.0,0.2012,0.3115,0.5127
TIME,3,20,0.8,Energy,4721,3233,1488,68.48,19.21,0.95,4.68,6.67,0.0,0.2266,0.3495,0.5761
TIME,4,20,0.8,Energy,6090,3747,2343,61.53,25.88,0.82,5.5,6.27,0.0,0.2363,0.371,0.6073
TIME,6,20,0.8,Energy,9506,4680,4826,49.23,36.7,0.78,7.15,6.13,0.0,0.2854,0.4333,0.7187
TIME,8,20,0.8,Energy,12339,5073,7266,41.11,45.03,1.15,6.79,5.92,0.0,0.3167,0.4735,0.7902
TIME,10,20,0.8,Energy,15922,5327,10595,33.46,51.18,0.85,9.35,5.16,0.0,0.3406,0.503,0.8436
TIME,2,20,0.8,Time,3350,2540,810,75.82,13.37,0.63,3.85,6.33,0.0,0.2,0.3097,0.5097
TIME,3,20,0.8,Time,4702,3261,1441,69.35,19.16,1.04,3.74,6.7,0.0,0.2238,0.3491,0.5729
TIME,4,20,0.8,Time,6135,3768,2367,61.42,25.95,0.93,5.48,6.23,0.0,0.2412,0.3759,0.6171
TIME,6,20,0.8,Time,9548,4605,4943,48.23,37.41,0.89,7.36,6.11,0.0,0.2747,0.4226,0.6973
TIME,8,20,0.8,Time,12390,5049,7341,40.75,43.68,0.96,8.72,5.89,0.0,0.3046,0.4619,0.7665
TIME,10,20,0.8,Time,15874,5344,10530,33.67,52.0,1.08,8.07,5.18,0.0,0.3256,0.487,0.8126
TIME,2,20,1.0,Energy,3432,2449,983,71.36,15.41,0.44,5.01,7.78,0.0,0.2135,0.3228,0.5363
TIME,3,20,1.0,Energy,4840,3100,1740,64.05,21.82,0.81,5.02,8.31,0.0,0.2323,0.3514,0.5837
TIME,4,20,1.0,Energy,6257,3574,2683,57.12,28.69,0.96,6.09,7.14,0.0,0.2402,0.3744,0.6146
TIME,6,20,1.0,Energy,9707,4364,5343,44.96,39.27,0.94,6.97,7.86,0.0,0.2642,0.4094,0.6736
TIME,8,20,1.0,Energy,12602,4849,7753,38.48,47.16,0.98,6.65,6.74,0.0,0.2969,0.4529,0.7498
TIME,10,20,1.0,Energy,16006,5185,10821,32.39,52.7,1.34,6.97,6.6,0.0,0.3271,0.4897,0.8168
TIME,2,20,1.0,Time,3397,2470,927,72.71,15.48,0.94,3.0,7.86,0.0,0.2003,0.309,0.5093
TIME,3,20,1.0,Time,4785,3111,1674,65.02,21.88,0.77,3.93,8.4,0.0,0.2258,0.3497,0.5755
TIME,4,20,1.0,Time,6189,3623,2566,58.54,28.23,0.82,5.19,7.22,0.0,0.2467,0.3816,0.6283
TIME,6,20,1.0,Time,9679,4430,5249,45.77,39.45,0.77,6.13,7.88,0.0,0.2668,0.412,0.6788
TIME,8,20,1.0,Time,12651,4864,7787,38.45,47.22,1.15,6.47,6.71,0.0,0.3038,0.4593,0.7631
TIME,10,20,1.0,Time,16053,4988,11065,31.07,52.16,0.93,9.25,6.58,0.0,0.3069,0.4656,0.7725
