mu = 30 lambda = 0.5	mu = 30 lambda = 1	mu = 30 lambda = 1.5
108.9935347	126.1445688	148.1871159
100.1722249	114.6171124	138.9828147
98.22616312	106.4630332	113.8230816
96.53358846	105.1175939	104.7780048
86.40652711	99.29954031	100.2404601
84.86051327	96.70748058	96.12528709
83.91181104	94.23967882	93.86208179
81.35595598	94.21625263	88.94833148
81.22785342	92.36897782	88.01484712
81.03409994	88.25005293	85.50034997
76.64095637	85.27405124	84.84744865
74.34879945	84.47826303	82.80279424
74.19475299	80.44889158	80.40952581
71.47140189	76.40006976	76.64312777
71.11765093	75.9012959	75.31038408
70.13641022	73.12327746	70.6510949
69.38753803	72.55448064	70.42782631
67.62716097	72.28246793	68.89976738
67.38491129	69.18695697	67.91890149
66.05604454	69.1696649	67.5028296
65.96501269	68.17681005	66.92784234
64.50770987	67.41238757	65.9585964
63.64597437	66.82245052	65.7642715
63.27513952	66.61426374	64.59616787
62.40106083	65.90955435	64.44368408
61.84735016	65.8938379	64.10794657
61.8411604	65.50646824	64.06089701
60.5851587	65.41646724	63.8012484
60.16312193	64.17184034	63.58936999
59.34722856	63.85894368	63.08769431
57.12581856	62.78362585	62.34816141
56.95751987	62.66691033	61.43019128
56.75963365	62.23651175	61.07889573
56.084094	61.87894607	60.72325092
56.00782251	61.60659864	60.36924718
55.96160947	61.21806048	60.20026155
55.70016951	61.09555823	59.9280518
55.23766151	60.98094455	58.54392649
54.90355695	60.94712192	58.31718437
54.78449914	60.82178218	58.09844571
54.58093429	59.84016198	57.97202351
54.56528587	58.37527679	57.87391049
54.49705153	58.36162297	57.79975396
54.36776879	57.87022778	56.71334451
53.3187175	57.8001041	56.44817757
53.2760867	56.44439938	56.22101646
52.35660585	56.22073198	55.63564189
52.27305554	56.21450656	55.50085154
52.22659873	56.18348404	55.09403981
52.09606758	55.40149436	54.85727811
51.99809113	51.9813625	54.78184399
51.97950995	51.88783935	54.61309911
50.41641936	51.52842402	54.22335918
50.12670901	51.3845514	52.68697883
48.61100615	51.29473913	52.41123113
48.04426584	51.06379299	51.91376495
47.75430459	50.94823232	51.65799719
47.65478263	50.76269441	49.49787619
47.43050751	50.7478885	49.2710462
47.33751759	50.48165406	48.47260942
47.27731335	50.23174294	48.32786073
47.16847238	50.06661497	48.01352114
47.0092506	50.01671484	47.10146868
45.84661832	49.72907934	46.70410565
45.70132801	49.45326775	46.29989189
45.63277213	49.18743449	46.16382236
45.12405921	49.11030592	46.02923447
45.04445911	49.04423377	45.78407908
44.85915535	48.8323427	45.50423268
44.34577637	47.91916643	44.54697623
44.16963321	47.49719284	44.54047356
44.1677834	46.80589319	44.20326673
44.11595338	46.44019171	44.11566152
44.02747841	46.42077617	43.33122693
43.95068328	45.83694602	43.01721919
43.77411952	45.58073334	41.89739415
43.62576169	45.5773842	41.58490262
43.57539051	45.4470314	41.42421255
43.44696157	45.40603539	41.22880044
43.31306971	45.26660397	40.94617324
43.26499016	44.59587122	40.7288394
43.14676722	44.42666744	39.9691569
43.10979279	44.31906941	39.5249554
42.86725427	43.996862	39.5084847
42.77920532	43.92794856	38.97633418
42.72750646	43.76506957	38.89045605
42.64544431	43.64518493	38.83885323
42.51364047	43.35707375	38.73925763
42.45123627	43.33708886	37.75057322
42.29264087	43.2574655	37.44374887
42.28254263	43.1817462	37.04304102
42.24171517	43.16099224	36.9853472
42.19444113	42.56915055	36.97856916
41.96285233	42.45763628	36.7301366
41.4911073	42.08574508	36.55767714
41.48471064	41.68713787	36.48419835
41.05023831	41.63697073	36.26197983
40.87374268	41.34068918	36.222932
40.47394039	41.23355572	36.0651197
40.20324264	40.28370761	36.04566559
39.89988062	40.2217806	35.58451939
39.10376767	40.19323577	35.04991573
38.84881326	39.87169743	34.99757293
38.83148378	38.3233084	34.99238581
38.77512126	38.21877741	34.36238251
38.63067666	37.58033302	34.20054937
38.59307568	37.44911297	33.12930098
38.49848104	37.4053506	32.76451992
38.46970264	37.39844071	32.42735778
38.35377324	37.23794792	31.47440668
38.31574953	36.99691587	31.32363638
38.04939407	36.72574461	31.09869185
37.5617905	36.71227442	30.98301723
37.53806411	36.45261215	30.55660973
37.52532997	36.43381548	30.31744281
37.50165681	36.38345568	29.80014485
37.33903901	36.07907171	29.80011783
37.10163589	35.92337644	29.73920734
36.93185532	35.72056039	29.52599754
36.92376944	35.49857791	28.9337884
36.62836648	35.35392159	28.84276167
36.25944951	35.02843025	28.6928495
36.11178094	34.84409854	28.62620596
35.9317219	34.45901147	28.49357695
35.81054554	34.01677811	28.1716503
35.69242149	34.01492778	27.98536266
35.62600808	33.965781	27.93586454
35.62136843	33.89534045	27.92467733
35.59142087	33.54056189	27.656701
35.56807122	33.37231216	27.27528728
35.27942008	33.36012488	27.15290049
35.13290808	33.21324856	26.92630895
35.07222852	33.09155876	26.71426296
35.0167443	33.0745454	26.59339095
34.97767222	33.07279442	26.58981959
34.75184478	32.96625645	26.56726706
34.74662079	32.67024378	26.55536458
34.6972131	32.6554494	26.28948822
34.67483681	32.64848758	26.08783224
34.54072149	32.6026601	26.05040028
34.49714951	32.47399581	25.83091219
34.46729444	32.45705241	25.69794484
34.37769511	32.14974584	25.69039852
34.16890761	31.84893	25.64114125
34.13645293	31.73154822	25.45307592
33.9503899	31.59856351	25.41335978
33.82736581	31.48925079	25.38927222
33.75176756	31.41753448	24.99285583
33.65727441	31.4145359	24.96615573
33.62400946	31.39600185	24.88237804
33.61378641	31.02019949	24.74911774
33.5082188	30.72878145	24.69243535
33.40729366	30.69663143	24.33111488
33.39173114	30.6799967	24.30759922
33.3043185	30.64756861	24.30628003
32.99667476	30.63260734	24.29178225
32.96428448	30.56475424	24.22925307
32.9341442	30.54987466	24.19590908
32.74360023	30.50707515	24.04709626
32.66825225	30.43448858	23.74289271
32.5284413	30.41850939	23.35851135
32.50330465	30.27373626	23.28550484
32.27878669	30.14048175	22.97628759
32.26029158	30.07851013	22.86202836
32.16182009	29.58406359	22.74871406
32.14541468	29.45094233	22.65882679
31.83025559	29.36256787	22.62671925
31.649743	29.2009813	22.55540239
31.56288801	28.59451424	22.51038394
31.28061757	28.56784798	22.3183237
31.23798903	28.47113633	22.29887172
31.21278714	28.26096559	22.00471704
31.19799737	27.93324633	21.64647963
30.79611675	27.56574063	21.63348783
30.57704929	27.48925952	21.62886817
30.57121694	27.30751033	21.62096415
30.46758466	27.1609319	21.55856238
30.3193125	27.09771151	21.4510347
30.29498587	27.00347242	21.31332802
30.22397137	26.68727453	21.28045216
30.09902563	26.65058533	21.24554904
29.80806819	26.52720601	21.14564368
29.71537219	26.33146624	21.10749328
29.69178545	26.21036497	21.03270986
29.63937364	26.05533378	20.62462071
29.40753264	25.85650138	20.53590648
29.262196	25.84049632	20.07233471
29.21495666	25.80142427	20.02230846
29.05044141	25.28195086	19.97460778
28.9894659	25.08384108	19.91755054
28.98533707	24.82850296	19.83817777
28.77195764	24.75386128	19.57493464
28.75236345	24.69303183	19.46403562
28.57371814	24.61436294	19.41167711
28.51126647	24.41779085	18.97571107
28.50267391	24.28070724	18.95625457
28.48583005	24.2734186	18.86561662
28.41890905	24.24074361	18.73796831
28.38764125	24.20413214	18.38933539
28.11968108	24.18023208	18.20498636
28.1046551	24.08641975	18.1812084
28.06009264	23.97727513	18.10288786
28.01934525	23.84521695	18.05129827
27.98643088	23.83138913	18.0211717
27.79087114	23.81260636	17.99304133
27.78813961	23.78067154	17.94989684
27.78703889	23.57214771	17.92232609
27.76824932	23.47107125	17.69207974
27.65940321	23.37186695	17.66182955
27.65393152	23.33408342	17.6073429
27.47954839	23.26615717	17.50759959
27.46869816	23.17892322	17.39465025
27.46464644	22.94319124	17.38748136
27.38621751	22.9232623	17.37249011
27.26047985	22.88840916	17.37171523
27.20829887	22.66276885	17.14540218
27.14684218	22.4822257	17.10014154
27.11522562	22.42750307	16.94163104
27.01104112	22.41220651	16.75178007
27.00533855	22.24579191	16.61606851
26.99799967	22.15807582	16.2945221
26.87390843	22.05384108	16.24100182
26.85487343	22.04607127	16.11533776
26.43453124	21.98468783	16.08641824
26.33331455	21.9522849	16.00464789
26.26064549	21.91263266	15.84586284
26.22496805	21.89817868	15.84504196
26.07494408	21.89273424	15.69446647
26.04475772	21.8798065	15.67358901
25.9869053	21.87493	15.54978625
25.98500043	21.80575439	15.39094862
25.9544376	21.76941126	15.11739073
25.87786662	21.66439031	15.00662044
25.86171005	21.60886906	15.00226391
25.83528511	21.50385283	14.85941332
25.76309078	21.07491027	14.76361514
25.76111205	20.97037508	14.63318384
25.71383491	20.95064655	14.57138482
25.61741673	20.6827858	14.47839065
25.59050246	20.3890071	14.29872524
25.55241928	20.35768082	14.26351109
25.50792273	20.22477177	14.21562703
25.50391722	19.80181764	13.97287069
25.46687807	19.78619929	13.19273294
25.39790423	19.78239356	13.19125854
25.34592699	19.62174798	13.0854771
25.33237331	19.48230029	13.00958036
25.28773532	19.41883922	12.94082065
25.20957417	19.41354011	12.90999969
25.20508684	19.28042025	12.90276141
25.17703462	19.26231932	12.87292103
25.09284246	19.21726716	12.83252315
25.07962823	19.17061484	12.76729431
25.06394405	19.06685785	12.56060353
25.05300342	18.90392717	12.47413816
24.76361945	18.89978978	12.4681408
24.759862	18.82910184	12.27247524
24.71542327	18.81936399	12.19505923
24.56826925	18.60067346	11.95814065
24.53167591	18.56118223	11.91596062
24.46564353	18.39726124	11.88426433
24.40546129	18.20683876	11.76259514
24.33384796	18.14367609	11.5523587
24.17114377	17.89961767	11.52771795
23.95349075	17.80457566	11.51630949
23.93032176	17.69059855	11.49243397
23.85141998	17.63327653	11.45762818
23.57787871	17.56577403	11.22179522
23.53071524	17.56362039	11.21095075
23.46494415	17.42640299	11.15954058
23.42189203	17.29686648	11.13656893
23.40677807	17.22148205	11.1033589
23.2385869	17.11446207	11.02801587
23.14111078	16.53955815	10.91868386
22.953251	16.3890069	10.90419694
22.76778221	16.38729417	10.8266946
22.73582506	16.24169356	10.78810654
22.57149832	16.08252098	10.51290442
22.50686485	15.86518372	10.48940106
22.36044868	15.75342002	10.42773013
22.32289595	15.65734107	10.32761313
22.24592105	15.61475161	10.3173573
22.1524081	15.59301696	10.16920269
22.09191307	15.59003781	10.02512274
21.99275607	15.56516562	9.976159585
21.95712908	15.48499384	9.812342427
21.94873376	15.44727843	9.654757131
21.8489384	15.28067474	9.4103271
21.84745781	15.16551692	9.400531901
21.74036763	15.12406611	9.349380725
21.7245833	15.06465694	9.240445873
21.66577114	15.03268508	9.130598803
21.61953658	14.94313908	9.058664397
21.5660301	14.92792379	9.021845712
21.53959513	14.92409547	8.998132814
21.49416974	14.73158903	8.93003014
21.46890677	14.60949034	8.887995215
21.42504865	14.56305428	8.841211416
21.41512776	14.47076502	8.717041991
21.37554538	14.26257359	8.596265683
21.31362218	14.22023427	8.593702726
21.20218438	13.63521645	8.301902413
21.19428619	13.62288373	8.251523897
21.13845268	13.56991961	8.238061094
21.06889471	13.50557441	7.90741596
21.03148427	13.4598246	7.831160885
20.99533898	13.44915902	7.821961811
20.90853997	13.38218457	7.781838751
20.81721061	13.13665136	7.743752801
20.75199397	13.1059421	7.724478038
20.61463919	13.04328783	7.692441506
20.55013459	13.02910355	7.628737717
20.4754732	13.02212468	7.627227135
20.4555342	12.97031416	7.609750691
20.44337322	12.9568076	7.597424658
20.35798418	12.95068535	7.519950717
20.30809631	12.86064755	7.470332315
20.29261677	12.78331003	7.467401156
20.24131784	12.7748827	7.338301708
20.11514453	12.75621508	7.303867332
20.10270525	12.7314382	7.229727779
20.06509136	12.72614911	7.221289692
19.96396531	12.68702694	7.213059419
19.95817844	12.60794594	7.136144781
19.91871864	12.522404	7.052360791
19.87433308	12.51400992	7.028927899
19.8579353	12.48791523	7.01404915
19.77765776	12.41930883	6.946280365
19.73008156	12.39618262	6.902716536
19.56415415	12.29928519	6.710621466
19.52373608	12.28563187	6.683816188
19.41269664	12.16037839	6.591166059
19.39604814	12.15345957	6.58760944
19.35304033	12.14070985	6.528121141
19.16532843	12.06784338	6.490088713
19.14987242	11.97863051	6.436108476
19.10481573	11.77068015	6.366874469
19.06468678	11.69436836	6.100422091
19.00024315	11.6530748	6.040620276
18.9587193	11.42801667	6.000966275
18.77113392	11.17460168	5.952988191
18.71357769	11.15326163	5.895588033
18.54050622	11.14979486	5.803213784
18.50635538	11.12099418	5.771860852
18.45385036	10.94989939	5.519618787
18.39590258	10.94226614	5.361108941
18.38857971	10.86435196	5.326767136
18.33938546	10.85553099	5.271401103
18.27731479	10.72401577	5.138150285
18.26196406	10.59264363	4.84552005
18.21652884	10.57543252	4.6881908
18.21337118	10.57025652	4.649820473
18.1587631	10.55871539	4.485001762
18.10351212	10.519204	4.396234436
18.09212793	10.12084882	4.379488679
18.06711441	9.998847499	4.293510708
17.97677801	9.967304095	4.244807664
17.94320739	9.953670482	4.207765298
17.92539943	9.827853578	4.122043218
17.86684834	9.821296794	4.022726246
17.72491311	9.776738142	3.972618883
17.61336748	9.726326546	3.939722399
17.5902782	9.707837249	3.930356341
17.53266403	9.650709046	3.928667701
17.53249078	9.613430179	3.91560211
17.29970234	9.391598555	3.877948642
17.23826116	9.344610406	3.864007209
17.14487855	9.244021257	3.812392306
17.10564012	9.178212946	3.769345715
17.0834842	9.038741534	3.718965525
17.06256572	9.007046684	3.679560983
17.05626801	8.992266907	3.67439528
16.88740843	8.960676665	3.664208968
16.87192089	8.94003713	3.630210774
16.82078037	8.928788405	3.53135181
16.81897142	8.905329881	3.15908267
16.78158746	8.882052374	3.15674441
16.7303426	8.864028192	3.081277555
16.6716592	8.837044182	2.922264087
16.65156693	8.835599606	2.916212319
16.63708491	8.829498106	2.836942987
16.53172798	8.792711721	2.752843839
16.50846925	8.699048061	2.550281667
16.45121737	8.658800818	2.539559284
16.44810914	8.419831304	2.465358041
16.4288584	8.336474504	2.442426963
16.42214585	8.326830107	2.390158568
16.38749141	8.289477019	2.332195289
16.34755326	8.276780946	2.307836245
16.34560362	8.209237582	2.272637064
16.34367618	8.200609903	2.197685181
16.31799769	8.180474529	2.107044895
16.29674539	8.173707683	1.976259089
16.24219551	8.169381329	1.839826081
16.19597734	8.070997317	1.793422434
16.17651999	8.06676026	1.757795922
16.15122773	8.017682827	1.681386023
16.0684254	7.988769107	1.642283854
16.02452835	7.874542287	1.607622315
15.99280192	7.790101746	1.528025333
15.91566055	7.747486395	1.357301898
15.90250609	7.642685083	1.326484332
15.90219639	7.482041583	1.320360848
15.88670579	7.38393017	1.208393936
15.88536749	7.346793562	1.073990792
15.85375336	7.272600573	0.961302864
15.76896686	7.187679855	0.841692219
15.7326717	7.160980502	0.797661233
15.67780438	7.144804829	0.732600197
15.66566915	7.116450994	0.665006685
15.65437882	7.067237628	0.518900424
15.65102343	7.033831632	0.360632926
15.65029462	7.025412093	0.300180319
15.6460721	6.990962442	0.203251089
15.57304534	6.969977797	0.182904215
15.42480315	6.874372735	0.007202617
15.40298737	6.836395772
15.38069702	6.820053949
15.37433328	6.816411858
15.36322698	6.688943422
15.30030003	6.660797355
15.29438579	6.63251251
15.27183896	6.631582158
15.23021055	6.597085161
15.20224327	6.589363183
15.17316517	6.526804462
15.09022403	6.379104883
15.05418857	6.358533626
15.05260013	6.296795612
15.03526028	6.218964452
14.99938072	6.129500742
14.98256664	6.073992398
14.94403683	6.019810327
14.88827324	5.927350856
14.84363193	5.83810762
14.84087599	5.773109769
14.82654734	5.733966343
14.80479759	5.675296349
14.77157098	5.645971339
14.68085092	5.621780992
14.66721588	5.503434569
14.61417278	5.457437249
14.57971996	5.437962767
14.47428347	5.327561238
14.39721122	5.286496037
14.38018197	5.204427888
14.25368678	5.159618512
14.23841377	5.104823373
14.2129668	5.093149446
14.2046429	4.963916813
14.17788913	4.953778569
14.1715685	4.875452227
14.1551244	4.748183915
14.14280829	4.708675257
14.12686399	4.691997597
14.09263487	4.687000838
14.07044017	4.45997475
14.05475596	4.432435951
13.92710856	4.400594089
13.84533558	4.390439684
13.81129789	4.377950867
13.78782162	4.338208735
13.77150303	4.315543189
13.76031087	4.315152894
13.64729133	4.259155196
13.644102	4.203793331
13.62197695	4.125193825
13.60870624	4.096919196
13.60718311	4.064174922
13.58185323	3.953504085
13.57300267	3.903568193
13.56149588	3.812877961
13.55783076	3.728190625
13.53714314	3.535714429
13.52533239	3.519772714
13.52189994	3.466485175
13.51097844	3.459363553
13.4192942	3.440602137
13.37976808	3.435378276
13.36725092	3.22813789
13.34616148	3.215531367
13.32915176	3.138802802
13.08525859	3.113217908
13.06955072	3.05715808
13.05254274	3.008080124
12.98389937	2.920458117
12.97077647	2.886638548
12.95313083	2.83390966
12.86777003	2.808988108
12.85149303	2.75270785
12.83582151	2.741772653
12.79810903	2.723071119
12.78106907	2.613575252
12.7315349	2.567980944
12.67890267	2.518731533
12.6649995	2.492353421
12.64931811	2.472186288
12.5842331	2.438627458
12.56331547	2.43594828
12.53737489	2.371962032
12.53004755	2.336739386
12.48038624	2.331991549
12.46449392	2.30468613
12.42789792	2.253036602
12.41579552	2.21065555
12.36447496	2.210330685
12.36391455	2.108253158
12.35397839	2.103521465
12.31673695	2.077263773
12.30265734	2.063605814
12.28119087	2.04232725
12.27176203	2.022303349
12.23388223	2.019410457
12.22938095	1.985070618
12.22525613	1.934454055
12.20942153	1.867613025
12.17497364	1.688770219
12.05273042	1.589351209
12.04403082	1.584720476
11.96763621	1.521716798
11.86693204	1.495753031
11.85595289	1.466131436
11.8423683	1.374249973
11.81340635	1.335535561
11.81236734	1.291619553
11.79956908	1.284908733
11.78026577	1.279848878
11.72187414	1.235598414
11.70407565	1.235071711
11.68793224	1.223486139
11.68400018	1.218417346
11.5711785	1.145105303
11.53982456	1.096422665
11.51734016	1.095167916
11.51040366	1.050458199
11.43645153	0.954512952
11.3741001	0.938234054
11.34653385	0.91783246
11.322422	0.914556021
11.28801029	0.726993219
11.28262013	0.685544404
11.28094795	0.638715898
11.26202732	0.55850119
11.22080392	0.532756552
11.21424504	0.483852441
11.17542371	0.396389709
11.13705487	0.370723124
11.12941026	0.341212783
11.12311186	0.307958541
11.11921856	0.298517006
11.08476695	0.271760856
10.97336095	0.254716743
10.96399245	0.241051591
10.88753155	0.130275853
10.87155745	0.119965695
10.84161214	0.115970989
10.83541401	0.041215166
10.83357859	0.030484397
10.80367647	0.017361867
10.76098958
10.74702524
10.74365167
10.73422233
10.73314271
10.72721672
10.72147601
10.60770076
10.60321403
10.57648918
10.49725559
10.48960098
10.3193486
10.23194387
10.23070599
10.21383635
10.20239444
10.18012386
10.16564811
10.1540427
10.13873314
10.10782911
10.10086351
10.05717689
9.98722744
9.95862249
9.924494154
9.871125075
9.862391221
9.858142645
9.842723617
9.79829246
9.778986973
9.757813354
9.727697418
9.715294867
9.697552069
9.694987258
9.694527165
9.614509068
9.594992026
9.590264909
9.506998639
9.497987484
9.486765508
9.466967995
9.465474265
9.408049918
9.39584935
9.375703566
9.371210734
9.368056989
9.361846947
9.359862686
9.337128637
9.323539606
9.220434718
9.192158714
9.1404152
9.094370884
9.023381676
8.993080195
8.989831377
8.983733625
8.972086055
8.916401224
8.897455312
8.893278201
8.869676179
8.864669416
8.86290331
8.833258479
8.794994706
8.767026713
8.765101864
8.735795268
8.735655136
8.714286141
8.594048678
8.583570395
8.522367779
8.500551142
8.460149609
8.454452774
8.447757253
8.443417399
8.424728433
8.419897436
8.319823205
8.309131032
8.296637469
8.294104198
8.292472587
8.288693822
8.262283121
8.212086241
8.145160911
8.138893152
8.129320806
8.108339351
8.097213177
8.066077423
8.020659179
7.96498613
7.864428709
7.85696287
7.855281666
7.828364742
7.793208497
7.742399538
7.73720752
7.727445366
7.714291492
7.708844381
7.692845339
7.678807573
7.628921203
7.594444306
7.5857012
7.572678255
7.536695442
7.509567742
7.508792438
7.506314895
7.499676777
7.495462533
7.494924842
7.431860572
7.40400945
7.389125899
7.363648471
7.359847424
7.356354398
7.320298581
7.313633539
7.299157069
7.271185668
7.232689015
7.223279315
7.190124953
7.142612635
7.139688797
7.10635347
7.044465427
7.029658347
7.008009295
6.98993654
6.945553102
6.908463603
6.832806597
6.758355526
6.705010327
6.681981259
6.674625999
6.668328891
6.647887718
6.642495694
6.636137426
6.620423879
6.598894223
6.528504959
6.51827218
6.506159395
6.489612
6.456026762
6.438023951
6.399994455
6.398891235
6.396259572
6.390585613
6.390402518
6.350944924
6.326984517
6.320694667
6.313694058
6.312387837
6.304238075
6.288804044
6.278985609
6.274026589
6.200604978
6.061903927
6.030934036
6.010789611
5.993639191
5.939711984
5.928433209
5.89677258
5.872739737
5.855210863
5.835808671
5.820807558
5.771022351
5.751764054
5.729058024
5.676228197
5.639676682
5.633414015
5.629319549
5.613337707
5.609472171
5.589892783
5.537221988
5.533738997
5.523093508
5.384605759
5.381135856
5.373763558
5.342950958
5.308100429
5.306752159
5.278418007
5.276576081
5.260534252
5.254864876
5.249504278
5.21957191
5.207663972
5.159370522
5.084471442
5.063257491
5.053918834
5.047726009
5.04499795
5.035872321
5.009782094
5.007455552
4.949605875
4.931847884
4.917735128
4.910202517
4.897759808
4.884933148
4.881351624
4.876173674
4.842822082
4.837932654
4.829015208
4.821225264
4.811172036
4.783404832
4.757665854
4.751789573
4.69942099
4.68315865
4.677722093
4.677371601
4.668576175
4.607336386
4.59315084
4.551276531
4.539876883
4.513976488
4.50245788
4.460031684
4.449315712
4.435687214
4.427380182
4.402433403
4.398786437
4.393827428
4.36776423
4.359203175
4.328889132
4.319484719
4.262112162
4.251772893
4.205354421
4.198111878
4.184362859
4.173751769
4.152661505
4.15236849
4.117133865
4.109945892
4.094884884
4.084292687
4.083983367
4.072225997
4.062063038
4.061283382
4.010386032
4.005333334
4.001220311
3.982787206
3.974421279
3.945598484
3.937731156
3.92815963
3.918674008
3.914095876
3.888868273
3.828908157
3.827740966
3.827477298
3.809497557
3.802489414
3.769620554
3.76019172
3.736770392
3.712419184
3.707871608
3.699018404
3.692034812
3.662901746
3.621264679
3.607198373
3.604062213
3.577677072
3.572672601
3.559297075
3.541958011
3.531438674
3.507534852
3.497190021
3.489784539
3.472160112
3.455733159
3.441100655
3.432260577
3.424311994
3.422135293
3.313515837
3.307106236
3.2953198
3.246736853
3.235310054
3.234148898
3.231627084
3.223802899
3.173216277
3.171612851
3.135298452
3.105446386
3.079824933
3.062019432
3.032541385
2.999279783
2.997355788
2.972810564
2.958223492
2.947356324
2.939104266
2.925581939
2.861583273
2.852594867
2.847778683
2.845164677
2.841371026
2.840217197
2.8329589
2.8314604
2.78508711
2.771991578
2.716321855
2.713365856
2.709459282
2.665403596
2.642053877
2.633351287
2.589393266
2.575257807
2.566688021
2.555592964
2.517029761
2.514467772
2.498744203
2.468551941
2.459868635
2.441043421
2.435118396
2.425331337
2.394121227
2.391913282
2.391781627
2.372703972
2.338023945
2.331786813
2.324810906
2.322494397
2.316975088
2.290875514
2.277560137
2.243164731
2.218217395
2.213631917
2.210557747
2.191468742
2.189292014
2.181067505
2.180329838
2.176529163
2.16885739
2.137248861
2.121225301
2.111049877
2.106837449
2.102205915
2.093561353
2.052551422
2.002833151
2.001897472
1.998875259
1.974649503
1.962866007
1.96131556
1.95997964
1.952728691
1.94741828
1.932236564
1.870201139
1.869587177
1.861510524
1.858528146
1.856836522
1.845294252
1.844760904
1.824891211
1.800498247
1.780291956
1.744878246
1.696988652
1.692822132
1.691767209
1.664050875
1.660286494
1.648541483
1.636043918
1.611365247
1.610909376
1.587658962
1.573586527
1.534431827
1.504282947
1.469387161
1.461646693
1.446371078
1.424904043
1.416252703
1.39466085
1.38332993
1.374634717
1.360745564
1.328759301
1.325386307
1.280602699
1.274568587
1.27174525
1.257903779
1.201752481
1.19392212
1.187478972
1.185313196
1.177135523
1.169739341
1.156367723
1.146302824
1.142330904
1.126363485
1.121329925
1.116701171
1.100063292
1.090921814
1.086561148
1.067396177
1.057895469
1.024601405
1.020722828
1.001032306
0.994420679
0.933551373
0.930361
0.904742548
0.886557544
0.88498896
0.880738752
0.869340231
0.867693464
0.865672493
0.865096655
0.840187544
0.830712409
0.768325442
0.762939526
0.730975022
0.724117362
0.71918595
0.687053664
0.666097972
0.653638992
0.627343788
0.598301162
0.577182792
0.569294542
0.542122182
0.527975458
0.524063502
0.51038776
0.508122035
0.50607942
0.502352554
0.471719184
0.469687626
0.435154058
0.413334094
0.407305954
0.369263465
0.359801431
0.34867486
0.314244141
0.30080612
0.272405482
0.202400046
0.190260814
0.181437904
0.171608454
0.157572632
0.100806262
0.095752242
0.091725922
0.089523654
0.088083716
0.084026588
0.078124613
0.071364753
0.049957399
0.044323341
0.043427259
0.035120884
0.025960836
