Seed,TotalTasks,Arrived,Expired,OutOfBuff,OnSim
13,161,161,0,0,0
23,166,166,0,0,0
33,148,148,0,0,0
43,149,149,0,0,0
53,133,133,0,0,0
63,148,148,0,0,0
73,154,154,0,0,0
83,156,156,0,0,0
93,131,131,0,0,0
103,153,153,0,0,0
113,154,154,0,0,0
13,188,188,0,0,0
13,188,188,0,0,0
13,188,0,0,0,0
13,188,188,0,0,0
13,188,188,0,0,0
13,188,188,0,0,0
13,187,187,0,0,0
13,187,187,0,0,0
13,187,187,0,0,0
13,187,187,0,0,0
13,187,187,0,0,0
13,187,187,0,0,0
13,187,187,0,0,0
13,187,187,0,0,0
13,187,187,0,0,0
13,187,187,0,0,0
13,187,187,0,0,0
13,187,187,0,0,0
13,187,187,0,0,0
13,187,187,0,0,0
13,187,187,0,0,0
13,144,144,0,0,0
13,144,144,0,0,0
13,144,144,0,0,0
13,144,144,0,0,0
13,144,144,0,0,0
13,144,144,0,0,0
13,144,144,0,0,0
13,144,144,0,0,0
