Task ID,Task Priority,Arrival time in system,arrival_time_task_queue,Start Time,End Time,Execution time,Time in system,Time in queue,Server Name,Num Hops,Queue length,original_TaskPriority,estimated_execution_time,transfer_time ,Utility,TMAX_exceeded,Exec_after_set
71,low,105.53389519404755,0,0,0,0,0,0,STARLINK-5683,6,0,low,185.79616789056212,0.09256776059572111,432.6842618387312,True,False
72,low,105.95855763352426,0,0,0,0,0,0,STARLINK-5683,6,0,low,217.3814987992592,0.07002000070453995,464.24704498753704,True,False
73,low,107.0980398886011,0,0,0,0,0,0,STARLINK-5683,6,0,low,86.25363996210626,0.09504889900499001,333.14421504868454,True,False
76,high,114.02434122476433,0,0,0,0,0,0,STARLINK-5683,6,0,high,29.90101298226602,0.07800354386239645,153.37677961991506,True,False
69,low,104.85406295963804,104.93583791397417,104.93583791397417,228.33360100776082,123.39776309378665,123.47953804812278,0.0,STARLINK-5683,2,0,low,123.39776309378665,0.08177495433613208,346.49979525210847,False,False
90,low,134.8441002819381,0,0,0,0,0,0,STARLINK-30229,6,0,low,207.64914299124453,0.07949636626423283,449.01716671316234,True,False
91,low,135.44137565558543,0,0,0,0,0,0,STARLINK-30229,6,0,low,203.5159019998997,0.07825082028845713,444.8826801758418,True,False
99,low,146.38127533625797,0,0,0,0,0,0,STARLINK-30229,6,0,low,84.48742344281457,0.05984479189280812,325.835795590361,True,False
100,low,146.72651082683228,0,0,0,0,0,0,STARLINK-30229,6,0,low,17.45773943529829,0.11359015275456838,258.85985694370646,True,False
102,low,147.0975987339463,0,0,0,0,0,0,STARLINK-30229,6,0,low,186.045564479965,0.1121178274808021,427.4462096630994,True,False
112,high,172.82350577138837,0,0,0,0,0,0,STARLINK-30229,6,0,high,140.73907949215115,0.11338660877203943,261.49672977874997,True,False
115,low,175.53485700848418,0,0,0,0,0,0,STARLINK-30229,6,0,low,75.6089175936856,0.09360360468221132,316.9910485540214,True,False
81,low,125.28809781097891,125.40099681484351,125.40099681484351,246.0452604926703,120.6442636778268,120.7571626816914,0.0,STARLINK-30229,2,0,low,120.6442636778268,0.11289900386459487,525.2743961372014,False,False
166,low,268.17684038360983,268.2463253456971,268.2463253456971,290.72405734987825,22.477732004181185,22.547216966268437,0.0,STARLINK-30229,2,0,low,22.477732004181185,0.06948496208725347,138.27042358899348,False,False
79,low,119.14131334569952,119.2506164820402,119.2506164820402,162.52828384769893,43.27766736565872,43.38697050199941,0.0,STARLINK-32616,2,0,low,43.27766736565872,0.1093031363406843,142.65374070625714,False,False
108,low,166.4557779957205,166.57364997694054,166.57364997694054,256.88167588786644,90.3080259109259,90.42589789214595,0.0,STARLINK-32616,3,0,low,90.3080259109259,0.11787198122004554,281.6629929721062,False,False
85,low,131.1352322070643,131.24243692966792,131.24243692966792,183.7880299699992,52.545593040331276,52.65279776293491,0.0,STARLINK-1372,4,0,low,52.545593040331276,0.10720472260363482,121.38146192985862,False,False
122,low,186.64717547589527,186.7109763292409,186.7109763292409,199.41208963381138,12.701113304570468,12.764914157916111,0.0,STARLINK-1372,2,0,low,12.701113304570468,0.0638008533456439,189.72403271868862,False,False
128,low,195.17015358907338,195.2879632092828,195.2879632092828,237.1488366747226,41.86087346543978,41.978683085649195,0.0,STARLINK-1372,3,1,low,41.86087346543978,0.1178096202094167,98.09808659061079,False,False
151,low,244.73705461965162,244.83408861118338,244.83408861118338,244.95394430174989,0.11985569056651041,0.21688968209825896,0.0,STARLINK-1372,2,0,low,0.11985569056651041,0.09703399153174855,84.88809906596067,False,False
154,low,247.9144031606551,247.9940028397809,247.9940028397809,273.22501601137947,25.23101317159858,25.31061285072439,0.0,STARLINK-1372,2,0,low,25.23101317159858,0.0795996791258102,101.072743038387,False,False
89,low,134.75483667434474,0,0,0,0,0,0,STARLINK-5145,6,0,low,3.9912537745007506,0.11855013882194403,216.1022746546619,True,False
83,low,128.81898770213667,128.90551003263056,128.90551003263056,234.90174540330014,105.9962353706696,106.08275770116349,0.0,STARLINK-5145,3,0,low,105.9962353706696,0.0865223304938904,226.3678912814515,False,False
153,low,245.27655667194102,245.37518106455698,245.37518106455698,258.0710794682652,12.695898403708245,12.794522796324202,0.0,STARLINK-5145,6,0,low,12.695898403708245,0.09862439261595708,153.18161655364258,False,False
94,low,140.81845451458494,140.9480875355559,140.9480875355559,163.66126484319003,22.713177307634123,22.842810328605108,0.0,STARLINK-4481,6,1,low,22.713177307634123,0.1296330209709846,106.9636084117316,False,False
93,low,140.09295000318804,140.18654980417222,140.18654980417222,168.33828892087277,28.151739116700558,28.24533891768473,0.0,STARLINK-4481,3,0,low,28.151739116700558,0.09359980098417106,40.472637751537,False,False
113,high,174.41161485972168,174.53397954412887,174.53397954412887,174.86273938611052,0.3287598419816621,0.4511245263888484,0.0,STARLINK-4481,4,1,high,0.3287598419816621,0.12236468440718634,18.564704052329784,False,False
120,low,180.2619280420655,180.37599612724995,180.37599612724995,181.1328991150276,0.7569029877776772,0.8709710729621094,0.0,STARLINK-4481,6,0,low,0.7569029877776772,0.11406808518443226,36.537703513294964,False,False
111,high,168.67703273196216,168.7605892608523,168.7605892608523,186.17949601788638,17.418906757034065,17.502463285924197,0.0,STARLINK-4481,2,0,high,17.418906757034065,0.08355652889013297,51.12836185547158,False,False
127,low,194.666559794268,194.77778047836915,194.77778047836915,226.11888736639432,31.341106888025163,31.452327572126297,0.0,STARLINK-4481,5,0,low,31.341106888025163,0.11122068410113294,120.10307787991341,False,False
86,low,132.16591009717735,132.2779857902648,132.2779857902648,238.82039898278165,106.54241319251685,106.65448888560431,0.0,STARLINK-32902,5,0,low,106.54241319251685,0.11207569308746089,120.79254317226349,False,False
96,high,143.62800110629024,143.69199606042295,143.69199606042295,216.73491902134595,73.04292296092301,73.10691791505572,0.0,STARLINK-34536,2,0,high,73.04292296092301,0.0639949541327032,193.77818848409703,False,False
156,low,251.0518873385429,251.1362614017609,251.1362614017609,280.27002006113196,29.133758659371058,29.218132722589033,0.0,STARLINK-34536,2,0,low,29.133758659371058,0.08437406321797676,211.00271099307153,False,False
104,low,152.95135497686627,153.06038929731272,153.06038929731272,264.4110577692738,111.35066847196107,111.45970279240754,0.0,STARLINK-31437,2,0,low,111.35066847196107,0.109034320446466,376.7198114054391,False,False
140,low,225.08820064419345,225.20732183377132,225.20732183377132,253.5349567503722,28.327634916600882,28.446756106178753,0.0,STARLINK-5584,3,0,low,28.327634916600882,0.11912118957787039,74.27779328695792,False,False
109,low,167.03411512757305,167.10558979193505,167.10558979193505,210.87926973152605,43.77367993959102,43.845154603953034,0.0,STARLINK-11344 [DTC],5,0,low,43.77367993959102,0.07147466436201415,164.50824193217184,False,False
137,low,223.34405235776285,223.46993003463365,223.46993003463365,251.2524378805996,27.782507845965934,27.908385522836724,0.0,STARLINK-11344 [DTC],2,0,low,27.782507845965934,0.12587767687078918,85.17620600020334,False,False
123,high,187.9315802681028,188.02841214722085,188.02841214722085,267.81118615381126,79.78277400659042,79.87960588570846,0.0,STARLINK-34214,3,0,high,79.78277400659042,0.09683187911803756,268.01908020026804,False,False
125,low,191.2698572195355,191.35349776214642,191.35349776214642,254.88462209162626,63.53112432947983,63.61476487209074,0.0,STARLINK-31720,2,0,low,63.53112432947983,0.08364054261091106,228.10883883121934,False,False
170,low,273.3142768176322,273.4148296979306,273.4148296979306,282.9901777283959,9.575348030465307,9.675900910763664,0.0,STARLINK-31720,2,0,low,9.575348030465307,0.1005528802983572,124.25771877068972,False,False
130,low,195.44922440575326,195.51327008089496,0,0,0,104.48672991910504,104.48672991910504,STARLINK-30226,2,1,low,134.16523168848946,0.06404567514169085,135.16310845862677,False
131,low,199.72108349896828,199.82371415158167,199.82371415158167,218.15730982379807,18.33359567221641,18.436226324829786,0.0,STARLINK-31691,2,0,low,18.33359567221641,0.10263065261337272,110.60246176050659,False,False
141,low,225.6535176068832,225.75882260891177,225.75882260891177,282.9713513830765,57.21252877416475,57.31783377619332,0.0,STARLINK-31691,2,0,low,57.21252877416475,0.10530500202856578,209.50675574746762,False,False
134,high,204.62106136315938,204.6926424009041,0,0,0,95.3073575990959,95.3073575990959,STARLINK-30464,2,1,high,120.04254242323032,0.07158103774472346,120.73487523693596,False
126,high,194.4007049145319,194.52438710891641,194.52438710891641,299.08534944548654,104.56096233657013,104.68464453095466,0.0,STARLINK-3786,4,0,high,104.56096233657013,0.12368219438452675,517.9553697601123,False,False
133,low,204.34841064808805,204.42452677066706,204.42452677066706,262.406728505277,57.98220173460995,58.05831785718897,0.0,STARLINK-2251,4,0,low,57.98220173460995,0.07611612257901594,120.35704938012643,False,False
188,high,290.86955019400403,290.9684989763759,290.9684989763759,293.4114174137429,2.4429184373670685,2.5418672197389154,0.0,STARLINK-2251,3,0,high,2.4429184373670685,0.09894878237184697,51.758987673841474,False,False
164,low,264.84381468443996,264.9508519073525,264.9508519073525,294.0687877210845,29.117935813732004,29.22497303664454,0.0,STARLINK-2251,2,0,low,29.117935813732004,0.10703722291253542,51.758987673841474,False,False
190,low,295.691075474233,295.8046347091939,295.8046347091939,298.2486577029669,2.444022993772994,2.5575822287339323,0.0,STARLINK-2251,6,0,low,2.444022993772994,0.1135592349609384,217.59496415982522,False,False
191,low,296.1913397146984,296.27852182449874,0,0,0,3.721478175501261,3.721478175501261,STARLINK-2251,3,1,low,38.53477614110275,0.08718210980030186,44.20927436075712,False
142,low,227.40524528968461,227.50137991662857,0,0,0,72.49862008337143,72.49862008337143,STARLINK-3849,2,1,low,99.09423437642926,0.09613462694394084,99.70439481323449,False
124,high,189.72800640197948,189.78983844467126,189.78983844467126,260.9697402787889,71.17990183411762,71.24173387680938,0.0,STARLINK-11575 [DTC],1,0,high,71.17990183411762,0.061832042691762575,442.72725366129436,False,False
132,high,200.3927872470379,200.48131027179764,0,0,0,99.51868972820236,99.51868972820236,STARLINK-31958,2,1,high,134.585798443962,0.0885230247597524,135.46006919995858,False
136,low,220.34466344095767,220.41566894116633,220.41566894116633,265.32453921075177,44.908870269585435,44.979875769794106,0.0,STARLINK-2170,2,0,low,44.908870269585435,0.0710055002086691,119.83552793222981,False,False
165,low,267.25295472932805,267.3382428321246,0,0,0,32.66175716787541,32.66175716787541,STARLINK-2170,6,1,low,45.7409640733083,0.08528810279656218,46.79441807171723,False
139,low,224.66760330701425,224.7642520167474,224.7642520167474,235.684327223543,10.920075206795602,11.016723916528766,0.0,STARLINK-11683 [DTC],1,0,low,10.920075206795602,0.09664870973316528,36.215978563247305,False,False
147,high,238.40455114943234,238.47510666477217,238.47510666477217,252.42924674551065,13.954140080738489,14.02469559607832,0.0,STARLINK-11683 [DTC],2,0,high,13.954140080738489,0.07055551533983168,45.531732987469766,False,False
159,low,258.4512077673025,258.56013370551625,258.56013370551625,279.58772181714323,21.027588111626965,21.13651404984071,0.0,STARLINK-11683 [DTC],2,0,low,21.027588111626965,0.10892593821374524,50.809524763022544,False,False
135,high,217.3017862734249,217.40444030212177,0,0,0,82.59555969787823,82.59555969787823,STARLINK-31734,3,1,high,91.53074019815716,0.10265402869686985,92.26895843308277,False
138,low,223.9822840831676,224.05921861905173,0,0,0,75.94078138094827,75.94078138094827,STARLINK-5367,2,1,low,117.58898014574083,0.07693453588412305,118.082556939768,False
145,low,234.36519087038357,234.48038077357603,234.48038077357603,248.22742304708854,13.74704227351251,13.862232176704964,0.0,STARLINK-32168,3,0,low,13.74704227351251,0.11518990319245409,59.055392154370146,False,False
155,low,248.3151621359418,248.4330910389855,248.4330910389855,252.966127991462,4.533036952476484,4.650965855520201,0.0,STARLINK-32168,7,1,low,4.533036952476484,0.11792890304371617,41.574800990037645,False,False
152,low,244.94659984538714,245.0396115145097,245.0396115145097,264.45873591492096,19.419124400411267,19.51213606953381,0.0,STARLINK-32168,5,1,low,19.419124400411267,0.0930116691225421,41.13733524412744,False,False
157,low,251.25768061983942,251.34763279737288,251.34763279737288,268.67408244258627,17.326449645213383,17.416401822746852,0.0,STARLINK-32168,6,2,low,17.326449645213383,0.08995217753346904,57.971357736731925,False,False
167,low,270.00223608461357,270.0906791480418,270.0906791480418,270.7781841759314,0.6875050278896488,0.775948091317827,0.0,STARLINK-32168,5,0,low,0.6875050278896488,0.08844306342817825,1.396185736201403,False,False
168,low,272.1456678362972,272.2754939600264,0,0,0,27.72450603997362,27.72450603997362,STARLINK-32168,2,1,low,34.79288876307943,0.12982612372918048,35.40110085916098,False
176,low,279.20251623483625,279.32339730279335,279.32339730279335,280.4626737841522,1.1392764813588225,1.2601575493159451,0.0,STARLINK-31730,2,0,low,1.1392764813588225,0.12088106795712257,161.74363701408745,False,False
177,low,279.31503504474665,279.42509405021553,279.42509405021553,287.29426943112605,7.869175380910502,7.979234386379395,0.0,STARLINK-31730,2,0,low,7.869175380910502,0.11005900546889333,109.05281990815064,False,False
143,low,231.9437440027169,232.02135598856287,232.02135598856287,239.0732571524837,7.051901163920819,7.129513149766784,0.0,STARLINK-33830,2,0,low,7.051901163920819,0.07761198584596501,56.59310374307763,False,False
144,low,233.3415483924191,233.45139319717165,0,0,0,66.54860680282835,66.54860680282835,STARLINK-33830,3,1,low,77.63576488435176,0.10984480475255266,91.84941201694595,False
146,low,237.41503879799245,237.53804925025668,237.53804925025668,269.06416339704356,31.526114146786878,31.649124599051113,0.0,STARLINK-30516,2,0,low,31.526114146786878,0.12301045226423474,144.06010751013332,False,False
150,high,242.4763384271581,242.5467852536403,0,0,0,57.45321474635969,57.45321474635969,STARLINK-30516,2,1,high,89.21534901139101,0.07044682648220528,120.8119099846601,False
148,low,240.18034852952042,240.29017001860058,240.29017001860058,249.31785110574538,9.027681087144787,9.13750257622496,0.0,STARLINK-34595,2,0,low,9.027681087144787,0.1098214890801731,75.73096113096781,False,False
149,low,240.86984312461027,240.96131581568628,0,0,0,59.03868418431372,59.03868418431372,STARLINK-34595,3,1,low,61.19746104072558,0.0914726910760056,79.71513831488461,False
162,low,260.75226642986183,0,0,0,0,0,0,STARLINK-5742,6,0,low,67.96211451521438,0.10260602415754942,146.7599085152967,True,False
160,low,259.28507901780165,259.3565000654556,259.3565000654556,263.2277564005716,3.8712563351160387,3.9426773827699866,0.0,STARLINK-5742,2,0,low,3.8712563351160387,0.07142104765394798,82.68871017401545,False,False
163,low,262.17321910014635,262.2839208132334,262.2839208132334,266.166741298237,3.882820485003599,3.993522198090663,0.0,STARLINK-5742,2,2,low,3.882820485003599,0.1107017130870638,108.72413899723838,False,False
161,low,259.9516454823616,260.03561021623864,0,0,0,39.96438978376136,39.96438978376136,STARLINK-5742,2,1,low,74.82393164080874,0.08396473387705551,83.18792695815836,False
158,low,256.5556252570125,256.66312019285795,0,0,0,43.336879807142054,43.336879807142054,STARLINK-31274,2,1,low,127.32601531654005,0.10749493584547044,127.7896179539961,False
184,low,285.6457385031121,285.7487537392652,0,0,0,14.251246260734774,14.251246260734774,STARLINK-1142,2,1,low,19.402645215586816,0.10301523615313406,20.138184865130697,False
169,low,272.3502047117799,272.43606029999773,272.43606029999773,273.94151573090267,1.5054554309049306,1.591311019122789,0.0,STARLINK-4497,3,0,low,1.5054554309049306,0.08585558821785845,12.81801822859862,False,False
179,low,279.91031423302513,0,0,0,0,0,0,STARLINK-4497,6,0,low,80.09007357135555,0.09234939717305775,263.2700710227501,True,False
182,low,281.25220136593094,0,0,0,0,0,0,STARLINK-4497,6,0,low,236.34139578809825,0.10959272505194939,419.53863656737167,True,False
185,low,285.7633455433289,0,0,0,0,0,0,STARLINK-4497,6,0,low,60.09675434927305,0.061516344474277986,243.24591874796883,True,False
171,low,275.27141163559384,275.37147311175477,0,0,0,24.628526888245233,24.628526888245233,STARLINK-4497,2,1,low,91.54382402711074,0.1000614761609361,91.64388550327168,False
175,low,278.92856291909544,279.0359956239056,279.0359956239056,286.4028052455804,7.366809621674804,7.47424232648494,0.0,STARLINK-33738,2,0,low,7.366809621674804,0.10743270481013552,161.30606346036032,False,False
174,low,278.86270406886837,278.96936312198557,0,0,0,21.030636878014434,21.030636878014434,STARLINK-33738,2,1,low,60.62501581720177,0.10665905311718041,61.1444230348235,False
178,low,279.6996932911307,0,0,0,0,0,0,STARLINK-1554,6,0,low,57.26947327345803,0.07122539084921468,336.2011128446461,True,False
180,low,280.00249521360865,0,0,0,0,0,0,STARLINK-1554,6,0,low,68.73525754145327,0.12644119761346873,347.72211291940556,True,False
181,low,280.1766994250939,0,0,0,0,0,0,STARLINK-1554,6,0,low,50.06523313555302,0.07806609556865812,329.00371341146047,True,False
183,low,281.30517699554605,0,0,0,0,0,0,STARLINK-1554,6,0,low,35.16718652968194,0.08226675461798809,314.10986746463874,True,False
187,low,290.3517929127286,0,0,0,0,0,0,STARLINK-1554,6,0,low,72.73580292011327,0.12264424655761864,351.7188613470097,True,False
189,low,292.5829890388783,0,0,0,0,0,0,STARLINK-1554,6,0,low,19.697827893095848,0.0848222269934206,298.6430643004281,True,False
192,low,296.4252489799744,0,0,0,0,0,0,STARLINK-1554,6,0,low,39.08645790593054,0.10167832655414641,318.0485504128235,True,False
193,low,296.8492204262521,0,0,0,0,0,0,STARLINK-1554,6,0,low,164.55634776078227,0.10959783440118916,443.5263597755223,True,False
194,high,297.9605919270423,0,0,0,0,0,0,STARLINK-1554,6,0,high,196.13370125617135,0.07952331048327983,335.6434316568241,True,False
172,low,278.5825514889907,278.6821161190538,0,0,0,21.317883880946226,21.317883880946226,STARLINK-1554,3,1,low,139.4302070901694,0.09956463006304392,139.52977172023245,False
173,low,278.68593263122904,278.78311964196536,0,0,0,21.216880358034643,21.216880358034643,STARLINK-32426,2,1,low,76.0609969241975,0.09718701073632437,76.89419637842332,False
186,low,289.2251946036851,289.2971849115954,0,0,0,10.702815088404577,10.702815088404577,STARLINK-5132,2,1,low,54.57390013186437,0.07199030791028962,55.18330038352185,False
92,low,136.50425820251567,136.58381769812974,136.58381769812974,189.8272002147777,53.24338251664794,53.322942012262004,0.0,STARLINK-32017,5,0,low,53.24338251664794,0.07955949561406388,124.95752718689316,False,False
129,low,195.35691484794708,195.45956854840892,195.45956854840892,211.1193582294193,15.659789681010375,15.762443381472211,0.0,STARLINK-32017,2,0,low,15.659789681010375,0.10265370046183564,136.39484640476115,False,False
66,low,98.26064939879309,98.3704438693294,98.3704438693294,178.7083754846414,80.33793161531202,80.44772608584833,0.0,STARLINK-31973,2,0,low,80.33793161531202,0.1097944705363195,103.22335432587677,False,False
119,low,178.9354249613632,179.0208048907675,179.0208048907675,207.29720821308277,28.27640332231527,28.36178325171956,0.0,STARLINK-31973,4,0,low,28.27640332231527,0.08537992940429044,312.586693107659,False,False
39,low,54.17451002748299,54.246893040861075,54.246893040861075,59.30628602453345,5.059392983672378,5.131775997050463,0.0,STARLINK-5736,2,0,low,5.059392983672378,0.07238301337808459,107.53523932572335,False,False
58,low,89.20678365618384,0,0,0,0,0,0,STARLINK-5736,6,0,low,151.69323280295993,0.0767120514748544,346.0697448604333,True,False
61,low,93.95393503267731,0,0,0,0,0,0,STARLINK-5736,6,0,low,369.07589817509427,0.12403783831862876,563.4997360194113,True,False
64,low,97.30246182856501,0,0,0,0,0,0,STARLINK-5736,6,0,low,115.20350406385823,0.08814732633637029,309.5914513961931,True,False
41,low,58.635449450731464,58.75558827219808,58.75558827219808,155.90548827519734,97.14990000299926,97.27003882446589,0.0,STARLINK-5736,2,1,low,97.14990000299926,0.12013882146661897,208.16747418695616,False,False
107,low,156.01661195850684,156.09458104656358,156.09458104656358,211.23395777291796,55.13937672635437,55.21734581441109,0.0,STARLINK-5736,4,0,low,55.13937672635437,0.07796908805672145,129.5498978842248,False,False
52,low,82.62746056444303,82.72586501307273,82.72586501307273,83.57319124627607,0.8473262332033357,0.9457306818330373,0.0,STARLINK-2525,7,2,low,0.8473262332033357,0.09840444862970162,47.05481674783126,False,False
43,low,65.67824754879553,65.77355353570407,65.77355353570407,90.24251759679541,24.468964061091345,24.564270047999884,0.0,STARLINK-2525,2,0,low,24.468964061091345,0.09530598690853977,200.97845264232745,False,False
51,low,81.54410437579652,81.63444896244953,81.63444896244953,102.683585831263,21.049136868813484,21.139481455466488,0.0,STARLINK-2525,5,1,low,21.049136868813484,0.09034458665300488,73.14728010290008,False,False
55,high,87.70121395001817,87.80760853790959,87.80760853790959,115.10255956968936,27.294951031779767,27.401345619671186,0.0,STARLINK-2525,2,0,high,27.294951031779767,0.10639458789141834,59.191450558078856,False,False
60,high,92.98051091890576,93.09501155199288,93.09501155199288,122.62258239522228,29.527570843229405,29.64207147631652,0.0,STARLINK-2525,6,1,high,29.527570843229405,0.11450063308711421,63.45597616753362,False,False
98,high,146.1758933640439,146.25381546199807,146.25381546199807,147.4418349826411,1.1880195206430282,1.2659416185972099,0.0,STARLINK-2525,3,1,high,1.1880195206430282,0.07792209795418176,209.89500531341093,False,False
82,low,125.64012363940094,125.75796642176465,125.75796642176465,150.53132980667212,24.773363384907462,24.891206167271175,0.0,STARLINK-2525,3,0,low,24.773363384907462,0.1178427823637138,26.831639078057876,False,False
95,high,141.74093590383404,141.8222899232537,141.8222899232537,150.6944219939272,8.872132070673514,8.953486090093172,0.0,STARLINK-2525,4,0,high,8.872132070673514,0.0813540194196581,26.831639078057876,False,False
103,high,150.07911052606036,150.14176393813082,150.14176393813082,159.6921198391163,9.550355900985451,9.61300931305592,0.0,STARLINK-2525,3,1,high,9.550355900985451,0.0626534120704696,128.59073498296382,False,False
110,high,168.03255974913174,168.14108465253963,168.14108465253963,179.5134240730306,11.372339420490965,11.480864323898867,0.0,STARLINK-2525,3,0,high,11.372339420490965,0.10852490340790237,260.3007847142634,False,False
121,low,181.98030769515546,182.0661033388776,182.0661033388776,197.61620705745756,15.550103718579955,15.635899362302114,0.0,STARLINK-2525,2,0,low,15.550103718579955,0.0857956437221589,166.26350274950224,False,False
46,high,68.6224028243485,68.69753160682102,68.69753160682102,185.03731711705018,116.33978551022918,116.4149142927017,0.0,STARLINK-32701,2,0,high,116.33978551022918,0.075128782472525,268.46816189116583,False,False
45,low,68.61845224613542,68.68781693066518,68.68781693066518,204.52528845923877,135.8374715285736,135.90683621310333,0.0,STARLINK-32701,2,0,low,135.8374715285736,0.06936468452975499,527.7091696399223,False,False
29,low,37.66731183661153,37.752662534697926,37.752662534697926,42.97611116611502,5.223448631417094,5.30879932950349,0.0,STARLINK-5712,2,0,low,5.223448631417094,0.08535069808639584,67.92489118049521,False,False
31,high,39.91570427942583,39.98679046823754,39.98679046823754,101.87614388561431,61.889353417376775,61.96043960618848,0.0,STARLINK-5712,3,0,high,61.889353417376775,0.07108618881170745,145.01163963755243,False,False
70,low,105.28924861966874,105.39028581261174,105.39028581261174,154.94872493696704,49.55843912435529,49.65947631729828,0.0,STARLINK-5712,3,0,low,49.55843912435529,0.10103719294299293,59.56816938343419,False,False
105,low,155.15609448781225,155.24098191214026,155.24098191214026,171.15535597782372,15.914374065683475,15.999261490011468,0.0,STARLINK-5712,3,0,low,15.914374065683475,0.08488742432799394,33.98324186652519,False,False
116,low,176.20935355563762,176.32162136504562,176.32162136504562,178.7508616417968,2.4292402767511803,2.5415080861591903,0.0,STARLINK-5712,2,0,low,2.4292402767511803,0.11226780940800989,25.315092894177646,False,False
118,high,177.98520400500422,178.0506864974326,178.0506864974326,200.34266154819923,22.29197505076664,22.35745754319501,0.0,STARLINK-5712,3,0,high,22.29197505076664,0.0654824924283693,63.855599675513716,False,False
56,low,88.16705858842607,88.26401304335756,88.26401304335756,98.65969085739177,10.395677814034203,10.492632268965698,0.0,STARLINK-3850,3,1,low,10.395677814034203,0.09695445493149549,122.64133323509265,False,False
48,low,75.27952571038082,75.34790639824375,75.34790639824375,107.16583049386878,31.81792409562503,31.886304783487958,0.0,STARLINK-3850,3,0,low,31.81792409562503,0.06838068786292537,138.78085773847704,False,False
57,low,88.41773416680746,88.50094784141493,88.50094784141493,108.30982566708919,19.80887782567426,19.89209150028172,0.0,STARLINK-3850,3,2,low,19.80887782567426,0.08321367460745861,138.78085773847704,False,False
74,low,110.43701888440694,110.55625394469364,110.55625394469364,157.57387490996726,47.01762096527363,47.136856025560334,0.0,STARLINK-3850,3,0,low,47.01762096527363,0.11923506028670235,203.5253955309259,False,False
114,low,175.24306256064594,175.35392501861986,175.35392501861986,176.51128286296284,1.1573578443429857,1.2682203023168999,0.0,STARLINK-3850,3,0,low,1.1573578443429857,0.11086245797391422,78.81967491718784,False,False
117,low,177.69551478052105,177.77882300391838,177.77882300391838,182.7339600776863,4.9551370737679274,5.038445297165241,0.0,STARLINK-3850,5,0,low,4.9551370737679274,0.08330822339731399,47.47115714175986,False,False
16,low,23.050045536943202,23.138434361784608,23.138434361784608,25.962246518840747,2.8238121570561394,2.912200981897546,0.0,STARLINK-5366,5,0,low,2.8238121570561394,0.08838882484140644,12.01376619850136,False,False
20,high,26.91117235067802,27.013261980114432,27.013261980114432,155.22889577398055,128.21563379386612,128.31772342330254,0.0,STARLINK-5366,2,0,high,128.21563379386612,0.1020896294364132,357.69955868683337,False,False
106,low,155.2790283689995,155.36079152734476,155.36079152734476,168.58910189562002,13.228310368275263,13.310073526620544,0.0,STARLINK-5366,2,0,low,13.228310368275263,0.08176315834528011,78.81329004803803,False,False
62,high,94.37253326302647,94.44675912745213,94.44675912745213,109.27753364907788,14.83077452162575,14.905000386051404,0.0,STARLINK-34197,2,0,high,14.83077452162575,0.07422586442565265,115.0384928549181,False,False
65,low,97.77019673456529,97.86358613449224,97.86358613449224,133.63729211546752,35.77370598097527,35.86709538090222,0.0,STARLINK-34197,6,0,low,35.77370598097527,0.09338939992694766,82.21566920901512,False,False
37,low,50.950311705309225,51.075691186664024,51.075691186664024,72.56295794465865,21.48726675799462,21.612646239349417,0.0,STARLINK-31512,2,0,low,21.48726675799462,0.1253794813547957,127.8431570255783,False,False
44,low,66.48387567803178,66.57757782516715,66.57757782516715,126.69727348652438,60.11969566135723,60.213397808492594,0.0,STARLINK-31512,2,1,low,60.11969566135723,0.09370214713536891,145.67318879726832,False,False
84,low,129.58905472590092,129.6868844106244,129.6868844106244,188.1116276812467,58.42474327062228,58.52257295534577,0.0,STARLINK-31512,2,0,low,58.42474327062228,0.09782968472349168,139.0108656593685,False,False
23,low,29.338212063620514,0,0,0,0,0,0,STARLINK-4509,6,0,low,74.68372699691093,0.10986724738980465,167.20029028908667,True,False
18,high,25.324878064830536,25.3908685875276,25.3908685875276,33.73620883552696,8.34534024799936,8.411330770696424,0.0,STARLINK-4509,3,0,high,8.34534024799936,0.06599052269706414,136.51004802342348,False,False
19,low,25.779991644821123,25.86590233183565,25.86590233183565,109.92725812862221,84.06135579678656,84.14726648380108,0.0,STARLINK-4509,2,0,low,84.06135579678656,0.08591068701452466,210.6636636022047,False,False
75,low,111.23592926167629,111.30785793173055,111.30785793173055,123.69614383992496,12.388285908194408,12.460214578248667,0.0,STARLINK-4509,4,0,low,12.388285908194408,0.07192867005425811,669.2330524090672,False,False
88,low,133.14385852253207,133.21683460442878,133.21683460442878,142.9951501796678,9.778315575239011,9.851291657135718,0.0,STARLINK-4509,3,0,low,9.778315575239011,0.07297608189670715,528.0834981333152,False,False
87,high,133.11524937472058,133.2273005383123,133.2273005383123,174.52241313082192,41.29511259250961,41.407163756101326,0.0,STARLINK-4509,2,0,high,41.29511259250961,0.11205116359171687,106.88014975406591,False,False
36,low,50.8202643492254,50.92627869086013,50.92627869086013,184.9748026997356,134.04852400887546,134.1545383505102,0.0,STARLINK-31637,2,0,low,134.04852400887546,0.1060143416347329,284.3887259651991,False,False
59,low,90.69966360556741,90.81430039825113,90.81430039825113,143.92923355329276,53.114933155041626,53.22956994772535,0.0,STARLINK-2514,3,0,low,53.114933155041626,0.11463679268372336,127.02454006022106,False,False
97,low,144.27098703583871,144.3864792284291,144.3864792284291,145.1484204779458,0.7619412495167056,0.8774334421070907,0.0,STARLINK-2514,6,0,low,0.7619412495167056,0.11549219259038516,0.9895355903210195,False,False
101,high,146.74709446419124,146.82710534846126,146.82710534846126,150.60544448563897,3.778339137177717,3.8583500214477313,0.0,STARLINK-2514,6,0,high,3.778339137177717,0.0800108842700144,95.24305929043848,False,False
78,low,116.64446649158516,116.7387559666091,116.7387559666091,143.17839354139437,26.439637574785255,26.533927049809204,0.0,STARLINK-33901,4,0,low,26.439637574785255,0.09428947502394783,528.9869369239821,False,False
13,low,18.04257153377814,0,0,0,0,0,0,STARLINK-30487,6,0,low,277.5978866891384,0.10133374633992004,555.0385188969856,True,False
4,high,2.806186402944067,2.8819791482784307,2.8819791482784307,141.55162837903202,138.6696492307536,138.74544197608796,0.0,STARLINK-30487,2,0,high,138.6696492307536,0.07579274533436368,306.51121758303094,False,False
25,low,32.1503656649913,32.20938021123127,32.20938021123127,76.2544890488752,44.04510883764392,44.104123383883895,0.0,STARLINK-3956,4,0,low,44.04510883764392,0.05901454623996889,309.9554427324156,False,False
53,high,86.19288949424124,86.29092277452892,86.29092277452892,132.33648606313,46.04556328860108,46.14359656888876,0.0,STARLINK-3956,4,0,high,46.04556328860108,0.09803328028768145,250.9794822382228,False,False
33,high,44.053594361463006,44.154298979264176,44.154298979264176,116.05834936315267,71.90405038388849,72.00475500168966,0.0,STARLINK-2720,4,0,high,71.90405038388849,0.10070461780116996,92.03049443649095,False,False
7,low,7.800934284690046,7.88532277544888,7.88532277544888,46.39761963874415,38.512296863295276,38.59668535405411,0.0,STARLINK-5568,3,0,low,38.512296863295276,0.0843884907588343,122.94447284593578,False,False
38,high,53.46104822527929,53.54923402634462,53.54923402634462,128.82033588498726,75.27110185864264,75.35928765970796,0.0,STARLINK-5568,2,0,high,75.27110185864264,0.08818580106532771,257.2978574628623,False,False
1,low,0.6296437099164107,0.6948833544710543,0.6948833544710543,78.56605148904295,77.87116813457189,77.93640777912653,0.0,STARLINK-5503,3,0,low,77.87116813457189,0.06523964455464357,446.97740148202104,False,False
54,low,87.00376185442929,87.11070914179189,87.11070914179189,129.70729205946046,42.59658291766858,42.70353020503118,0.0,STARLINK-5503,2,0,low,42.59658291766858,0.1069472873625994,729.6510610699484,False,False
49,low,76.76487786108551,76.87692880137001,76.87692880137001,91.32135554267066,14.444426741300646,14.556477681585152,0.0,STARLINK-32675,5,0,low,14.444426741300646,0.11205094028450611,82.60373019322398,False,False
63,low,96.39063315303858,96.46627194175478,96.46627194175478,99.90793894229934,3.4416670005445615,3.5173057892607678,0.0,STARLINK-32675,2,0,low,3.4416670005445615,0.07563878871620623,19.023046153961936,False,False
67,low,99.88452788854678,100.00411080164751,100.00411080164751,111.47972618378087,11.47561538213335,11.595198295234082,0.0,STARLINK-32675,2,1,low,11.47561538213335,0.11958291310073274,44.820317720023525,False,False
68,low,99.91804978209969,100.02799393608228,100.02799393608228,120.70779066395518,20.679796727872894,20.789740881855494,0.0,STARLINK-32675,6,0,low,20.679796727872894,0.10994415398259981,85.46920523311698,False,False
6,high,5.675631394509943,5.776838776261624,5.776838776261624,112.45291926075107,106.67608048448945,106.77728786624112,0.0,STARLINK-5620,3,0,high,106.67608048448945,0.10120738175168027,226.01668217651664,False,False
80,low,120.89522374468659,121.0046446819473,121.0046446819473,124.39778309917351,3.393138417226206,3.502559354486918,0.0,STARLINK-5620,4,0,low,3.393138417226206,0.10942093726071188,4.401726249689746,False,False
34,high,44.49232573642598,44.60334673676583,44.60334673676583,53.80500697263454,9.201660235868708,9.312681236208554,0.0,STARLINK-11604 [DTC],3,0,high,9.201660235868708,0.1110210003398462,96.3907307167147,False,False
28,low,35.480926977555875,35.60448980131778,35.60448980131778,67.71024575486439,32.1057559535466,32.22931877730851,0.0,STARLINK-11604 [DTC],3,0,low,32.1057559535466,0.1235628237619093,124.73404937906615,False,False
47,low,69.969676484748,70.08247046224758,70.08247046224758,115.45789358060978,45.375423118362185,45.488217095861756,0.0,STARLINK-11604 [DTC],6,0,low,45.375423118362185,0.11279397749957236,357.0499705486871,False,False
77,high,115.80674914233708,115.92296639146667,115.92296639146667,135.51813999367766,19.59517360221098,19.71139085134057,0.0,STARLINK-11604 [DTC],2,0,high,19.59517360221098,0.11621724912958938,114.59547026438538,False,False
42,low,60.09158415006954,60.202621929330256,60.202621929330256,68.72534415258829,8.522722223258038,8.633760002518756,0.0,STARLINK-30548,5,0,low,8.522722223258038,0.11103777926071817,125.9214479074367,False,False
50,low,79.05670791947014,79.1305522282416,79.1305522282416,97.55010467374991,18.41955244550832,18.493396754279775,0.0,STARLINK-30548,7,0,low,18.41955244550832,0.07384430877145437,152.99045022967115,False,False
8,low,13.962557619866548,14.032519307218497,14.032519307218497,16.664881473164197,2.6323621659456995,2.702323853297648,0.0,STARLINK-3831,1,0,low,2.6323621659456995,0.06996168735194823,98.48877180505268,False,False
12,low,16.0776974461664,16.16475956162525,16.16475956162525,108.39495612024533,92.23019655862008,92.31725867407893,0.0,STARLINK-3831,2,1,low,92.23019655862008,0.08706211545885001,248.8950820638656,False,False
11,low,15.82438025536381,15.949452529570912,15.949452529570912,52.30634378407042,36.35689125449951,36.48196352870661,0.0,STARLINK-30519,3,0,low,36.35689125449951,0.12507227420710262,94.80552037557482,False,False
21,low,26.94864380380144,27.03014300855547,27.03014300855547,37.00654219609884,9.976399187543372,10.057898392297403,0.0,STARLINK-5099,1,0,low,9.976399187543372,0.081499204754032,64.58367288777433,False,False
3,low,2.7724642015492993,2.883367202611478,2.883367202611478,36.84367272193599,33.96030551932451,34.07120852038668,0.0,STARLINK-4491,1,0,low,33.96030551932451,0.11090300106217875,620.4143943078637,False,False
35,low,46.23053141578705,46.336827701340496,46.336827701340496,91.97409914670095,45.637271445360454,45.7435677309139,0.0,STARLINK-4491,3,0,low,45.637271445360454,0.10629628555345104,239.50140401760783,False,False
10,low,15.66506585643124,15.768739470953255,15.768739470953255,75.40384845632096,59.6351089853677,59.73878259988972,0.0,STARLINK-2511,3,0,low,59.6351089853677,0.10367361452201423,151.62776526511007,False,False
27,low,34.96488780351649,35.084187252870635,35.084187252870635,87.37610529635633,52.291918043485694,52.41121749283984,0.0,STARLINK-32301,3,0,low,52.291918043485694,0.11929944935414648,374.137941641626,False,False
2,low,0.6369311144448079,0.7178851564985349,0.7178851564985349,9.066795637250156,8.34891048075162,8.429864522805348,0.0,STARLINK-5748,1,0,low,8.34891048075162,0.08095404205372701,55.63026533746373,False,False
32,low,42.0796231356006,42.17120847515725,42.17120847515725,82.6446226705344,40.473414195377146,40.5649995349338,0.0,STARLINK-5748,2,0,low,40.473414195377146,0.09158533955665216,350.5013287923634,False,False
15,low,23.04436202546678,23.118919056907146,23.118919056907146,29.726111101932958,6.60719204502581,6.681749076466177,0.0,STARLINK-34596,1,0,low,6.60719204502581,0.07455703144036674,136.3707578638119,False,False
26,low,33.76514387920729,33.84680414267271,33.84680414267271,77.96801266179546,44.121208519122746,44.20286878258817,0.0,STARLINK-34596,2,0,low,44.121208519122746,0.0816602634654208,291.60876033176885,False,False
9,low,15.27087605881495,15.36252092117006,15.36252092117006,51.9865816067152,36.62406068554514,36.71570554790025,0.0,STARLINK-11242 [DTC],1,0,low,36.62406068554514,0.09164486235510802,95.33966996361349,False,False
40,high,54.92363959337903,55.04765459320234,55.04765459320234,81.00594773152764,25.958293138325306,26.082308138148615,0.0,STARLINK-11242 [DTC],2,0,high,25.958293138325306,0.12401499982331056,237.1069807668311,False,False
17,low,23.59178267889803,23.672004118474433,23.672004118474433,30.25683782289615,6.584833704421715,6.665055143998119,0.0,STARLINK-31889,4,0,low,6.584833704421715,0.08022143957640326,29.919407086770118,False,False
30,low,38.1293246431277,38.245824361472444,38.245824361472444,61.95190757496579,23.70608321349334,23.82258293183808,0.0,STARLINK-31889,3,0,low,23.70608321349334,0.11649971834474146,144.8291736626958,False,False
14,low,19.944816037388815,20.00711246675534,20.00711246675534,24.742773253057706,4.7356607863023665,4.797957215668893,0.0,STARLINK-32493,4,0,low,4.7356607863023665,0.06229642936652643,16.958971625746564,False,False
24,low,30.443808114800724,30.526615634508303,30.526615634508303,30.688224171164908,0.1616085366566058,0.24441605636418423,0.0,STARLINK-32493,2,0,low,0.1616085366566058,0.08280751970757844,0.9139745752652398,False,False
22,low,28.794942327001195,28.87796567430669,28.87796567430669,45.34006871896814,16.462103044661454,16.54512639196695,0.0,STARLINK-32079,3,0,low,16.462103044661454,0.08302334730549589,91.32440399050334,False,False
5,low,3.2151585431910807,3.308844261806987,3.308844261806987,18.291050268232922,14.982206006425937,15.075891725041844,0.0,STARLINK-11629 [DTC],1,0,low,14.982206006425937,0.09368571861590619,308.5611228083301,False,False
