Task ID,Task Type,Status,Arrival Time (System),Arrival Time (Queue),Start Time,End Time,Execution time,Service Time,Time in system,Time in queue,Server Name,Num Hops,Num Hops Routing,Queue length,transfer_time,DeadLine Exceded,Exec_after_set,Energy_CPU [J],Energy_NET [J],Energy_TOTAL [J],Remaining_energy [J],Remaining_energy [%],Rejection Reason,Routing Init Time,Routing End Time,Routing Duration
54,CPU_and_Data_Intensive,Completed,102.34508982879903,102.34695983928833,102.34695983928833,104.77331124246311,2.4263514031747775,2.4282214136640796,2.428221413664076,2.425449327399207,STARLINK-5683,1,2,2,0.0018700104893022368,False,False,0.00012127246636996043,0.0009020757755745262,0.0010233482419444867,149999.99897665175,99.99999931776784,N/A,102.34508982879903,106.07154784756906,3.726458018770032
63,CPU_and_Data_Intensive,Completed,125.0434496861545,125.04616013470728,125.04616013470728,125.3297793587488,0.28361922404151585,0.28632967259428505,0.28632967259429165,0.2826081055037122,STARLINK-30229,1,2,2,0.0027104485527691753,False,False,1.4130405275185283e-05,0.0010111185377984979,0.0010252489430736833,149999.99897475107,99.9999993165007,N/A,125.0434496861545,127.08559367663939,2.042143990484888
92,CPU_and_Data_Intensive,Completed,156.9972964652271,156.99926156213047,156.99926156213047,159.60955952601466,2.610297963884193,2.6122630607875736,2.612263060787569,2.610006594377211,STARLINK-30229,1,2,4,0.001965096903380813,False,False,0.00013050032971886107,0.00029136950698777255,0.0004218698367066336,149999.99855288057,99.99999903525372,N/A,156.9972964652271,161.125525271229,4.128228806001914
94,CPU_Intensive,Completed,161.13466142467075,161.13636888386677,161.13636888386677,161.67258287606145,0.5362139921946891,0.5379214513907087,0.5379214513907016,0.0,STARLINK-30229,1,2,5,0.0017074591960195404,False,False,2.672872005371031e-05,2.545453857462406e-05,5.218325862833437e-05,149999.9985261516,99.9999990174344,N/A,161.13466142467075,163.12721399929916,1.9925525746284052
96,Generic_Service,Completed,163.69093580161143,163.69261327462692,163.69261327462692,163.9006417288645,0.2080284542375921,0.20970592725308046,0.2097059272530828,0.0,STARLINK-30229,1,2,7,0.0016774730154883826,False,False,1.0302019057240177e-05,3.086469705607848e-05,4.116671611331866e-05,149999.99851584955,99.99999901056637,N/A,163.69093580161143,165.12888833066083,1.4379525290493973
95,Generic_Service,Completed,161.97051417561664,161.9722190459871,161.9722190459871,165.73562215885508,3.763403112867991,3.76510798323843,3.765107983238437,0.0,STARLINK-30229,1,2,6,0.001704870370439416,False,False,0.00018809782400229437,2.245887435823141e-05,0.00021055669836052577,149999.9983277517,99.99999888516781,N/A,161.97051417561664,167.13254680788353,5.162032632266886
62,CPU_Intensive,Completed,123.73182563351824,123.73299699409517,123.73299699409517,124.36936375864994,0.636366764554765,0.6375381251316934,0.637538125131698,0.0,STARLINK-32616,1,2,1,0.0011713605769283681,False,False,3.176307811036469e-05,1.7158189889579183e-05,4.8921267999943867e-05,149999.99996823692,99.99999997882462,N/A,123.73182563351824,126.08393706820912,2.352111434690883
66,Generic_Service,Completed,126.28814873698661,126.28941869011751,126.28941869011751,126.31712839414149,0.027709704023976656,0.028979657154882654,0.028979657154877714,0.0,STARLINK-32616,1,2,4,0.0012699531309059977,False,False,1.3065813917269847e-06,2.4499523530995496e-05,2.580610492272248e-05,149999.9999669303,99.99999997795354,N/A,126.28814873698661,128.08686496113694,1.7987162241503256
64,CPU_and_Data_Intensive,Completed,125.8823083775539,125.98783844172296,125.98783844172296,126.78719803264114,0.7993595909181863,0.904889655087245,0.9048896550872456,0.6949464965172183,STARLINK-32616,1,2,3,0.10553006416905868,False,False,3.474732482586077e-05,0.10441309440096551,0.10444784172579137,149999.89551908858,99.99993034605905,N/A,125.8823083775539,129.08813784158247,3.205829464028568
65,CPU_Intensive,Completed,126.02890253126066,126.03016246030334,126.03016246030334,127.56752697508925,1.5373645147859065,1.5386244438286019,1.5386244438285956,0.0,STARLINK-32616,1,2,4,0.0012599290426953812,False,False,7.682720558430974e-05,1.2736701295407247e-05,8.956390687971699e-05,149999.89544226133,99.9999302948409,N/A,126.02890253126066,130.08941070809064,4.060508176829984
67,CPU_Intensive,Completed,126.35111443387967,126.35239075901734,126.35239075901734,128.1796746553827,1.8272838963653726,1.8285602215030352,1.8285602215030394,0.0,STARLINK-32616,1,2,6,0.0012763251376626313,False,False,9.126120952654312e-05,3.197679040928055e-05,0.00012323799993582368,149999.89535091261,99.99993023394175,N/A,126.35111443387967,132.09592020462816,5.744805770748485
71,CPU_Intensive,Completed,130.19611178562505,130.19803390839306,130.19803390839306,130.22011172729867,0.022077818905614777,0.02399994167363338,0.023999941673622516,0.0,STARLINK-1372,1,2,1,0.0019221227680186032,False,False,9.969708236148283e-07,3.3198549654971965e-05,3.419552047858679e-05,149999.99999900302,99.99999999933534,N/A,130.19611178562505,133.09933186700385,2.903220081378805
73,Generic_Service,Completed,131.65027591516642,131.65217776887502,131.65217776887502,131.99528906938755,0.3431113005125326,0.34501315422113654,0.3450131542211352,0.0,STARLINK-1372,1,2,3,0.0019018537086039789,False,False,1.7135246483887596e-05,6.308879061624725e-06,2.344412554551232e-05,149999.99998186773,99.99999998791182,N/A,131.65027591516642,134.10092765544604,2.450651740279625
72,Generic_Service,Completed,130.59233275701365,130.59425745467226,130.59425745467226,133.74016678438392,3.1459093297116567,3.147834027370254,3.1478340273702656,0.0,STARLINK-1372,1,2,2,0.0019246976585972617,False,False,0.00015717754488685183,3.661449304226528e-05,0.0001937920379291171,149999.9998246902,99.9999998831268,N/A,130.59233275701365,136.1079540802264,5.515621323212741
91,CPU_and_Data_Intensive,Completed,156.49055506483316,156.49356368563434,156.49356368563434,156.61204622977436,0.11848254414002213,0.12149116494119354,0.12149116494120449,0.11509394990869737,STARLINK-1372,1,2,6,0.003008620801171406,False,False,5.754697495435486e-06,0.0033885942313389584,0.0033943489288343937,149999.99643034124,99.9999976202275,N/A,156.49055506483316,158.1187246330367,1.628169568203532
90,CPU_Intensive,Completed,156.44435578227476,156.4450471426301,156.4450471426301,159.7010088824324,3.255961739802302,3.2566531001576573,3.2566531001576493,0.0,STARLINK-1372,1,2,5,0.0006913603553550393,False,False,0.0001627300204329269,2.1134571710223563e-05,0.00018386459214315046,149999.99626760883,99.99999751173922,N/A,156.44435578227476,162.12552527144874,5.681169489173982
69,CPU_Intensive,Completed,129.37175523331393,129.37309159995982,129.37309159995982,130.16622080896215,0.7931292090023305,0.7944655756482255,0.7944655756482177,0.0,STARLINK-5145,1,2,1,0.001336366645894939,False,False,3.9632271238047663e-05,7.51071683668029e-06,4.714298807472796e-05,149999.99996036774,99.9999999735785,N/A,129.37175523331393,132.0959202046522,2.7241649713382685
70,CPU_Intensive,Completed,129.74163725037135,129.74298535787662,129.74298535787662,130.27407545797948,0.5310901001028583,0.5324382076081328,0.5324382076081235,0.0,STARLINK-5145,1,2,2,0.0013481075052744849,False,False,2.6488090919407966e-05,2.062148161347239e-05,4.710957253288036e-05,149999.99993387965,99.99999995591976,N/A,129.74163725037135,133.09933186703418,3.357694616662826
89,CPU_and_Data_Intensive,Completed,155.95557939436424,156.09412444642638,156.09412444642638,156.2606638271895,0.16653938076311192,0.30508443282526054,0.30508443282525377,0.001459088534431885,STARLINK-5145,1,2,5,0.13854505206214862,False,False,7.295442672209646e-08,0.16508029222867235,0.16508036518309907,149999.83485351442,99.99988990234294,N/A,155.95557939436424,159.12022219342523,3.1646427990609993
88,CPU_Intensive,Completed,155.21101543425485,155.21249871908697,155.21249871908697,157.48075944938617,2.268260730299204,2.2697440151313124,2.269744015131323,0.0,STARLINK-5145,1,2,4,0.001483284832108353,False,False,0.00011337855649957609,1.0705997009683105e-05,0.0001240845535092592,149999.83474002624,99.99988982668417,N/A,155.21101543425485,160.12221034907915,4.911194914824307
83,CPU_and_Data_Intensive,Completed,144.5660684458365,144.56837738713392,144.56837738713392,144.87051032205056,0.30213293491664217,0.30444187621407615,0.3044418762140708,0.29931366330089304,STARLINK-4481,1,2,2,0.002308941297433993,False,False,1.4965683165045317e-05,0.0028192716157631323,0.0028342372989281777,149999.9971657627,99.99999811050847,N/A,144.5660684458365,146.11177586306465,1.545707417228158
75,CPU_Intensive,Completed,132.5380193259119,132.53928590936124,132.53928590936124,132.56551745662418,0.026231547262938193,0.027498130712260264,0.02749813071227436,0.0,STARLINK-32902,1,2,2,0.0012665834493220693,False,False,1.252308435666802e-06,1.840291987365987e-05,1.9655228309326672e-05,149999.9999987477,99.99999999916513,N/A,132.5380193259119,135.1063645285228,2.5683452026108853
74,Generic_Service,Completed,132.05348941021398,132.05476661585215,132.05476661585215,133.14105445922792,1.0862878433757714,1.0875650490139437,1.0875650490139321,0.0,STARLINK-32902,1,2,1,0.001277205638172161,False,False,5.42132647572694e-05,3.139992117890898e-05,8.561318593617838e-05,149999.9999445344,99.99999996302293,N/A,132.05348941021398,135.10636452853828,3.0528751183242946
76,CPU_and_Data_Intensive,Completed,132.82744613058566,132.82927574820627,132.82927574820627,133.14271037126113,0.31343462305486014,0.3152642406754769,0.3152642406754751,0.31272730790018954,STARLINK-32902,1,2,4,0.0018296176206167693,False,False,1.563636539500968e-05,0.0007073151546767465,0.0007229515200717562,149999.99922158287,99.99999948105524,N/A,132.82744613058566,136.10795408025254,3.280507949666884
84,CPU_and_Data_Intensive,Completed,148.32394620155162,148.33172977747336,148.33172977747336,151.77689333676454,3.4451635592911884,3.4529471352129146,3.4529471352129235,3.437455519839318,STARLINK-34536,1,1,2,0.007783575921726332,False,False,0.00017187277599196583,0.007708039451877955,0.00787991222786992,149999.99212008776,99.99999474672518,N/A,148.32394620155162,152.11177586542988,3.787829663878256
85,Generic_Service,Completed,151.4654637633719,151.46682372790926,151.46682372790926,151.99259720439218,0.5257734764829252,0.5271334410202869,0.5271334410202826,0.0,STARLINK-34536,1,1,3,0.0013599645373617855,False,False,2.6232574968838998e-05,1.741861685615223e-05,4.365119182499123e-05,149999.9920938552,99.99999472923679,N/A,151.4654637633719,153.1117758710383,1.6463121076664038
86,Generic_Service,Completed,153.08377456685056,153.084737440994,153.084737440994,154.6783939557445,1.5936565147505064,1.5946193888939353,1.594619388893932,0.0,STARLINK-31437,1,2,1,0.0009628741434289854,False,False,7.961438649091784e-05,2.1250291258652333e-05,0.00010086467774957017,149999.99992038563,99.99999994692375,N/A,153.08377456685056,156.1136989261763,3.029924359325747
87,CPU_and_Data_Intensive,Completed,153.85985985963154,153.8640611467865,153.8640611467865,154.70430833795993,0.8402471911734324,0.8444484783283989,0.8444484783283883,0.83666819675841,STARLINK-31437,1,2,3,0.004201287154966511,False,False,4.183340983792046e-05,0.0035789944150308606,0.003620827824868781,149999.9962995578,99.99999753303854,N/A,153.85985985963154,157.115604514074,3.255744654442452
122,CPU_and_Data_Intensive,Completed,205.86221348383793,205.8642995333866,205.8642995333866,205.99172051071233,0.12742097732572688,0.12950702687439056,0.12950702687439275,0.12677370034251112,STARLINK-5584,1,2,2,0.0020860495486636835,False,False,6.338685017125136e-06,0.0006472769832229284,0.0006536156682400535,149999.9993463843,99.9999995642562,N/A,205.86221348383793,206.14741467474823,0.28520119091029983
115,CPU_Intensive,Completed,192.840305012821,192.84249401039446,192.84249401039446,193.51467020175082,0.6721761913563569,0.6743651889298227,0.6743651889298121,0.0,STARLINK-34214,1,2,1,0.0021889975734658207,False,False,3.3499742984034864e-05,3.3865023168853665e-05,6.736476615288853e-05,149999.99996650027,99.99999997766685,N/A,192.840305012821,196.13775961529618,3.2974546024751703
113,CPU_and_Data_Intensive,Completed,191.3508077551196,191.35211530337259,191.35211530337259,192.5582270731022,1.2061117697296027,1.207419317982572,1.207419317982584,1.2054530040761335,STARLINK-31720,1,2,2,0.0013075482529694817,False,False,6.0272650203807165e-05,0.0006587656534655763,0.0007190383036693834,149999.99928096173,99.99999952064115,N/A,191.3508077551196,194.1356396885013,2.784831933381696
176,CPU_and_Data_Intensive,Completed,288.76629915251203,288.76721310067103,288.76721310067103,289.09813611184256,0.3309230111715351,0.33183695933051194,0.3318369593305306,0.33066993281465784,STARLINK-31720,1,2,4,0.0009139481589768571,False,False,1.653349664073225e-05,0.0002530783568913707,0.0002696118535321029,149999.99893310913,99.99999928873943,N/A,288.76629915251203,289.2254691785645,0.4591700260524476
114,CPU_and_Data_Intensive,Completed,192.40050779031273,192.40265149193357,192.40265149193357,192.48499447189133,0.08234297995775819,0.08448668157858286,0.08448668157859629,0.08156754611070482,STARLINK-30226,1,2,2,0.002143701620824672,False,False,4.078377305535475e-06,0.0007754338470666883,0.0007795122243722238,149999.99922048778,99.99999948032519,N/A,192.40050779031273,195.13775961478098,2.7372518244682453
172,Generic_Service,Completed,283.28307503860725,283.28369930125973,283.28369930125973,284.39436974309393,1.110670441834202,1.111294704486702,1.1112947044866814,0.0,STARLINK-30226,1,2,4,0.0006242626525002157,False,False,5.547299004690731e-05,1.8795116052485878e-05,7.426810609939319e-05,149999.99916501428,99.99999944334284,N/A,283.28307503860725,285.2199518531449,1.9368768145376407
171,Generic_Service,Completed,282.9892446409317,282.98986416896685,282.98986416896685,285.74195364921275,2.7520894802458997,2.7527090082810175,2.7527090082810446,0.0,STARLINK-30226,1,2,3,0.0006195280351178789,False,False,0.00013756263299797466,1.2991576981566205e-05,0.00015055420997954087,149999.99902745165,99.99999935163443,N/A,282.9892446409317,286.22165648376284,3.232411842831141
178,CPU_and_Data_Intensive,Completed,290.7102508705798,290.8237796998133,290.8237796998133,291.247266362397,0.4234866625836844,0.5370154918172328,0.5370154918172148,0.2823333726315127,STARLINK-30226,1,2,7,0.11352882923354841,False,False,1.4116668631574224e-05,0.14115328995215626,0.14116740662078783,149999.857860045,99.99990524003,N/A,290.7102508705798,292.2310253141685,1.5207744435887207
177,Generic_Service,Completed,290.36973822132506,290.3702232417744,290.3702232417744,291.8585250019717,1.4883017601973165,1.488786780646658,1.4887867806466488,0.0,STARLINK-30226,1,2,6,0.000485020449341295,False,False,7.430992125898024e-05,3.26541304564297e-05,0.00010696405171540995,149999.8577857351,99.99990519049007,N/A,290.36973822132506,294.2340497036639,3.8643114823388487
116,Generic_Service,Completed,197.1636047181894,197.1644563300448,197.1644563300448,198.68059657857773,1.5161402485329347,1.5169918603883499,1.5169918603883445,0.0,STARLINK-31691,1,2,1,0.0008516118554152373,False,False,7.574596632801975e-05,1.895472905315549e-05,9.470069538117523e-05,149999.99992425402,99.99999994950268,N/A,197.1636047181894,200.13880095066375,2.97519623247436
117,CPU_and_Data_Intensive,Completed,197.91543140271045,197.91655049019576,197.91655049019576,199.09597051077012,1.179420020574355,1.1805391080596663,1.1805391080596621,1.1791056145132757,STARLINK-31691,1,2,3,0.0011190874853112228,False,False,5.8955280725663514e-05,0.00031440606108908283,0.0003733613418147463,149999.99955089268,99.99999970059513,N/A,197.91543140271045,201.13983089504853,3.2243994923380797
152,CPU_and_Data_Intensive,Completed,250.43577168408046,250.4379605130346,250.4379605130346,251.59680060410543,1.1588400910708287,1.1610289200249566,1.161028920024961,1.1582697131301245,STARLINK-31691,1,2,5,0.002188828954127954,False,False,5.7913485656506214e-05,0.0005703779407164557,0.000628291426372962,149999.99892260102,99.99999928173402,N/A,250.43577168408046,252.19003334258053,1.75426165850007
120,CPU_Intensive,Completed,203.60666850637688,203.6078970671479,203.6078970671479,203.75251686186456,0.1446197947166752,0.14584835548768899,0.14584835548768638,0.0,STARLINK-30464,1,2,1,0.001228560771013793,False,False,7.139200930114976e-06,2.8500297015616798e-05,3.5639497945731776e-05,149999.9999928608,99.99999999524053,N/A,203.60666850637688,205.14381400376595,1.5371454973890764
131,CPU_and_Data_Intensive,Completed,218.09279619318022,218.25764951605208,218.25764951605208,218.9785291662331,0.7208796501810184,0.8857329730528899,0.8857329730528818,0.5166271372102926,STARLINK-30464,1,2,3,0.16485332287187146,False,False,2.5831356860514094e-05,0.2042525129707284,0.20427834432758893,149999.79571451643,99.99986380967762,N/A,218.09279619318022,220.16267827373542,2.069882080555203
121,Generic_Service,Completed,204.0948298561499,204.0962403823178,204.0962403823178,204.78352197574395,0.6872815934261496,0.6886921195940603,0.6886921195940658,0.0,STARLINK-3786,1,2,1,0.001410526167910682,False,False,3.427762839698988e-05,2.6843000909782144e-05,6.112062930677201e-05,149999.99996572238,99.99999997714826,N/A,204.0948298561499,207.1474146751893,3.0525848190394242
128,CPU_Intensive,Completed,213.03788562676849,213.03983407478398,213.03983407478398,214.9468707583348,1.907036683550814,1.9089851315663118,1.908985131566311,0.0,STARLINK-3786,1,2,2,0.0019484480154979328,False,False,9.528225874203756e-05,2.1603076337308114e-05,0.00011688533507934568,149999.9998704401,99.99999991362674,N/A,213.03788562676849,215.15775939451032,2.1198737677418364
133,Generic_Service,Completed,219.922259432614,219.92422551903553,219.92422551903553,219.97256859009144,0.048343071055910514,0.05030915747744117,0.05030915747744302,0.0,STARLINK-3786,1,2,4,0.0019660864215306547,False,False,2.336568720764649e-06,2.5021478706798634e-05,2.7358047427563282e-05,149999.9998681035,99.999999912069,N/A,219.922259432614,221.1645970707049,1.242337638090902
132,CPU_Intensive,Completed,219.18988975688956,219.19184634020976,219.19184634020976,220.27934380452297,1.087497464313202,1.0894540476333978,1.08945404763341,0.0,STARLINK-3786,1,2,3,0.0019565833201958547,False,False,5.4332916696253934e-05,1.3027441150974684e-05,6.736035784722862e-05,149999.99981377056,99.99999987584704,N/A,219.18988975688956,222.16649052250733,2.976600765617775
134,CPU_Intensive,Completed,220.37722733325802,220.37919875663232,220.37919875663232,220.87614540777815,0.4969466511458336,0.49891807452013426,0.4989180745201338,0.0,STARLINK-3786,1,2,5,0.0019714233743006707,False,False,2.476303394471295e-05,2.617460242232438e-05,5.093763636703733e-05,149999.99978900753,99.99999985933835,N/A,220.37722733325802,223.16649052251972,2.7892631892617032
123,CPU_Intensive,Completed,206.17565102387297,206.17739360352013,206.17739360352013,206.22890792325455,0.051514319734423,0.053256899381578036,0.05325689938158007,0.0,STARLINK-2251,1,2,1,0.0017425796471550396,False,False,2.486173827180192e-06,2.7802716489826723e-05,3.0288890317006915e-05,149999.99999751383,99.99999999834256,N/A,206.17565102387297,208.14933918138118,1.9736881575082066
126,CPU_and_Data_Intensive,Completed,211.34037289368825,211.34234609494106,211.34234609494106,211.68857369873643,0.34622760379537,0.3482008050481815,0.3482008050481795,0.3459560432312685,STARLINK-2251,1,2,3,0.001973201252811557,False,False,1.729780216156317e-05,0.0002715605641155647,0.0002888583662771279,149999.99970865544,99.99999980577029,N/A,211.34037289368825,213.1537326261085,1.8133597324202526
127,CPU_Intensive,Completed,211.44157637638142,211.44330624477624,211.44330624477624,212.48481237662247,1.0415061318462335,1.0432360002410406,1.043236000241052,0.0,STARLINK-2251,1,2,4,0.0017298683948070645,False,False,5.1999460030857444e-05,2.35502522567512e-05,7.554971228760865e-05,149999.99965665577,99.99999977110384,N/A,211.44157637638142,214.1557601289296,2.7141837525481662
119,CPU_Intensive,Completed,203.3417732709315,203.34284595827512,203.34284595827512,203.37127867731203,0.028432719036914023,0.029505406380530872,0.02950540638053667,0.0,STARLINK-3849,1,2,1,0.0010726873436168497,False,False,1.3713872853951534e-06,1.5602141320395155e-05,1.697352860579031e-05,149999.9999986286,99.99999999908573,N/A,203.3417732709315,206.14741467473627,2.8056414038047706
124,CPU_and_Data_Intensive,Completed,207.41309935427898,207.41519712834383,207.41519712834383,207.88937090688552,0.4741737785416831,0.4762715526065434,0.47627155260653353,0.4729769774133388,STARLINK-3849,1,2,3,0.00209777406486036,False,False,2.3648848870666418e-05,0.0011968011283394204,0.001220449977210087,149999.99877817862,99.99999918545241,N/A,207.41309935427898,209.15049868593022,1.7373993316512326
118,CPU_Intensive,Completed,201.5683924609402,201.56949014800978,201.56949014800978,202.6578338132476,1.0883436652378293,1.0894413523073903,1.0894413523074036,0.0,STARLINK-31958,1,2,1,0.0010976870695609481,False,False,5.4287185986387373e-05,4.0363973951215324e-05,9.46511599376027e-05,149999.9999457128,99.99999996380853,N/A,201.5683924609402,204.1411055506063,2.5727130896661095
129,CPU_Intensive,Completed,215.63154525018047,215.63375897479494,215.63375897479494,222.32123814416445,6.68747916936951,6.689692893983987,6.689692893983988,0.0,STARLINK-31958,1,1,2,0.0022137246144772935,False,False,0.00033426437377974524,3.4025894036957205e-05,0.0003682902678167025,149999.7953407411,99.99986356049408,N/A,215.63154525018047,223.16649052253925,7.534945272358783
125,CPU_and_Data_Intensive,Completed,209.24739123083677,209.25346092245846,209.25346092245846,209.60755948134857,0.3540985588901151,0.36016825051180557,0.3601682505118049,0.3476977825877725,STARLINK-2170,1,2,2,0.006069691621690467,False,False,1.7384889129388965e-05,0.0064007763023443635,0.006418161191473752,149999.99358183882,99.99999572122587,N/A,209.24739123083677,211.1517051188127,1.9043138879759454
130,CPU_Intensive,Completed,216.9661986700431,216.9674245949122,216.9674245949122,217.4710929112851,0.5036683163729094,0.504894241242003,0.504894241241999,0.0,STARLINK-31734,1,2,1,0.0012259248690935764,False,False,2.512481874260665e-05,1.8194310931874986e-05,4.331912967448164e-05,149999.9999748752,99.99999998325012,N/A,216.9661986700431,219.1607596446604,2.1945609746173034
137,Generic_Service,Completed,226.80727997931027,226.80878140221617,226.80878140221617,226.96791145606693,0.15913005385075962,0.16063147675667566,0.160631476756663,0.0,STARLINK-31734,1,2,3,0.001501422905916026,False,False,7.894843937056765e-06,1.9144958157624536e-05,2.70398020946813e-05,149999.9999669803,99.99999997798687,N/A,226.80727997931027,228.16784890982922,1.3605689305189514
136,Generic_Service,Completed,226.42986816372314,226.43136225943155,226.43136225943155,227.9392684446922,1.5079061852606515,1.5094002809690514,1.5094002809690608,0.0,STARLINK-31734,1,2,2,0.001494095708399947,False,False,7.536183213107252e-05,1.0394603095633596e-05,8.575643522670611e-05,149999.99989161844,99.99999992774563,N/A,226.42986816372314,229.16920852170003,2.739340357976886
139,Generic_Service,Completed,230.44390547910442,230.4453958587726,230.4453958587726,231.15790430133228,0.712508442559681,0.7139988222278572,0.7139988222278646,0.0,STARLINK-31734,1,2,5,0.0014903796681761496,False,False,3.558116804685364e-05,1.3740830883603428e-05,4.932199893045707e-05,149999.99985603726,99.99999990402483,N/A,230.44390547910442,232.17056935924285,1.7266638801384318
138,Generic_Service,Completed,228.78063984365718,228.7821511697381,228.7821511697381,231.9441567613681,3.162005591629992,3.163516917710921,3.163516917710922,0.0,STARLINK-31734,1,2,4,0.0015113260809290028,False,False,0.00015798768695623116,3.4959854164888886e-05,0.00019294754112112003,149999.99969804956,99.99999979869972,N/A,228.78063984365718,233.1719314235745,4.391291579917322
144,Generic_Service,Completed,239.4867391096076,239.48749568100493,239.48749568100493,239.73183328024712,0.24433759924218634,0.24509417063949973,0.24509417063950423,0.0,STARLINK-5367,1,2,1,0.0007565713973133858,False,False,1.2199032974385278e-05,5.541464963817827e-06,1.7740497938203104e-05,149999.99998780095,99.9999999918673,N/A,239.4867391096076,242.1788039197159,2.692064810108292
148,Generic_Service,Completed,243.50442326415782,243.5060253016608,243.5060253016608,244.8824602913486,1.3764349896877945,1.3780370271907731,1.3780370271907714,0.0,STARLINK-5367,1,3,2,0.0016020375029786313,False,False,6.869585830979362e-05,3.9089035308203624e-05,0.00010778489361799724,149999.9999191051,99.99999994607006,N/A,243.50442326415782,247.1861695669366,3.6817463027787767
149,CPU_and_Data_Intensive,Completed,244.00514846600367,244.0137435800444,244.0137435800444,244.96107953278374,0.947335952739337,0.9559310667800781,0.9559310667800673,0.9402604084654627,STARLINK-5367,1,2,4,0.008595114040741062,False,False,4.701302042327349e-05,0.007075544273880887,0.007122557294304161,149999.9927965478,99.99999519769854,N/A,244.00514846600367,248.18616956696417,4.181021100960493
145,Generic_Service,Completed,240.00497273375325,240.00590064108405,240.00590064108405,240.5389567253303,0.5330560842462546,0.5339839915770475,0.5339839915770597,0.0,STARLINK-32168,1,2,1,0.0009279073307928719,False,False,2.6630020880885465e-05,7.074192845247001e-06,3.370421372613247e-05,149999.99997336997,99.99999998224665,N/A,240.00497273375325,243.18016245383615,3.175189720082898
146,CPU_Intensive,Completed,240.022541830089,240.02347502109455,240.02347502109455,242.17022555890648,2.1467505378119256,2.1476837288174773,2.1476837288174693,0.0,STARLINK-32168,1,2,2,0.0009331910055518629,False,False,0.00010729422580334005,1.3444927605572553e-05,0.0001207391534089126,149999.99986607573,99.99999991071715,N/A,240.022541830089,244.18016245384118,4.157620623752166
150,CPU_and_Data_Intensive,Completed,245.52837824176024,245.60332080653438,245.60332080653438,247.687162699741,2.0838418932066247,2.1587844579807607,2.1587844579807722,1.9875972586005162,STARLINK-32168,1,2,4,0.07494256477413616,False,False,9.937986293002586e-05,0.09624463460609765,0.09634401446902768,149999.90352206127,99.99993568137418,N/A,245.52837824176024,249.1873051852489,3.658926943488666
151,Generic_Service,Completed,246.48737527270862,246.48867473445307,246.48867473445307,247.98003596597945,1.4913612315263833,1.4926606932708226,1.4926606932708353,0.0,STARLINK-32168,1,2,5,0.001299461744439217,False,False,7.451789733990879e-05,1.5575925909831153e-05,9.009382324973994e-05,149999.9034475434,99.99993563169559,N/A,246.48737527270862,250.18844082090948,3.7010655482008588
157,CPU_and_Data_Intensive,Completed,260.47602394194826,260.5872993474558,260.5872993474558,261.88573770636316,1.2984383589073332,1.409713764414923,1.409713764414903,1.169617795849831,STARLINK-31730,1,2,2,0.11127540550758985,False,False,5.8480889792491236e-05,0.12882056305748418,0.12887904394727667,149999.87112095606,99.99991408063738,N/A,260.47602394194826,263.1977688087899,2.721744866841618
158,Generic_Service,Completed,261.0606593958234,261.06223491901517,261.06223491901517,263.52181442380123,2.4595795047860634,2.461155027977826,2.4611550279778385,0.0,STARLINK-31730,1,2,3,0.001575523191762781,False,False,0.00012285715879787766,3.7823836303970635e-05,0.0001606809951018483,149999.87099800742,99.9999139986716,N/A,261.0606593958234,266.20325560059223,5.142596204768836
142,CPU_and_Data_Intensive,Completed,237.54627496676008,237.54771862974874,237.54771862974874,237.6168855559489,0.06916692620015397,0.07061058918882708,0.07061058918881713,0.06836288535421886,STARLINK-33830,1,2,3,0.0014436629886731135,False,False,3.4181442677116048e-06,0.0008040408459302159,0.0008074589901979275,149999.999192541,99.999999461694,N/A,237.54627496676008,239.1732775650752,1.62700259831513
141,Generic_Service,Completed,236.69688443947277,236.69765953295095,236.69765953295095,239.0808280925643,2.3831685596133525,2.3839436530915306,2.383943653091535,0.0,STARLINK-33830,1,2,2,0.000775093478177943,False,False,0.00011904925756604224,3.3897262501277386e-05,0.00015294652006731964,149999.9990734912,99.99999938232746,N/A,236.69688443947277,240.17555628122747,3.4786718417547036
147,CPU_and_Data_Intensive,Completed,242.28436015147028,242.28578718149393,242.28578718149393,243.39027086983592,1.1044836883419862,1.10591071836563,1.1059107183656351,1.1040195483165007,STARLINK-30516,1,2,2,0.0014270300236439177,False,False,5.520097741582474e-05,0.00046414002548559116,0.0005193410029014159,149999.999480659,99.99999965377266,N/A,242.28436015147028,245.18220108992577,2.897840938455488
165,Generic_Service,Completed,270.5954207669602,270.59684910939603,270.59684910939603,270.6092860845644,0.012436975168384379,0.013865317604196408,0.013865317604199845,0.0,STARLINK-30516,1,2,3,0.0014283424358120297,False,False,5.129606630956089e-07,3.380960274943075e-05,3.432256341252636e-05,149999.99948014563,99.99999965343042,N/A,270.5954207669602,273.21115852083295,2.615737753872736
168,CPU_and_Data_Intensive,Completed,276.9482491061242,276.9495795307815,276.9495795307815,277.260305234951,0.3107257041694993,0.3120561288268081,0.31205612882678224,0.3107125764017269,STARLINK-30516,1,2,5,0.0013304246573087942,False,False,1.553562882008712e-05,1.3127767756204918e-05,2.8663396576292035e-05,149999.9994514822,99.99999963432147,N/A,276.9482491061242,279.21385809146574,2.2656089853415438
169,CPU_and_Data_Intensive,Completed,276.99732746360405,277.07180606307503,277.07180606307503,277.5123450932767,0.44053903020164853,0.5150176296726183,0.5150176296726272,0.3589020985858724,STARLINK-30516,1,2,7,0.07447859947096985,False,False,1.7945104929294506e-05,0.08163693161576081,0.0816548767206901,149999.9177966055,99.99994519773699,N/A,276.99732746360405,280.2165165235658,3.2191890599617636
143,CPU_and_Data_Intensive,Completed,238.11186246454162,238.11435036548383,238.11435036548383,238.86994878580563,0.7555984203218031,0.7580863212640045,0.7580863212640168,0.7528350875332706,STARLINK-34595,1,2,2,0.0024879009422014067,False,False,3.764175437666412e-05,0.0027633327885221914,0.0028009745428988556,149999.99719902544,99.99999813268363,N/A,238.11186246454162,241.17745050477245,3.0655880402308355
153,CPU_Intensive,Completed,254.93397333799484,254.93562855183214,254.93562855183214,255.85468563974553,0.9190570879133872,0.9207123017506822,0.9207123017506831,0.0,STARLINK-5742,1,2,1,0.001655213837294908,False,False,4.592618340787602e-05,8.281304761230587e-06,5.4207488169106604e-05,149999.9999540738,99.99999996938254,N/A,254.93397333799484,257.19170124065573,2.257727902660889
159,CPU_Intensive,Completed,262.082784887857,262.08434164883334,262.08434164883334,262.21385687999174,0.12951523115839336,0.13107199213479176,0.13107199213476406,0.0,STARLINK-5742,1,2,2,0.0015567609763984095,False,False,6.430888738616353e-06,1.3932948228131558e-05,2.036383696674791e-05,149999.9999476429,99.99999996509527,N/A,262.082784887857,265.2032556003168,3.1204707124598485
160,CPU_and_Data_Intensive,Completed,262.24073418393675,262.24252530296513,262.24252530296513,263.8172751932177,1.5747498902525763,1.576541009280957,1.5765410092809589,1.5744277835142952,STARLINK-5742,1,2,4,0.0017911190283806959,False,False,7.872138917571343e-05,0.00032210673826718936,0.0004008281274429028,149999.9995468148,99.99999969787653,N/A,262.24073418393675,265.20325560032677,2.962521416390018
164,CPU_and_Data_Intensive,Completed,269.34878653402143,269.35101957964986,269.35101957964986,269.3628177179919,0.01179813834204424,0.014031183970458536,0.014031183970473649,0.01085885783595586,STARLINK-5742,1,2,6,0.002233045628414296,False,False,5.429428917991706e-07,0.0009392805060766823,0.0009398234489684815,149999.99860699114,99.99999907132742,N/A,269.34878653402143,271.2083096979067,1.8595231638852852
154,Generic_Service,Completed,256.0319742621423,256.0332356626675,256.0332356626675,256.25817841027566,0.2249427476081678,0.226204148133351,0.22620414813337675,0.0,STARLINK-31274,1,2,1,0.001261400525183209,False,False,1.1131302357488128e-05,3.596661414326878e-05,4.7097916500756906e-05,149999.9999888687,99.99999999257912,N/A,256.0319742621423,258.19300205225926,2.161027790116975
155,CPU_Intensive,Completed,258.88834034740523,258.8895930558674,258.8895930558674,258.89436019444594,0.004767138578529284,0.006019847040693752,0.006019847040704462,0.0,STARLINK-31274,1,2,2,0.0012527084621644685,False,False,1.4960037055635703e-07,2.7558788414156707e-05,2.7708388784713065e-05,149999.99998871906,99.99999999247937,N/A,258.88834034740523,260.19430195209014,1.30596160468491
156,CPU_and_Data_Intensive,Completed,260.25953432281966,260.2690229601665,260.2690229601665,261.6670069555037,1.3979839953371993,1.4074726326840443,1.4074726326840619,1.3890022555881956,STARLINK-31274,1,2,4,0.009488637346845023,False,False,6.945011277940969e-05,0.008981739748993653,0.009051189861773062,149999.99093752916,99.99999395835277,N/A,260.25953432281966,264.1994354794638,3.939901156644112
180,CPU_and_Data_Intensive,Completed,291.8120859467483,291.8134444580754,291.8134444580754,292.1984198734754,0.38497541539999247,0.386333926727111,0.3863339267271044,0.3847170993054192,STARLINK-1142,1,2,3,0.0013585113271185065,False,False,1.923585496527001e-05,0.00025831609454614026,0.00027755194951141027,149999.99972244806,99.99999981496538,N/A,291.8120859467483,293.2340497034923,1.4219637567439918
179,Generic_Service,Completed,291.27830594723287,291.27942931881694,291.27942931881694,299.04357736163195,7.764148042815009,7.765271414399102,7.765271414399081,0.0,STARLINK-1142,1,1,2,0.0011233715840928073,False,False,0.0003881665841556613,1.2673927822442464e-05,0.00040084051197810376,149999.99933428128,99.99999955618752,N/A,291.27830594723287,N/A,N/A
161,CPU_and_Data_Intensive,Completed,268.0505794665906,268.221989113623,268.221989113623,268.9671230809533,0.7451339673302755,0.9165436143627105,0.9165436143626948,0.5302353305729071,STARLINK-4497,1,2,2,0.17140964703243503,False,False,2.651176652864556e-05,0.21489863675736035,0.214925148523889,149999.78507485148,99.99985671656765,N/A,268.0505794665906,270.20495899010893,2.154379523518344
163,CPU_and_Data_Intensive,Completed,268.7380730101619,268.7483513714467,268.7483513714467,269.22264608148646,0.4742947100397714,0.48457307132459404,0.4845730713245757,0.46465429106484635,STARLINK-4497,1,2,5,0.010278361284822629,False,False,2.3232714553242816e-05,0.00964041897493146,0.009663651689484703,149999.77541102323,99.99985027401549,N/A,268.7380730101619,272.2111585138898,3.47308550372793
162,Generic_Service,Completed,268.68769333139795,268.68990739819736,268.68990739819736,269.4818881777019,0.7919807795045131,0.7941948463039434,0.7941948463039239,0.0,STARLINK-4497,1,2,4,0.0022140667994304166,False,False,3.948400498832747e-05,3.571789356873459e-05,7.520189855706206e-05,149999.77537153923,99.99985024769282,N/A,268.68769333139795,272.21115852080123,3.5234651894032822
167,CPU_and_Data_Intensive,Completed,276.46311437651894,276.46524617890526,276.46524617890526,276.8717310529071,0.4064848740018192,0.40861667638812926,0.40861667638813515,0.4056459682279865,STARLINK-33738,1,2,3,0.002131802386310058,False,False,2.0282298411398988e-05,0.000838905773841794,0.0008591880722531929,149999.99914081194,99.99999942720797,N/A,276.46311437651894,278.21234504869653,1.749230672177589
166,CPU_Intensive,Completed,275.100975940771,275.10249350254895,275.10249350254895,278.26193355429,3.1594400517410577,3.16095761351903,3.160957613519031,0.0,STARLINK-33738,1,2,2,0.0015175617779725312,False,False,0.00015795557390198088,5.101083955229625e-06,0.0001630566578572105,149999.9989828556,99.99999932190374,N/A,275.100975940771,281.218239547289,6.117263606518009
182,CPU_Intensive,Completed,294.3345288504305,294.3356664144303,294.3356664144303,295.52167332318066,1.1860069087503575,1.1871444727501743,1.1871444727501625,0.0,STARLINK-1554,1,2,2,0.0011375639998167705,False,False,5.918674660195597e-05,3.5272281067241256e-05,9.445902766919723e-05,149999.99994081326,99.99999996054217,N/A,294.3345288504305,297.23790353129857,2.903374680868069
183,Generic_Service,Completed,295.33507642672106,295.3362026537788,295.3362026537788,295.5550681009783,0.21886544719950507,0.21999167425723282,0.21999167425724409,0.0,STARLINK-1554,1,2,3,0.001126227057727739,False,False,1.088261993803888e-05,1.8832492986291575e-05,2.9715112924330456e-05,149999.99992993064,99.99999995328709,N/A,295.33507642672106,299.24556658511295,3.9104901583918945
181,CPU_Intensive,Completed,292.98784502668724,292.98900440018826,292.98900440018826,295.57735639677634,2.5883519965880737,2.589511370089084,2.589511370089099,0.0,STARLINK-1554,1,2,1,0.0011593735010103706,False,False,0.00012932174466372628,2.976289614909176e-05,0.00015908464081281805,149999.9998006089,99.9999998670726,N/A,292.98784502668724,298.24369265182537,5.255847625138131
187,CPU_and_Data_Intensive,Completed,297.5903395627758,297.72600746767046,297.72600746767046,299.5702093531531,1.8442018854826188,1.9798697903772566,1.979869790377279,1.684362401935232,STARLINK-1554,1,0,5,0.13566790489463784,False,False,8.421812009676204e-05,0.1598394835473946,0.15992370166749137,149999.83987690712,99.99989325127142,N/A,297.5903395627758,N/A,N/A
170,CPU_Intensive,Completed,278.9374557576223,278.9392987609794,278.9392987609794,279.66626735109264,0.7269685901132448,0.7288115934703651,0.7288115934703683,0.0,STARLINK-32426,1,2,1,0.001843003357120269,False,False,3.629283309833917e-05,1.72626074534475e-05,5.355544055178667e-05,149999.99996370717,99.99999997580478,N/A,278.9374557576223,281.21823954729365,2.280783789671375
184,CPU_and_Data_Intensive,Completed,295.8506325965363,296.00725206357083,296.00725206357083,296.505853000988,0.4986009374171658,0.6552204044517349,0.6552204044517111,0.3314249409130525,STARLINK-32426,1,2,3,0.15661946703456908,False,False,1.6571247045651647e-05,0.16717599650410575,0.1671925677511514,149999.8327711394,99.99988851409293,N/A,295.8506325965363,298.2436926518513,2.3930600553150043
186,Generic_Service,Completed,296.2840083709255,296.2853486126671,296.2853486126671,296.526286361149,0.24093774848188332,0.24227799022349572,0.24227799022349927,0.0,STARLINK-32426,1,2,5,0.001340241741612396,False,False,1.1973035879649294e-05,2.2930802239762257e-05,3.490383811941155e-05,149999.83275916637,99.9998885061109,N/A,296.2840083709255,299.24556658512876,2.961558214203251
185,Generic_Service,Completed,296.130027021104,296.13135858188855,296.13135858188855,296.7069291913481,0.5755706094595325,0.5769021702440553,0.5769021702440682,0.0,STARLINK-32426,1,1,4,0.0013315607845228409,False,False,2.8741936422241413e-05,1.1362402057387563e-05,4.0104338479628976e-05,149999.83273042444,99.99988848694963,N/A,296.130027021104,N/A,N/A
173,CPU_Intensive,Completed,287.0156401498616,287.01738852261946,287.01738852261946,287.3468066999356,0.32941817731614265,0.33116655007400325,0.33116655007398776,0.0,STARLINK-5132,1,2,1,0.0017483727578605866,False,False,1.6448882678797884e-05,6.8391005523052975e-06,2.328798323110318e-05,149999.99998355113,99.99999998903408,N/A,287.0156401498616,289.2254691785593,2.2098290286976976
175,CPU_and_Data_Intensive,Completed,287.6999257732209,287.7063149227866,287.7063149227866,288.514969596316,0.8086546735294178,0.8150438230950717,0.8150438230950954,0.8019636104667143,STARLINK-5132,1,2,4,0.006389149565653975,False,False,4.0098180523335986e-05,0.006691063062714252,0.0067311612432375875,149999.9932523899,99.99999550159326,N/A,287.6999257732209,290.22741747685814,2.5274917036372244
174,Generic_Service,Completed,287.36775264171206,287.36950999066534,287.36950999066534,288.8868537295463,1.5173437388809816,1.5191010878342301,1.5191010878342581,0.0,STARLINK-5132,1,2,3,0.0017573489532486052,False,False,7.580352246167912e-05,1.976773357789776e-05,9.557125603957688e-05,149999.99317658637,99.99999545105757,N/A,287.36775264171206,291.2293434931693,3.861590851457265
53,CPU_Intensive,Completed,101.59602895361216,101.59740664310058,101.59740664310058,102.73145063661238,1.1340439935117956,1.1354216830002133,1.1354216830002173,0.0,STARLINK-31973,1,2,1,0.0013776894884176213,False,False,5.659790665913844e-05,3.238283712524368e-05,8.898074378438213e-05,149999.9999434021,99.99999996226808,N/A,101.59602895361216,104.06942141247441,2.47339245886225
56,Generic_Service,Completed,107.3483740582652,107.3501201406605,107.3501201406605,107.60186770578021,0.2517475651197145,0.2534936475150203,0.2534936475150147,0.0,STARLINK-31973,1,2,3,0.00174608239530576,False,False,1.2537939884873123e-05,1.5350545740806492e-05,2.7888485625679617e-05,149999.99993086414,99.99999995390942,N/A,107.3483740582652,109.07282696806205,1.7244529097968524
57,CPU_Intensive,Completed,107.73413124035206,107.73587747911395,107.73587747911395,107.92799410469551,0.19211662558156206,0.19386286434346345,0.19386286434345834,0.0,STARLINK-31973,1,2,4,0.0017462387619013788,False,False,9.55575289339804e-06,1.5549269377266888e-05,2.5105022270664928e-05,149999.9999213084,99.99999994753892,N/A,107.73413124035206,110.07615232300687,2.34202108265481
55,CPU_and_Data_Intensive,Completed,106.41300234912282,106.4153485423691,106.4153485423691,108.23270876101024,1.8173602186411415,1.8197064118874215,1.8197064118874238,1.8165821974615994,STARLINK-31973,1,2,3,0.0023461932462800735,False,False,9.082910987307962e-05,0.0007780211795362939,0.0008688502894093735,149999.99905245812,99.99999936830541,N/A,106.41300234912282,112.07743179300367,5.664429443880849
34,CPU_and_Data_Intensive,Completed,53.409219480014116,53.4986122944055,53.4986122944055,54.14374134832813,0.6451290539226306,0.7345218683140112,0.7345218683140118,0.5542526441955076,STARLINK-5736,1,2,2,0.08939281439138055,False,False,2.771263220977537e-05,0.09087640972712538,0.09090412235933515,149999.90909587764,99.99993939725175,N/A,53.409219480014116,56.042224567982046,2.6330050879679305
38,CPU_and_Data_Intensive,Completed,65.46433119630775,65.4669667611849,65.4669667611849,65.66795111184805,0.20098435066314835,0.203619915540305,0.20361991554030112,0.2000532730319975,STARLINK-2525,1,2,2,0.002635564877156653,False,False,1.0002663651599687e-05,0.0009310776311475317,0.0009410802947991313,149999.9990589197,99.99999937261313,N/A,65.46433119630775,67.047480877735,1.583149681427244
43,CPU_Intensive,Completed,71.70872630832875,71.71010248338179,71.71010248338179,72.04797305731059,0.3378705739287966,0.33924674898182927,0.3392467489818358,0.0,STARLINK-32701,1,2,2,0.0013761750530326795,False,False,1.6793054562496082e-05,3.11970793970582e-05,4.7990133959554285e-05,149999.99998320694,99.99999998880463,N/A,71.70872630832875,73.05314862138565,1.3444223130568957
42,Generic_Service,Completed,69.37777022174798,69.37914291238874,69.37914291238874,74.26207977110585,4.882936858717102,4.884309549357867,4.884309549357866,0.0,STARLINK-32701,1,2,1,0.0013726906407651176,False,False,0.00024405891558994093,2.730131909557801e-05,0.00027136023468551896,149999.999739148,99.99999982609867,N/A,69.37777022174798,76.05449486019408,6.676724638446103
26,CPU_and_Data_Intensive,Completed,41.40293493509156,41.4047917100558,41.4047917100558,42.446056506510786,1.041264796454989,1.0431215714192281,1.0431215714192277,1.0403614258296727,STARLINK-5712,1,2,2,0.0018567749642391938,False,False,5.20180712914838e-05,0.0009033706253181899,0.0009553886966096737,149999.99904461132,99.99999936307421,N/A,41.40293493509156,44.03221890083102,2.629283965739461
27,Generic_Service,Completed,42.42960991885996,42.43072516472667,42.43072516472667,42.69016215410799,0.25943698938132087,0.26055223524803073,0.26055223524802784,0.0,STARLINK-5712,1,2,3,0.0011152458667098575,False,False,1.291586184520007e-05,1.738407964767547e-05,3.029994149287554e-05,149999.99903169545,99.99999935446363,N/A,42.42960991885996,45.033320490302366,2.603710571442406
45,CPU_Intensive,Completed,79.44942640185376,79.4512189442194,79.4512189442194,80.24410819042298,0.7928892462035719,0.7946817885692273,0.7946817885692212,0.0,STARLINK-3850,1,2,1,0.0017925423656553973,False,False,3.952474758377441e-05,3.717125670101191e-05,7.669600428478632e-05,149999.99996047525,99.99999997365016,N/A,79.44942640185376,82.05798287870564,2.608556476851888
47,CPU_and_Data_Intensive,Completed,85.83034017809493,85.83259077993006,85.83259077993006,87.89006220432893,2.0574714243988694,2.0597220262339935,2.059722026233999,2.0568251061291534,STARLINK-3850,1,2,3,0.0022506018351239406,False,False,0.0001028412553064574,0.0006463182697141358,0.0007491595250205932,149999.99921131568,99.99999947421045,N/A,85.83034017809493,89.06167089922285,3.231330721127918
48,CPU_Intensive,Completed,86.95883228744454,86.96067236116696,86.96067236116696,87.90952261030661,0.9488502491396531,0.9506903228620752,0.9506903228620729,0.0,STARLINK-3850,1,2,4,0.0018400737224221295,False,False,4.73268010477289e-05,3.592823227171568e-05,8.325503331944458e-05,149999.99916398886,99.99999944265923,N/A,86.95883228744454,90.06442658705214,3.1055942996076027
93,CPU_and_Data_Intensive,Completed,159.42539761597124,159.42753967812635,159.42753967812635,159.70553485637726,0.2779951782509045,0.2801372404060095,0.2801372404060203,0.2773938716797204,STARLINK-3850,1,2,6,0.002142062155105015,False,False,1.3869693583985613e-05,0.0006013065711888314,0.000615176264772817,149999.99854881203,99.99999903254135,N/A,159.42539761597124,160.12391356592596,0.6985159499547251
97,CPU_and_Data_Intensive,Completed,164.2179317733602,164.22822469002128,164.22822469002128,166.45233980120994,2.2241151111886666,2.234408027849758,2.234408027849753,2.215280843029916,STARLINK-3850,1,2,8,0.010292916661091063,False,False,0.00011076404215149635,0.008834268158739108,0.008945032200890605,149999.9896037793,99.99999306918622,N/A,164.2179317733602,167.13254680789882,2.9146150345386275
20,CPU_and_Data_Intensive,Completed,31.716333984190193,31.831217967688076,31.831217967688076,32.05507510556381,0.2238571378757328,0.33874112137361734,0.3387411213736158,0.10059669569112373,STARLINK-5366,1,2,2,0.11488398349788453,False,False,5.029834784556238e-06,0.12326044218460586,0.1232654720193904,149999.87673452796,99.99991782301865,N/A,31.716333984190193,35.02693172843989,3.310597744249698
52,Generic_Service,Completed,96.6860847605245,96.68791648827539,96.68791648827539,101.09006819110859,4.402151702833194,4.4039834305840975,4.403983430584091,0.0,STARLINK-34197,1,2,1,0.0018317277509032038,False,False,0.00022005451843394014,1.6477139230638918e-05,0.00023653165766457905,149999.99977994547,99.99999985329698,N/A,96.6860847605245,103.0681418173517,6.3820570568272075
59,CPU_and_Data_Intensive,Completed,111.46310964308113,111.47143125565874,111.47143125565874,112.06548877390502,0.5940575182462737,0.6023791308238959,0.6023791308238913,0.5855162888252607,STARLINK-34197,1,2,3,0.008321612577622237,False,False,2.9275814441263176e-05,0.008541229421010254,0.008570505235451517,149999.99120944025,99.99999413962684,N/A,111.46310964308113,113.07939618648722,1.6162865434060905
31,CPU_and_Data_Intensive,Completed,49.85068306388012,49.85263067798666,49.85263067798666,50.13237119869797,0.2797405207113073,0.2816881348178502,0.2816881348178484,0.27961067314117116,STARLINK-31512,1,2,2,0.001947614106542903,False,False,1.3980533657058471e-05,0.0001298475701380347,0.00014382810379509319,149999.9998561719,99.9999999041146,N/A,49.85068306388012,52.04082163104707,2.1901385671669544
35,CPU_and_Data_Intensive,Completed,54.93642384857342,55.01582734896044,55.01582734896044,56.43938556641312,1.4235582174526797,1.5029617178397003,1.5029617178397032,1.312420467524305,STARLINK-31512,1,2,4,0.07940350038702057,False,False,6.562102337621515e-05,0.1111377499283724,0.11120337095174862,149999.88865280084,99.9999257685339,N/A,54.93642384857342,58.04456987905366,3.108146030480242
21,CPU_and_Data_Intensive,Completed,32.80900629638931,32.82050917953673,32.82050917953673,32.86495379772065,0.04444461818392398,0.055947501331340056,0.055947501331338856,0.033988207836316064,STARLINK-4509,1,2,2,0.011502883147416078,False,False,1.6994103918157659e-06,0.010456410347608283,0.010458109758000099,149999.98954189025,99.99999302792682,N/A,32.80900629638931,34.02611138291726,1.217105086527944
33,CPU_Intensive,Completed,52.91638500940409,52.91688340669775,52.91688340669775,53.32602616665982,0.40914275996207294,0.4096411572557336,0.40964115725573436,0.0,STARLINK-31637,1,1,1,0.0004983972936606424,False,False,2.0394571711356606e-05,1.9426745358420482e-05,3.982131706977709e-05,149999.99997960543,99.99999998640362,N/A,52.91638500940409,54.04082163131182,1.1244366219077335
51,CPU_and_Data_Intensive,Completed,93.74460412428692,93.74641464373217,93.74641464373217,94.52633686087233,0.7799222171401681,0.7817327365854178,0.7817327365854112,0.7791658356120621,STARLINK-2514,1,2,2,0.0018105194452496982,False,False,3.895829178060336e-05,0.0007563815281097056,0.0007953398198903089,149999.99920466018,99.99999946977346,N/A,93.74460412428692,96.06685959183214,2.3222554675452187
61,Generic_Service,Completed,117.444185309439,117.4463390685288,117.4463390685288,118.49895683782563,1.0526177692968304,1.0547715283866186,1.054771528386624,0.0,STARLINK-33901,1,2,1,0.0021537590897881265,False,False,5.2602724220392216e-05,8.74495888405987e-06,6.134768310445208e-05,149999.99994739727,99.99999996493152,N/A,117.444185309439,120.08266728224476,2.6384819728057494
68,CPU_Intensive,Completed,127.60214864708375,127.60416072482747,127.60416072482747,129.47525920692695,1.8710984820994838,1.873110559843204,1.873110559843198,0.0,STARLINK-33901,1,2,2,0.0020120777437202756,False,False,9.35277386545797e-05,8.441044685997821e-06,0.00010196878334057751,149999.99985386952,99.99999990257969,N/A,127.60214864708375,131.09251097563052,3.490362328546766
24,CPU_and_Data_Intensive,Completed,37.705341252847816,37.712918362114436,37.712918362114436,39.435256994336626,1.7223386322221899,1.7299157414888093,1.72991574148881,1.7137969347243072,STARLINK-3956,1,2,2,0.007577109266619569,False,False,8.56898467362155e-05,0.008541697497880201,0.008627387344616417,149999.99137261265,99.99999424840844,N/A,37.705341252847816,41.029886006717305,3.324544753869489
32,CPU_and_Data_Intensive,Completed,50.297283574636104,50.29848057408752,50.29848057408752,50.54541201580824,0.24693144172071868,0.24812844117213514,0.24812844117213473,0.24672919856362796,STARLINK-2720,1,2,2,0.0011969994514164596,False,False,1.2336459928181567e-05,0.00020224315708737488,0.00021457961701555644,149999.99978542037,99.99999985694691,N/A,50.297283574636104,52.040821631140325,1.743538056504221
58,CPU_and_Data_Intensive,Completed,108.75360317933836,108.75570661132546,108.75570661132546,109.76728433322104,1.011577721895577,1.013681153882688,1.0136811538826862,1.0110653816521307,STARLINK-2720,1,2,4,0.0021034319871109054,False,False,5.055326908260657e-05,0.0005123402434448514,0.000562893512527458,149999.9992225267,99.99999948168447,N/A,108.75360317933836,111.07743179255493,2.323828613216577
60,CPU_Intensive,Completed,113.83931314605239,113.84103089266686,113.84103089266686,114.13998551298613,0.29895462031926456,0.3006723669337381,0.300672366933739,0.0,STARLINK-2720,1,2,5,0.0017177466144735409,False,False,1.4836153855794278e-05,3.4644553658429584e-05,4.9480707514223864e-05,149999.99920769013,99.99999947179342,N/A,113.83931314605239,115.08135623537162,1.2420430893192247
77,CPU_Intensive,Completed,134.56547554682717,134.5672454567098,134.5672454567098,134.60241166959224,0.03516621288244437,0.036936122765074256,0.03693612276506997,0.0,STARLINK-2720,1,2,6,0.0017699098826298855,False,False,1.6300251305593337e-06,3.9832474239993115e-05,4.146249937055245e-05,149999.99920606008,99.99999947070673,N/A,134.56547554682717,137.110054001972,2.54457845514483
78,Generic_Service,Completed,136.1755549920018,136.17724022411988,136.17724022411988,136.77652269485625,0.5992824707363695,0.6009677028544562,0.6009677028544615,0.0,STARLINK-2720,1,2,7,0.0016852321180866696,False,False,2.9921299967630423e-05,1.3296658907333046e-05,4.321795887496347e-05,149999.99917613875,99.99999945075916,N/A,136.1755549920018,138.11005400200816,1.9344990100063626
12,CPU_and_Data_Intensive,Completed,18.13671979902364,18.13834137313582,18.13834137313582,19.03679299539052,0.8984516222547008,0.90007319636688,0.9000731963668791,0.8982714999164294,STARLINK-5568,1,2,2,0.0016215741121792563,False,False,4.491357499582143e-05,0.0001801223382720514,0.00022503591326787284,149999.9997749641,99.99999984997606,N/A,18.13671979902364,20.010516674741528,1.8737968757178862
9,CPU_Intensive,Completed,11.452991669949242,11.454056205122432,11.454056205122432,11.651174203537598,0.19711799841516608,0.19818253358835686,0.1981825335883567,0.0,STARLINK-5503,1,2,1,0.001064535173190761,False,False,9.774878197277799e-06,2.515713289674134e-05,3.493201109401914e-05,149999.99999022513,99.99999999348343,N/A,11.452991669949242,14.006033887354029,2.553042217404787
44,CPU_Intensive,Completed,78.1458483074384,78.14758580328738,78.14758580328738,78.75481370816904,0.607227904881654,0.6089654007306369,0.6089654007306393,0.0,STARLINK-32675,1,2,1,0.0017374958489828783,False,False,3.0261752371429932e-05,3.093897391786769e-05,6.120072628929762e-05,149999.99996973824,99.99999997982549,N/A,78.1458483074384,80.05620941533576,1.9103611078973586
46,CPU_Intensive,Completed,84.08539530795258,84.08722158131452,84.08722158131452,84.87177841555622,0.7845568342416982,0.7863831076036347,0.7863831076036405,0.0,STARLINK-32675,1,2,2,0.0018262733619365374,False,False,3.912712867244363e-05,3.1271259285014696e-05,7.039838795745833e-05,149999.99993061108,99.99999995374073,N/A,84.08539530795258,86.05977912376783,1.9743838158152442
49,Generic_Service,Completed,88.30517941939301,88.3060082310674,88.3060082310674,89.19856488639044,0.8925566553230482,0.8933854669974302,0.8933854669974295,0.0,STARLINK-32675,1,2,3,0.0008288116743820149,False,False,4.460572287800897e-05,6.865089638415139e-06,5.1470812516424104e-05,149999.99988600533,99.99999992400356,N/A,88.30517941939301,91.0652905514823,2.7601111320892926
50,CPU_and_Data_Intensive,Completed,89.33185828051154,89.4048017827636,89.4048017827636,89.85550761466251,0.4507058318989152,0.5236493341509724,0.5236493341509743,0.3745929387364839,STARLINK-32675,1,2,5,0.07294350225205716,False,False,1.8729646936824383e-05,0.07611289316242655,0.07613162280936336,149999.92375438253,99.99994916958835,N/A,89.33185828051154,92.06529055148741,2.733432270975868
18,CPU_Intensive,Completed,28.046140640702284,28.046397209563196,28.046397209563196,28.616659898119366,0.5702626885561699,0.5705192574170839,0.5705192574170823,0.0,STARLINK-5620,1,2,1,0.00025656886091391946,False,False,2.8424274785787312e-05,2.7590795745367604e-05,5.6015070531154916e-05,149999.99997157571,99.99999998105048,N/A,28.046140640702284,30.023388826714573,1.9772481860122895
22,CPU_Intensive,Completed,34.06525550154425,34.0671096951432,34.0671096951432,34.5033610020658,0.4362513069225997,0.438105500521549,0.4381055005215515,0.0,STARLINK-5620,1,2,2,0.0018541935989492837,False,False,2.178543580542236e-05,8.423684805597186e-06,3.0209120611019546e-05,149999.99994979025,99.99999996652683,N/A,34.06525550154425,36.02774540737992,1.9624899058356675
23,CPU_Intensive,Completed,35.598863931605564,35.60072240289351,35.60072240289351,35.99978625212221,0.3990638492287033,0.40092232051664617,0.4009223205166492,0.0,STARLINK-5620,1,2,3,0.0018584712879428662,False,False,1.990634578588111e-05,1.4545827860151639e-05,3.445217364603275e-05,149999.9999298839,99.99999995325594,N/A,35.598863931605564,37.0277454073856,1.428881475780038
29,CPU_Intensive,Completed,44.85658251477262,44.858629656917614,44.858629656917614,45.04658756073305,0.18795790381543753,0.19000504596043424,0.190005045960433,0.0,STARLINK-5620,1,2,4,0.0020471421449967187,False,False,9.283945744271753e-06,3.53811452777463e-05,4.4665091022018055e-05,149999.99992059995,99.99999994706663,N/A,44.85658251477262,46.03549286050145,1.1789103457288306
28,CPU_and_Data_Intensive,Completed,44.83924941918663,44.912930486511186,44.912930486511186,46.55827261134532,1.645342124834137,1.7190231921586974,1.7190231921586943,1.5496259924321478,STARLINK-5620,1,2,6,0.07368106732456028,False,False,7.748129962160742e-05,0.09571613240199112,0.09579361370161273,149999.90412698622,99.99993608465748,N/A,44.83924941918663,47.0376653123613,2.198415893174669
36,CPU_Intensive,Completed,55.51550003414022,55.51621196566939,55.51621196566939,55.53531294351926,0.01910097784986675,0.01981290937904358,0.019812909379041344,0.0,STARLINK-30548,1,2,1,0.0007119315291768301,False,False,8.755215891699201e-07,2.4693117508222163e-05,2.5568639097392083e-05,149999.99999912447,99.99999999941632,N/A,55.51550003414022,57.0435581534743,1.5280581193340836
37,CPU_Intensive,Completed,59.680812102786525,59.681533833888295,59.681533833888295,60.32540516152549,0.6438713276371928,0.6445930587389606,0.6445930587389626,0.0,STARLINK-30548,1,2,2,0.0007217311017677348,False,False,3.212108336190483e-05,2.250587728119379e-05,5.462696064309862e-05,149999.99996700336,99.99999997800224,N/A,59.680812102786525,62.045936996568834,2.3651248937823084
39,CPU_Intensive,Completed,66.00664362612231,66.00743019886188,66.00743019886188,67.20733345534258,1.1999032564806953,1.2006898292202637,1.2006898292202663,0.0,STARLINK-30548,1,2,3,0.0007865727395682813,False,False,5.989779105625667e-05,3.0233799000413094e-05,9.013159005666977e-05,149999.99990710555,99.99999993807037,N/A,66.00664362612231,69.04891505248777,3.0422714263654598
40,Generic_Service,Completed,67.4394778541686,67.44024778207297,67.44024778207297,68.75393198330352,1.3136842012305436,1.314454129134919,1.3144541291349157,0.0,STARLINK-30548,1,2,4,0.000769927904375249,False,False,6.564343314103088e-05,1.2661177323404739e-05,7.830461046443561e-05,149999.9998414621,99.99999989430806,N/A,67.4394778541686,70.05034922649197,2.6108713723233734
41,CPU_and_Data_Intensive,Completed,67.8720945806296,68.07916656104278,68.07916656104278,69.77762655539917,1.6984599943563836,1.9055319747695723,1.9055319747695734,1.4806459624904988,STARLINK-30548,1,2,6,0.2070719804131887,False,False,7.403229812452507e-05,0.21781403186588694,0.21788806416401146,149999.78195339793,99.99985463559862,N/A,67.8720945806296,71.05180039240851,3.1797058117789163
2,CPU_Intensive,Completed,4.972092242408533,4.972460665190551,4.972460665190551,5.008683085580036,0.03622242038948453,0.03659084317150234,0.03659084317150274,0.0,STARLINK-3831,1,1,1,0.00036842278201780753,False,False,1.7948943835562643e-06,5.038347972856138e-06,6.8332423564124025e-06,149999.9999982051,99.9999999988034,N/A,4.972092242408533,6.0000000744948485,1.0279078320863153
3,CPU_and_Data_Intensive,Completed,5.204494465481401,5.3285940526328055,5.3285940526328055,6.391709406555569,1.0631153539227638,1.1872149410741677,1.187214941074168,0.9192891901093541,STARLINK-30519,1,1,2,0.12409958715140383,False,False,4.596445950546769e-05,0.14382616381340949,0.14387212827291496,149999.85612787172,99.99990408524782,N/A,5.204494465481401,7.000000074498917,1.7955056090175159
7,CPU_and_Data_Intensive,Completed,9.03628166045155,9.040588643714873,9.040588643714873,9.851170791305373,0.8105821475905,0.8148891308538226,0.8148891308538229,0.805967189492808,STARLINK-5099,1,2,3,0.0043069832633227285,False,False,4.029835947464041e-05,0.004614958097691768,0.004655256457166408,149999.99534474354,99.99999689649569,N/A,9.03628166045155,11.00275010368039,1.9664684432288393
6,CPU_Intensive,Completed,8.962696898080333,8.96364800762131,8.96364800762131,10.708085554480116,1.744437546858805,1.7453886563997825,1.7453886563997827,0.0,STARLINK-5099,1,2,2,0.0009511095409775828,False,False,8.71787635685517e-05,1.3386767219716013e-05,0.00010056553078826772,149999.9952575616,99.9999968383744,N/A,8.962696898080333,13.006033887341268,4.0433369892609345
1,CPU_and_Data_Intensive,Completed,2.565819028458908,2.6669181341975388,2.6669181341975388,4.187311929350614,1.5203937951530748,1.6214929008917056,1.6214929008917056,1.4179742672191273,STARLINK-4491,1,1,2,0.1010991057386307,False,False,7.089871336095636e-05,0.1024195279339478,0.10249042664730876,149999.89750957335,99.9999316730489,N/A,2.565819028458908,5,2.434180971541092
19,CPU_and_Data_Intensive,Completed,28.260846130602836,28.270690875527375,28.270690875527375,28.591603604918095,0.32091272939072013,0.3307574743152593,0.33075747431525926,0.3110508773876681,STARLINK-2511,1,2,2,0.009844744924539186,False,False,1.5552543869383404e-05,0.009861852003050736,0.00987740454692012,149999.99012259545,99.99999341506364,N/A,28.260846130602836,29.02338882002118,0.7625426894183427
11,CPU_Intensive,Completed,17.54739865360363,17.548678394128363,17.548678394128363,18.6166760528444,1.0679976587160382,1.06927739924077,1.0692773992407716,0.0,STARLINK-1830,1,2,1,0.0012797405247318141,False,False,5.33556188197608e-05,1.3743946709233028e-05,6.709956552899382e-05,149999.99994664438,99.99999996442959,N/A,17.54739865360363,20.00884440509886,2.46144575149523
25,CPU_and_Data_Intensive,Completed,40.94398282734425,40.94647226971563,40.94647226971563,41.53226688715744,0.5857946174418132,0.5882840598131925,0.5882840598131907,0.5842643925927433,STARLINK-1830,1,2,3,0.002489442371379401,False,False,2.92132196296371e-05,0.0015302248490723864,0.0015594380687020235,149999.99838720632,99.99999892480422,N/A,40.94398282734425,42.03111666905157,1.0871338417073204
14,CPU_and_Data_Intensive,Completed,23.144089162126,23.152017155884597,23.152017155884597,23.37401474046313,0.2219975845785349,0.22992557833713073,0.2299255783371308,0.21419945605153146,STARLINK-32493,1,2,2,0.007927993758595828,False,False,1.070997280257661e-05,0.007798128527004666,0.007808838499807243,149999.9921911615,99.99999479410766,N/A,23.144089162126,25.01567933725001,1.871590175124009
4,CPU_and_Data_Intensive,Completed,7.025589278929834,7.02840048527077,7.02840048527077,7.037068241148895,0.008667755878125405,0.011478962219060855,0.011478962219061195,0.00490903763922379,STARLINK-32079,1,2,2,0.002811206340935451,False,False,2.454518819611998e-07,0.0037587182389016275,0.003758963690783589,149999.9962410363,99.9999974940242,N/A,7.025589278929834,9.000740149811469,1.9751508708816345
17,CPU_and_Data_Intensive,Completed,25.70445324597397,25.85875108843798,25.85875108843798,26.143704546468154,0.2849534580301736,0.4392513004941855,0.4392513004941847,0.08040472200682203,STARLINK-30081,1,2,2,0.15429784246401193,False,False,4.020236100341162e-06,0.20454873602335022,0.20455275625945057,149999.79544724376,99.99986363149583,N/A,25.70445324597397,27.019816493525187,1.3153632475512183
10,CPU_Intensive,Completed,16.831891022438906,16.833010697702022,16.833010697702022,17.247405801906442,0.41439510420442005,0.41551477946753557,0.4155147794675358,0.0,STARLINK-30453,1,2,1,0.0011196752631155355,False,False,2.070338894886961e-05,5.0817014764757105e-06,2.578509042534532e-05,149999.9999792966,99.99999998619774,N/A,16.831891022438906,19.007425509778614,2.175534487339707
15,CPU_and_Data_Intensive,Completed,23.42603714068112,23.4337123865539,23.4337123865539,23.531067928960336,0.09735554240643651,0.10503078827921442,0.10503078827921541,0.09085790574014752,STARLINK-31006,1,2,2,0.007675245872777904,False,False,4.542895287007389e-06,0.006497636666290487,0.006502179561577495,149999.99349782043,99.99999566521362,N/A,23.42603714068112,24.015679332271404,0.5896421915902827
5,CPU_Intensive,Completed,8.161344316951006,8.161962548629612,8.161962548629612,9.832332970237015,1.6703704216074033,1.6709886532860099,1.6709886532860097,0.0,STARLINK-31654,1,2,1,0.0006182316786065232,False,False,8.34874297825472e-05,9.653804901525706e-06,9.314123468407291e-05,149999.99991651258,99.99999994434172,N/A,8.161344316951006,12.004760055265887,3.8434157383148815
8,CPU_Intensive,Completed,9.41385591399436,9.414480554660969,9.414480554660969,10.043582504736316,0.6291019500753467,0.6297265907419567,0.6297265907419565,0.0,STARLINK-31654,1,2,2,0.0006246406666099179,False,False,3.13943465400908e-05,1.886309005983002e-05,5.025743659992082e-05,149999.99988511822,99.99999992341215,N/A,9.41385591399436,12.00476005527264,2.5909041412782816
16,Generic_Service,Completed,24.594225886571074,24.595778999531273,24.595778999531273,25.52698155277833,0.9312025532470578,0.932755666207257,0.9327556662072567,0.0,STARLINK-33755,1,2,1,0.0015531129601992239,False,False,4.65113537322894e-05,1.5144237715433746e-05,6.165559144772315e-05,149999.99995348864,99.99999996899243,N/A,24.594225886571074,26.017847338413915,1.4236214518428412
13,CPU_and_Data_Intensive,Completed,19.822239696909698,19.911097852527462,19.911097852527462,20.299757724138587,0.38865987161112514,0.47751802722888853,0.47751802722888925,0.27366500737837285,STARLINK-3761,1,2,2,0.08885815561776339,False,False,1.3683250368918644e-05,0.11499486423275344,0.11500854748312236,149999.8849914525,99.999923327635,N/A,19.822239696909698,21.011923495307965,1.189683798398267
37000,Batch,Completed,0,0,0.0,0.001027191372613113,0.001027191372613113,0.001027191372613113,0.001027191372613113,0.0,STARLINK-30453,0,N/A,0,0.0,False,False,0.0,0.001027191372613113,0.001027191372613113,149999.99897280862,99.99999931520574,N/A,N/A,N/A,N/A
65000,Batch,Completed,0,0,0.0,0.0011816246799973046,0.0011816246799973046,0.0011816246799973046,0.0011816246799973046,0.0,STARLINK-5366,0,N/A,0,0.0,False,False,0.0,0.0011816246799973046,0.0011816246799973046,149999.99881837532,99.99999921225022,N/A,N/A,N/A,N/A
46000,Batch,Completed,0,0,0.0,0.0012294891711329067,0.0012294891711329067,0.0012294891711329067,0.0012294891711329067,0.0,STARLINK-31775,0,N/A,0,0.0,False,False,0.0,0.0012294891711329067,0.0012294891711329067,149999.99877051084,99.99999918034057,N/A,N/A,N/A,N/A
45000,Batch,Completed,0,0,0.0,0.0013331385220612894,0.0013331385220612894,0.0013331385220612894,0.0013331385220612894,0.0,STARLINK-11242 [DTC],0,N/A,0,0.0,False,False,0.0,0.0013331385220612894,0.0013331385220612894,149999.99866686147,99.99999911124098,N/A,N/A,N/A,N/A
59000,Batch,Completed,0,0,0.0,0.0016381481889493562,0.0016381481889493562,0.0016381481889493562,0.0016381481889493562,0.0,STARLINK-4509,0,N/A,0,0.0,False,False,0.0,0.0016381481889493562,0.0016381481889493562,149999.99836185182,99.99999890790122,N/A,N/A,N/A,N/A
61000,Batch,Completed,0,0,0.0,0.0018468059622456744,0.0018468059622456744,0.0018468059622456744,0.0018468059622456744,0.0,STARLINK-3956,0,N/A,0,0.0,False,False,0.0,0.0018468059622456744,0.0018468059622456744,149999.99815319403,99.99999876879602,N/A,N/A,N/A,N/A
30000,Batch,Completed,0,0,0.0,0.002439989688326922,0.002439989688326922,0.002439989688326922,0.002439989688326922,0.0,STARLINK-5727,0,N/A,0,0.0,False,False,0.0,0.002439989688326922,0.002439989688326922,149999.99756001032,99.99999837334022,N/A,N/A,N/A,N/A
26000,Batch,Completed,0,0,0.0,0.002593545385153186,0.002593545385153186,0.002593545385153186,0.002593545385153186,0.0,STARLINK-2211,0,N/A,0,0.0,False,False,0.0,0.002593545385153186,0.002593545385153186,149999.9974064546,99.99999827096974,N/A,N/A,N/A,N/A
2000,Batch,Completed,0,0,0.0,0.0026875342433690217,0.0026875342433690217,0.0026875342433690217,0.0026875342433690217,0.0,STARLINK-5748,0,N/A,0,0.0,False,False,0.0,0.0026875342433690217,0.0026875342433690217,149999.99731246577,99.99999820831052,N/A,N/A,N/A,N/A
54000,Batch,Completed,0,0,0.0,0.0027502906945371716,0.0027502906945371716,0.0027502906945371716,0.0027502906945371716,0.0,STARLINK-30165,0,N/A,0,0.0,False,False,0.0,0.0027502906945371716,0.0027502906945371716,149999.9972497093,99.99999816647286,N/A,N/A,N/A,N/A
82000,Batch,Completed,0,0,0.0,0.0029835799876324906,0.0029835799876324906,0.0029835799876324906,0.0029835799876324906,0.0,STARLINK-5712,0,N/A,0,0.0,False,False,0.0,0.0029835799876324906,0.0029835799876324906,149999.99701642,99.99999801094667,N/A,N/A,N/A,N/A
84000,Batch,Completed,0,0,0.0,0.0031282527301488726,0.0031282527301488726,0.0031282527301488726,0.0031282527301488726,0.0,STARLINK-1542,0,N/A,0,0.0,False,False,0.0,0.0031282527301488726,0.0031282527301488726,149999.99687174728,99.99999791449818,N/A,N/A,N/A,N/A
36000,Batch,Completed,0,0,0.0,0.003592629914590449,0.003592629914590449,0.003592629914590449,0.003592629914590449,0.0,STARLINK-30081,0,N/A,0,0.0,False,False,0.0,0.003592629914590449,0.003592629914590449,149999.99640737008,99.99999760491339,N/A,N/A,N/A,N/A
12000,Batch,Completed,0,0,0.0,0.0036272325284024223,0.0036272325284024223,0.0036272325284024223,0.0036272325284024223,0.0,STARLINK-31889,0,N/A,0,0.0,False,False,0.0,0.0036272325284024223,0.0036272325284024223,149999.99637276746,99.99999758184498,N/A,N/A,N/A,N/A
87000,Batch,Completed,0,0,0.0,0.003635971346875916,0.003635971346875916,0.003635971346875916,0.003635971346875916,0.0,STARLINK-5159,0,N/A,0,0.0,False,False,0.0,0.003635971346875916,0.003635971346875916,149999.99636402866,99.99999757601911,N/A,N/A,N/A,N/A
60000,Batch,Completed,0,0,0.0,0.004002641295303236,0.004002641295303236,0.004002641295303236,0.004002641295303236,0.0,STARLINK-3956,0,N/A,0,0.0,False,False,0.0,0.004002641295303236,0.004002641295303236,149999.99415055272,99.99999610036848,N/A,N/A,N/A,N/A
63000,Batch,Completed,0,0,0.0,0.00400881005102423,0.00400881005102423,0.00400881005102423,0.00400881005102423,0.0,STARLINK-31582,0,N/A,0,0.0,False,False,0.0,0.00400881005102423,0.00400881005102423,149999.99599118994,99.99999732745995,N/A,N/A,N/A,N/A
24000,Batch,Completed,0,0,0.0,0.00444562655876763,0.00444562655876763,0.00444562655876763,0.00444562655876763,0.0,STARLINK-2211,0,N/A,0,0.0,False,False,0.0,0.00444562655876763,0.00444562655876763,149999.99296082807,99.99999530721871,N/A,N/A,N/A,N/A
90000,Batch,Completed,0,0,0.0,0.004546175327376595,0.004546175327376595,0.004546175327376595,0.004546175327376595,0.0,STARLINK-4437,0,N/A,0,0.0,False,False,0.0,0.004546175327376595,0.004546175327376595,149999.99545382467,99.99999696921644,N/A,N/A,N/A,N/A
47000,Batch,Completed,0,0,0.0,0.00482007393372026,0.00482007393372026,0.00482007393372026,0.00482007393372026,0.0,STARLINK-31775,0,N/A,0,0.0,False,False,0.0,0.00482007393372026,0.00482007393372026,149999.9939504369,99.99999596695794,N/A,N/A,N/A,N/A
56000,Batch,Completed,0,0,0.0,0.004852992297118082,0.004852992297118082,0.004852992297118082,0.004852992297118082,0.0,STARLINK-4097,0,N/A,0,0.0,False,False,0.0,0.004852992297118082,0.004852992297118082,149999.9951470077,99.99999676467179,N/A,N/A,N/A,N/A
70000,Batch,Completed,0,0,0.0,0.005227831924141796,0.005227831924141796,0.005227831924141796,0.005227831924141796,0.0,STARLINK-5684,0,N/A,0,0.0,False,False,0.0,0.005227831924141796,0.005227831924141796,149999.99477216808,99.99999651477872,N/A,N/A,N/A,N/A
39000,Batch,Completed,0,0,0.0,0.005431626295334951,0.005431626295334951,0.005431626295334951,0.005431626295334951,0.0,STARLINK-5503,0,N/A,0,0.0,False,False,0.0,0.005431626295334951,0.005431626295334951,149999.99456837372,99.99999637891581,N/A,N/A,N/A,N/A
8000,Batch,Completed,0,0,0.0,0.005555607326658168,0.005555607326658168,0.005555607326658168,0.005555607326658168,0.0,STARLINK-30519,0,N/A,0,0.0,False,False,0.0,0.005555607326658168,0.005555607326658168,149999.99444439268,99.99999629626178,N/A,N/A,N/A,N/A
14000,Batch,Completed,0,0,0.0,0.005617460272650244,0.005617460272650244,0.005617460272650244,0.005617460272650244,0.0,STARLINK-32752,0,N/A,0,0.0,False,False,0.0,0.005617460272650244,0.005617460272650244,149999.99438253973,99.99999625502649,N/A,N/A,N/A,N/A
80000,Batch,Completed,0,0,0.0,0.0060603884821688525,0.0060603884821688525,0.0060603884821688525,0.0060603884821688525,0.0,STARLINK-5712,0,N/A,0,0.0,False,False,0.0,0.0060603884821688525,0.0060603884821688525,149999.9909560315,99.99999397068767,N/A,N/A,N/A,N/A
74000,Batch,Completed,0,0,0.0,0.006274864218448531,0.006274864218448531,0.006274864218448531,0.006274864218448531,0.0,STARLINK-2720,0,N/A,0,0.0,False,False,0.0,0.006274864218448531,0.006274864218448531,149999.99372513578,99.99999581675718,N/A,N/A,N/A,N/A
33000,Batch,Completed,0,0,0.0,0.006327943756784061,0.006327943756784061,0.006327943756784061,0.006327943756784061,0.0,STARLINK-31509,0,N/A,0,0.0,False,False,0.0,0.006327943756784061,0.006327943756784061,149999.99367205624,99.99999578137083,N/A,N/A,N/A,N/A
31000,Batch,Completed,0,0,0.0,0.0068705421469005875,0.0068705421469005875,0.0068705421469005875,0.0068705421469005875,0.0,STARLINK-5727,0,N/A,0,0.0,False,False,0.0,0.0068705421469005875,0.0068705421469005875,149999.99068946816,99.99999379297877,N/A,N/A,N/A,N/A
11000,Batch,Completed,0,0,0.0,0.007038203024278576,0.007038203024278576,0.007038203024278576,0.007038203024278576,0.0,STARLINK-31889,0,N/A,0,0.0,False,False,0.0,0.007038203024278576,0.007038203024278576,149999.98933456445,99.99999288970963,N/A,N/A,N/A,N/A
57000,Batch,Completed,0,0,0.0,0.007083922971507418,0.007083922971507418,0.007083922971507418,0.007083922971507418,0.0,STARLINK-4509,0,N/A,0,0.0,False,False,0.0,0.007083922971507418,0.007083922971507418,149999.99127792884,99.99999418528589,N/A,N/A,N/A,N/A
15000,Batch,Completed,0,0,0.0,0.007201281506233027,0.007201281506233027,0.007201281506233027,0.007201281506233027,0.0,STARLINK-32752,0,N/A,0,0.0,False,False,0.0,0.007201281506233027,0.007201281506233027,149999.98718125824,99.99999145417216,N/A,N/A,N/A,N/A
6000,Batch,Completed,0,0,0.0,0.0072854147099721805,0.0072854147099721805,0.0072854147099721805,0.0072854147099721805,0.0,STARLINK-32079,0,N/A,0,0.0,False,False,0.0,0.0072854147099721805,0.0072854147099721805,149999.9927145853,99.99999514305686,N/A,N/A,N/A,N/A
89000,Batch,Completed,0,0,0.0,0.007391807793152048,0.007391807793152048,0.007391807793152048,0.007391807793152048,0.0,STARLINK-4437,0,N/A,0,0.0,False,False,0.0,0.007391807793152048,0.007391807793152048,149999.98806201687,99.99999204134457,N/A,N/A,N/A,N/A
43000,Batch,Completed,0,0,0.0,0.00776850639660803,0.00776850639660803,0.00776850639660803,0.00776850639660803,0.0,STARLINK-5568,0,N/A,0,0.0,False,False,0.0,0.00776850639660803,0.00776850639660803,149999.9922314936,99.99999482099574,N/A,N/A,N/A,N/A
55000,Batch,Completed,0,0,0.0,0.00783751357334565,0.00783751357334565,0.00783751357334565,0.00783751357334565,0.0,STARLINK-4097,0,N/A,0,0.0,False,False,0.0,0.00783751357334565,0.00783751357334565,149999.9873094941,99.99999153966274,N/A,N/A,N/A,N/A
77000,Batch,Completed,0,0,0.0,0.008044031138688281,0.008044031138688281,0.008044031138688281,0.008044031138688281,0.0,STARLINK-2193,0,N/A,0,0.0,False,False,0.0,0.008044031138688281,0.008044031138688281,149999.99195596887,99.99999463731258,N/A,N/A,N/A,N/A
83000,Batch,Completed,0,0,0.0,0.008193734420016086,0.008193734420016086,0.008193734420016086,0.008193734420016086,0.0,STARLINK-1542,0,N/A,0,0.0,False,False,0.0,0.008193734420016086,0.008193734420016086,149999.98867801286,99.99999245200857,N/A,N/A,N/A,N/A
69000,Batch,Completed,0,0,0.0,0.008503301813916552,0.008503301813916552,0.008503301813916552,0.008503301813916552,0.0,STARLINK-32675,0,N/A,0,0.0,False,False,0.0,0.008503301813916552,0.008503301813916552,149999.99149669817,99.99999433113211,N/A,N/A,N/A,N/A
28000,Batch,Completed,0,0,0.0,0.008661690387880039,0.008661690387880039,0.008661690387880039,0.008661690387880039,0.0,STARLINK-31654,0,N/A,0,0.0,False,False,0.0,0.008661690387880039,0.008661690387880039,149999.9913383096,99.99999422553974,N/A,N/A,N/A,N/A
66000,Batch,Completed,0,0,0.0,0.008894779712611003,0.008894779712611003,0.008894779712611003,0.008894779712611003,0.0,STARLINK-5366,0,N/A,0,0.0,False,False,0.0,0.008894779712611003,0.008894779712611003,149999.9899235956,99.99999328239706,N/A,N/A,N/A,N/A
19000,Batch,Completed,0,0,0.0,0.010041942000031712,0.010041942000031712,0.010041942000031712,0.010041942000031712,0.0,STARLINK-3761,0,N/A,0,0.0,False,False,0.0,0.010041942000031712,0.010041942000031712,149999.989958058,99.99999330537199,N/A,N/A,N/A,N/A
81000,Batch,Completed,0,0,0.0,0.010326804651776274,0.010326804651776274,0.010326804651776274,0.010326804651776274,0.0,STARLINK-5712,0,N/A,0,0.0,False,False,0.0,0.010326804651776274,0.010326804651776274,149999.98062922686,99.99998708615124,N/A,N/A,N/A,N/A
53000,Batch,Completed,0,0,0.0,0.06567586918689237,0.06567586918689237,0.06567586918689237,0.06567586918689237,0.0,STARLINK-32739,0,N/A,0,0.0,False,False,0.0,0.06567586918689237,0.06567586918689237,149999.93432413082,99.99995621608721,N/A,N/A,N/A,N/A
5000,Batch,Completed,0,0,0.0,0.06647642211108569,0.06647642211108569,0.06647642211108569,0.06647642211108569,0.0,STARLINK-32079,0,N/A,0,0.0,False,False,0.0,0.06647642211108569,0.06647642211108569,149999.9262381632,99.99995082544213,N/A,N/A,N/A,N/A
68000,Batch,Completed,0,0,0.0,0.07376358988321664,0.07376358988321664,0.07376358988321664,0.07376358988321664,0.0,STARLINK-32675,0,N/A,0,0.0,False,False,0.0,0.07376358988321664,0.07376358988321664,149999.9177331083,99.99994515540553,N/A,N/A,N/A,N/A
78000,Batch,Completed,0,0,0.0,0.0752368911518465,0.0752368911518465,0.0752368911518465,0.0752368911518465,0.0,STARLINK-2193,0,N/A,0,0.0,False,False,0.0,0.0752368911518465,0.0752368911518465,149999.9167190777,99.99994447938514,N/A,N/A,N/A,N/A
32000,Batch,Completed,0,0,0.0,0.0754692980864681,0.0754692980864681,0.0754692980864681,0.0754692980864681,0.0,STARLINK-31509,0,N/A,0,0.0,False,False,0.0,0.0754692980864681,0.0754692980864681,149999.91820275816,99.99994546850543,N/A,N/A,N/A,N/A
3000,Batch,Completed,0,0,0.0,0.07569504744625696,0.07569504744625696,0.07569504744625696,0.07569504744625696,0.0,STARLINK-33755,0,N/A,0,0.0,False,False,0.0,0.07569504744625696,0.07569504744625696,149999.92430495255,99.99994953663503,N/A,N/A,N/A,N/A
35000,Batch,Completed,0,0,0.0,0.07864323526576368,0.07864323526576368,0.07864323526576368,0.07864323526576368,0.0,STARLINK-30081,0,N/A,0,0.0,False,False,0.0,0.07864323526576368,0.07864323526576368,149999.91776413482,99.99994517608988,N/A,N/A,N/A,N/A
40000,Batch,Completed,0,0,0.0,0.08083052724862605,0.08083052724862605,0.08083052724862605,0.08083052724862605,0.0,STARLINK-30888,0,N/A,0,0.0,False,False,0.0,0.08083052724862605,0.08083052724862605,149999.91916947276,99.99994611298185,N/A,N/A,N/A,N/A
10000,Batch,Completed,0,0,0.0,0.08087493719536828,0.08087493719536828,0.08087493719536828,0.08087493719536828,0.0,STARLINK-3831,0,N/A,0,0.0,False,False,0.0,0.08087493719536828,0.08087493719536828,149999.9191250628,99.99994608337519,N/A,N/A,N/A,N/A
44000,Batch,Completed,0,0,0.0,0.08460714290624032,0.08460714290624032,0.08460714290624032,0.08460714290624032,0.0,STARLINK-5620,0,N/A,0,0.0,False,False,0.0,0.08460714290624032,0.08460714290624032,149999.9153928571,99.99994359523808,N/A,N/A,N/A,N/A
9000,Batch,Completed,0,0,0.0,0.08530431021666843,0.08530431021666843,0.08530431021666843,0.08530431021666843,0.0,STARLINK-30519,0,N/A,0,0.0,False,False,0.0,0.08530431021666843,0.08530431021666843,149999.90914008245,99.99993942672164,N/A,N/A,N/A,N/A
25000,Batch,Completed,0,0,0.0,0.08826650892076775,0.08826650892076775,0.08826650892076775,0.08826650892076775,0.0,STARLINK-2211,0,N/A,0,0.0,False,False,0.0,0.08826650892076775,0.08826650892076775,149999.90469431915,99.99993646287943,N/A,N/A,N/A,N/A
13000,Batch,Completed,0,0,0.0,0.08910332210952075,0.08910332210952075,0.08910332210952075,0.08910332210952075,0.0,STARLINK-31006,0,N/A,0,0.0,False,False,0.0,0.08910332210952075,0.08910332210952075,149999.9108966779,99.99994059778527,N/A,N/A,N/A,N/A
62000,Batch,Completed,0,0,0.0,0.09113066666778342,0.09113066666778342,0.09113066666778342,0.09113066666778342,0.0,STARLINK-31582,0,N/A,0,0.0,False,False,0.0,0.09113066666778342,0.09113066666778342,149999.90486052327,99.99993657368218,N/A,N/A,N/A,N/A
67000,Batch,Completed,0,0,0.0,0.10306808839646063,0.10306808839646063,0.10306808839646063,0.10306808839646063,0.0,STARLINK-32675,0,N/A,0,0.0,False,False,0.0,0.10306808839646063,0.10306808839646063,149999.81466501992,99.99987644334661,N/A,N/A,N/A,N/A
50000,Batch,Completed,0,0,0.0,0.10323828015051821,0.10323828015051821,0.10323828015051821,0.10323828015051821,0.0,STARLINK-32412,0,N/A,0,0.0,False,False,0.0,0.10323828015051821,0.10323828015051821,149999.89676171984,99.9999311744799,N/A,N/A,N/A,N/A
58000,Batch,Completed,0,0,0.0,0.10635013327772343,0.10635013327772343,0.10635013327772343,0.10635013327772343,0.0,STARLINK-4509,0,N/A,0,0.0,False,False,0.0,0.10635013327772343,0.10635013327772343,149999.88492779556,99.99992328519703,N/A,N/A,N/A,N/A
41000,Batch,Completed,0,0,0.0,0.10764247996728495,0.10764247996728495,0.10764247996728495,0.10764247996728495,0.0,STARLINK-2511,0,N/A,0,0.0,False,False,0.0,0.10764247996728495,0.10764247996728495,149999.89235752003,99.9999282383467,N/A,N/A,N/A,N/A
49000,Batch,Completed,0,0,0.0,0.10875212112778264,0.10875212112778264,0.10875212112778264,0.10875212112778264,0.0,STARLINK-11378 [DTC],0,N/A,0,0.0,False,False,0.0,0.10875212112778264,0.10875212112778264,149999.89124787887,99.99992749858592,N/A,N/A,N/A,N/A
22000,Batch,Completed,0,0,0.0,0.1169910578729414,0.1169910578729414,0.1169910578729414,0.1169910578729414,0.0,STARLINK-5099,0,N/A,0,0.0,False,False,0.0,0.1169910578729414,0.1169910578729414,149999.88300894212,99.99992200596142,N/A,N/A,N/A,N/A
18000,Batch,Completed,0,0,0.0,0.11885095141904638,0.11885095141904638,0.11885095141904638,0.11885095141904638,0.0,STARLINK-32493,0,N/A,0,0.0,False,False,0.0,0.11885095141904638,0.11885095141904638,149999.88114904857,99.99992076603237,N/A,N/A,N/A,N/A
48000,Batch,Completed,0,0,0.0,0.12289336316738719,0.12289336316738719,0.12289336316738719,0.12289336316738719,0.0,STARLINK-11604 [DTC],0,N/A,0,0.0,False,False,0.0,0.12289336316738719,0.12289336316738719,149999.87710663682,99.99991807109122,N/A,N/A,N/A,N/A
17000,Batch,Completed,0,0,0.0,0.12700139035832883,0.12700139035832883,0.12700139035832883,0.12700139035832883,0.0,STARLINK-32493,0,N/A,0,0.0,False,False,0.0,0.12700139035832883,0.12700139035832883,149999.7541476582,99.9998360984388,N/A,N/A,N/A,N/A
73000,Batch,Completed,0,0,0.0,0.1372417758749605,0.1372417758749605,0.1372417758749605,0.1372417758749605,0.0,STARLINK-2720,0,N/A,0,0.0,False,False,0.0,0.1372417758749605,0.1372417758749605,149999.8564833599,99.99990432223994,N/A,N/A,N/A,N/A
4000,Batch,Completed,0,0,0.0,0.1388053310977783,0.1388053310977783,0.1388053310977783,0.1388053310977783,0.0,STARLINK-4491,0,N/A,0,0.0,False,False,0.0,0.1388053310977783,0.1388053310977783,149999.8611946689,99.99990746311259,N/A,N/A,N/A,N/A
42000,Batch,Completed,0,0,0.0,0.13998366554333716,0.13998366554333716,0.13998366554333716,0.13998366554333716,0.0,STARLINK-2511,0,N/A,0,0.0,False,False,0.0,0.13998366554333716,0.13998366554333716,149999.75237385448,99.99983491590298,N/A,N/A,N/A,N/A
64000,Batch,Completed,0,0,0.0,0.14335658542976168,0.14335658542976168,0.14335658542976168,0.14335658542976168,0.0,STARLINK-5366,0,N/A,0,0.0,False,False,0.0,0.14335658542976168,0.14335658542976168,149999.84656701016,99.9998977113401,N/A,N/A,N/A,N/A
20000,Batch,Completed,0,0,0.0,0.14724956607188197,0.14724956607188197,0.14724956607188197,0.14724956607188197,0.0,STARLINK-3761,0,N/A,0,0.0,False,False,0.0,0.14724956607188197,0.14724956607188197,149999.84270849192,99.99989513899462,N/A,N/A,N/A,N/A
23000,Batch,Completed,0,0,0.0,0.14826233112660445,0.14826233112660445,0.14826233112660445,0.14826233112660445,0.0,STARLINK-5099,0,N/A,0,0.0,False,False,0.0,0.14826233112660445,0.14826233112660445,149999.734746611,99.99982316440735,N/A,N/A,N/A,N/A
34000,Batch,Completed,0,0,0.0,0.15018367762077728,0.15018367762077728,0.15018367762077728,0.15018367762077728,0.0,STARLINK-31509,0,N/A,0,0.0,False,False,0.0,0.15018367762077728,0.15018367762077728,149999.76801908054,99.99984534605369,N/A,N/A,N/A,N/A
21000,Batch,Completed,0,0,0.0,0.15103798718262576,0.15103798718262576,0.15103798718262576,0.15103798718262576,0.0,STARLINK-3761,0,N/A,0,0.0,False,False,0.0,0.15103798718262576,0.15103798718262576,149999.69167050475,99.99979444700317,N/A,N/A,N/A,N/A
51000,Batch,Completed,0,0,0.0,0.15212048556638605,0.15212048556638605,0.15212048556638605,0.15212048556638605,0.0,STARLINK-32412,0,N/A,0,0.0,False,False,0.0,0.15212048556638605,0.15212048556638605,149999.74464123428,99.99982976082286,N/A,N/A,N/A,N/A
29000,Batch,Completed,0,0,0.0,0.16414424803172603,0.16414424803172603,0.16414424803172603,0.16414424803172603,0.0,STARLINK-5727,0,N/A,0,0.0,False,False,0.0,0.16414424803172603,0.16414424803172603,149999.82654522013,99.99988436348008,N/A,N/A,N/A,N/A
85000,Batch,Completed,0,0,0.0,0.16429628946155203,0.16429628946155203,0.16429628946155203,0.16429628946155203,0.0,STARLINK-1542,0,N/A,0,0.0,False,False,0.0,0.16429628946155203,0.16429628946155203,149999.8243817234,99.99988292114892,N/A,N/A,N/A,N/A
72000,Batch,Completed,0,0,0.0,0.1709865681240927,0.1709865681240927,0.1709865681240927,0.1709865681240927,0.0,STARLINK-32465,0,N/A,0,0.0,False,False,0.0,0.1709865681240927,0.1709865681240927,149999.82901343188,99.99988600895459,N/A,N/A,N/A,N/A
16000,Batch,Completed,0,0,0.0,0.1771160579526794,0.1771160579526794,0.1771160579526794,0.1771160579526794,0.0,STARLINK-32752,0,N/A,0,0.0,False,False,0.0,0.1771160579526794,0.1771160579526794,149999.8100652003,99.9998733768002,N/A,N/A,N/A,N/A
7000,Batch,Completed,0,0,0.0,0.17962929643530934,0.17962929643530934,0.17962929643530934,0.17962929643530934,0.0,STARLINK-30519,0,N/A,0,0.0,False,False,0.0,0.17962929643530934,0.17962929643530934,149999.729510786,99.99981967385733,N/A,N/A,N/A,N/A
88000,Batch,Completed,0,0,0.0,0.18457363331494503,0.18457363331494503,0.18457363331494503,0.18457363331494503,0.0,STARLINK-4437,0,N/A,0,0.0,False,False,0.0,0.18457363331494503,0.18457363331494503,149999.80348838356,99.99986899225571,N/A,N/A,N/A,N/A
71000,Batch,Completed,0,0,0.0,0.18561661412701516,0.18561661412701516,0.18561661412701516,0.18561661412701516,0.0,STARLINK-5684,0,N/A,0,0.0,False,False,0.0,0.18561661412701516,0.18561661412701516,149999.80915555396,99.99987277036931,N/A,N/A,N/A,N/A
86000,Batch,Completed,0,0,0.0,0.1925763582090842,0.1925763582090842,0.1925763582090842,0.1925763582090842,0.0,STARLINK-5159,0,N/A,0,0.0,False,False,0.0,0.1925763582090842,0.1925763582090842,149999.80378767045,99.9998691917803,N/A,N/A,N/A,N/A
75000,Batch,Completed,0,0,0.0,0.2018346590703889,0.2018346590703889,0.2018346590703889,0.2018346590703889,0.0,STARLINK-31637,0,N/A,0,0.0,False,False,0.0,0.2018346590703889,0.2018346590703889,149999.79816534094,99.99986544356062,N/A,N/A,N/A,N/A
27000,Batch,Completed,0,0,0.0,0.20185586999161947,0.20185586999161947,0.20185586999161947,0.20185586999161947,0.0,STARLINK-31654,0,N/A,0,0.0,False,False,0.0,0.20185586999161947,0.20185586999161947,149999.7894824396,99.99985965495974,N/A,N/A,N/A,N/A
76000,Batch,Completed,0,0,0.0,0.208048725910621,0.208048725910621,0.208048725910621,0.208048725910621,0.0,STARLINK-31637,0,N/A,0,0.0,False,False,0.0,0.208048725910621,0.208048725910621,149999.59011661503,99.99972674441003,N/A,N/A,N/A,N/A
52000,Batch,Completed,0,0,0.0,0.2141394527234628,0.2141394527234628,0.2141394527234628,0.2141394527234628,0.0,STARLINK-34439,0,N/A,0,0.0,False,False,0.0,0.2141394527234628,0.2141394527234628,149999.78586054727,99.99985724036485,N/A,N/A,N/A,N/A
79000,Batch,Completed,0,0,0.0,0.22958720210517888,0.22958720210517888,0.22958720210517888,0.22958720210517888,0.0,STARLINK-2193,0,N/A,0,0.0,False,False,0.0,0.22958720210517888,0.22958720210517888,149999.6871318756,99.9997914212504,N/A,N/A,N/A,N/A
38000,Batch,Completed,0,0,0.0,0.2310312805598454,0.2310312805598454,0.2310312805598454,0.2310312805598454,0.0,STARLINK-5503,0,N/A,0,0.0,False,False,0.0,0.2310312805598454,0.2310312805598454,149999.76353709315,99.9998423580621,N/A,N/A,N/A,N/A
