Task ID,Task Type,Status,Arrival Time (System),Arrival Time (Queue),Start Time,End Time,Execution time,Service Time,Time in system,Time in queue,Server Name,Num Hops,Queue length,estimated_execution_time,transfer_time,DeadLine Exceded,Exec_after_set,Energy_CPU [J],Energy_NET [J],Energy_TOTAL [J],Remaining_energy [J],Remaining_energy [%],Rejection Reason
55,CPU_and_Data_Intensive,Completed,106.41300234912282,106.42058242335526,106.42058242335526,107.33806109220356,0.9174786688483039,0.9250587430807344,0.92505874308074,0.9082910987307997,STARLINK-5683,1,0,0.9082910987307963,0.007580074232430519,False,False,4.541455493653981e-05,0.009187570117498564,0.009232984672435104,149999.99076701535,99.9999938446769,N/A
63,CPU_Intensive,Completed,125.0434496861545,125.04544797067871,125.04544797067871,125.18826058092958,0.14281261025087133,0.14481089477507175,0.1448108947750768,0.0,STARLINK-30229,1,0,0.14130405275185282,0.001998284524200422,False,False,7.065202637592642e-06,2.342025067795664e-05,3.048545331554928e-05,149999.99999293478,99.99999999528985,N/A
65,Generic_Service,Completed,126.02890253126066,126.0301177980831,126.0301177980831,126.10901410973514,0.07889631165204491,0.08011157847448669,0.08011157847448658,0.0,STARLINK-30229,1,0,0.07682720558430974,0.001215266822441774,False,False,3.841360279215487e-06,3.2122728379235136e-05,3.596408865845062e-05,149999.99998909343,99.99999999272895,N/A
64,CPU_Intensive,Completed,125.8823083775539,125.88430238619205,125.88430238619205,126.23297943365841,0.3486770474663672,0.3506710561045205,0.35067105610451677,0.0,STARLINK-30229,1,0,0.34747324825860765,0.0019940086381532857,False,False,1.7373662412930383e-05,1.8688899315896608e-05,3.6062561728826995e-05,149999.99997171978,99.99999998114652,N/A
67,CPU_and_Data_Intensive,Completed,126.35111443387967,126.52748780251433,126.52748780251433,127.64054771308423,1.113059910569902,1.2894332792045613,1.2894332792045589,0.9126120952654304,STARLINK-30229,1,0,0.9126120952654311,0.1763733686346594,False,False,4.563060476327156e-05,0.20044781530447178,0.20049344590923504,149999.79947827387,99.99986631884924,N/A
68,CPU_Intensive,Completed,127.60214864708375,127.60413784576558,127.60413784576558,128.54196316146715,0.9378253157015735,0.9398145143833956,0.9398145143834,0.0,STARLINK-30229,1,0,0.935277386545797,0.001989198681822157,False,False,4.676386932728985e-05,3.9556423654170195e-05,8.632029298146004e-05,149999.79943151,99.99986628767333,N/A
62,CPU_Intensive,Completed,123.73182563351824,123.73312078904377,123.73312078904377,124.0511922526897,0.31807146364593564,0.31936661917146797,0.31936661917146125,0.0,STARLINK-32616,1,0,0.31763078110364684,0.0012951555255323443,False,False,1.5881539055182344e-05,6.841565943933743e-06,2.2723104999116087e-05,149999.99998411845,99.9999999894123,N/A
66,CPU_and_Data_Intensive,Completed,126.28814873698661,126.29001410966984,126.29001410966984,126.3037482119437,0.013734102273858184,0.015599474957080214,0.015599474957085135,0.013065813917265245,STARLINK-32616,1,0,0.013065813917269846,0.0018653726832220299,False,False,6.532906958634924e-07,0.000668288356599984,0.0006689416472958475,149999.9993151768,99.9999995434512,N/A
71,CPU_and_Data_Intensive,Completed,130.19611178562505,130.19848391449733,130.19848391449733,130.20902267051034,0.010538756013005468,0.01291088488529419,0.012910884885286578,0.009969708236155839,STARLINK-1372,1,0,0.009969708236148282,0.0023721288722887207,False,False,4.984854118074141e-07,0.0005690477768481583,0.0005695462622599658,149999.99943045372,99.99999962030248,N/A
76,Generic_Service,Completed,132.82744613058566,132.82934331515557,132.82934331515557,132.84680015872613,0.017456843570556657,0.019354028140468653,0.01935402814046938,0.0,STARLINK-1372,1,0,0.01563636539500968,0.0018971845699119975,False,False,7.81818269750484e-07,2.8262797574721065e-05,2.904461584447155e-05,149999.9994296719,99.99999961978128,N/A
93,CPU_Intensive,Completed,159.42539761597124,159.42610243579077,159.42610243579077,159.5664198923685,0.1403174565777192,0.14102227639725004,0.1410222763972513,0.0,STARLINK-1372,1,0,0.13869693583985612,0.0007048198195308368,False,False,6.9348467919928066e-06,2.5158472205396057e-05,3.209331899738887e-05,149999.99942273705,99.99999961515803,N/A
94,CPU_Intensive,Completed,161.13466142467075,161.13537498735369,161.13537498735369,161.404131218288,0.268756230934315,0.2694697936172478,0.26946979361724743,0.0,STARLINK-1372,1,0,0.2672872005371031,0.0007135626829328,False,False,1.3364360026855155e-05,2.2806595160256258e-05,3.6170955187111414e-05,149999.9994093727,99.99999960624845,N/A
95,Generic_Service,Completed,161.97051417561664,161.97122653547544,161.97122653547544,162.16068083494272,0.1894542994672861,0.19016665932609517,0.19016665932608134,0.0,STARLINK-1372,1,0,0.18809782400229436,0.0007123598588090706,False,False,9.404891200114718e-06,2.10591876340608e-05,3.046407883417552e-05,149999.99939996778,99.99999959997852,N/A
96,CPU_Intensive,Completed,163.69093580161143,163.69168114854753,163.69168114854753,163.797131467367,0.10545031881946443,0.10619566575556515,0.10619566575556405,0.0,STARLINK-1372,1,0,0.10302019057240176,0.0007453469361007173,False,False,5.151009528620088e-06,3.7727572705798434e-05,4.287858223441852e-05,149999.99939481678,99.99999959654453,N/A
100,Generic_Service,Completed,166.28666156514572,166.2874106535647,166.2874106535647,166.32945026946507,0.042039615900364424,0.04278870431935557,0.042788704319349335,0.0,STARLINK-1372,1,0,0.04087746936995034,0.0007490884189911395,False,False,2.043873468497517e-06,1.80422443853094e-05,2.0086117853806918e-05,149999.9993927729,99.99999959518195,N/A
99,CPU_and_Data_Intensive,Completed,165.65627852486358,165.8636297930761,165.8636297930761,166.7330152316598,0.8693854385837199,1.0767367067962281,1.0767367067962255,0.659019636501057,STARLINK-1372,1,0,0.659019636501043,0.2073512682125083,False,False,3.295098182505215e-05,0.21036580208265157,0.2103987530644766,149999.78899401985,99.99985932934656,N/A
69,CPU_and_Data_Intensive,Completed,129.37175523331393,129.3731292975971,129.3731292975971,129.769505556233,0.39637625863591097,0.3977503229190906,0.3977503229190802,0.39632271238048133,STARLINK-5145,1,0,0.3963227123804766,0.0013740642831796472,False,False,1.9816135619023832e-05,5.354625542784917e-05,7.3362391046873e-05,149999.99992663763,99.99999995109175,N/A
70,CPU_Intensive,Completed,129.74163725037135,129.74298933582708,129.74298933582708,130.00961285707638,0.26662352124930067,0.267975606705029,0.2679756067050221,0.0,STARLINK-5145,1,0,0.26488090919407964,0.0013520854557283607,False,False,1.3244045459703983e-05,2.7053931450381926e-05,4.029797691008591e-05,149999.99991339358,99.99999994226239,N/A
72,Generic_Service,Completed,130.59233275701365,130.59368427172043,130.59368427172043,130.75189516619275,0.15821089447231884,0.1595624091791153,0.15956240917910236,0.0,STARLINK-5145,1,0,0.15717754488685184,0.001351514706796447,False,False,7.858877244342594e-06,1.604268073662201e-05,2.39015579809646e-05,149999.9999055347,99.99999993702313,N/A
73,CPU_and_Data_Intensive,Completed,131.65027591516642,131.65424574494097,131.65424574494097,131.82938355625294,0.17513781131196993,0.1791076410865064,0.17910764108651733,0.17135246483888977,STARLINK-5145,1,0,0.17135246483887595,0.0039698297745364595,False,False,8.567623241943798e-06,0.0037853464730711046,0.0037939140963130485,149999.99611162063,99.99999740774709,N/A
101,CPU_and_Data_Intensive,Completed,170.13817932005207,170.14117855967862,170.14117855967862,170.60511740974928,0.4639388500706616,0.4669380896972059,0.4669380896972086,0.46104924639539036,STARLINK-5145,1,0,0.46104924639540107,0.002999239626544293,False,False,2.3052462319770055e-05,0.002889603675266707,0.002912656137586477,149999.99319896448,99.99999546597633,N/A
102,CPU_and_Data_Intensive,Completed,176.95131004883712,176.95379101602234,176.95379101602234,177.0022815935922,0.04849057756985076,0.05097154475506851,0.05097154475507182,0.04651182252425201,STARLINK-5145,1,0,0.04651182252425553,0.0024809671852177536,False,False,2.3255911262127764e-06,0.0019787550456102925,0.001981080636736505,149999.99121788383,99.99999414525588,N/A
82,CPU_Intensive,Completed,143.83542651018004,143.8361327620858,143.8361327620858,144.4874936213492,0.6513608592633773,0.652067111169144,0.6520671111691456,0.0,STARLINK-4481,1,0,0.6505965252762814,0.0007062519057666286,False,False,3.252982626381407e-05,1.1866232205856747e-05,4.4396058469670816e-05,149999.99996747018,99.99999997831345,N/A
85,CPU_Intensive,Completed,151.4654637633719,151.46623087444607,151.46623087444607,151.73078075364555,0.26454987919947826,0.2653169902736539,0.2653169902736465,0.0,STARLINK-4481,1,0,0.26232574968838995,0.0007671110741756278,False,False,1.3116287484419499e-05,3.4529456599063356e-05,4.764574408348285e-05,149999.9999543539,99.99999996956926,N/A
89,Generic_Service,Completed,155.95557939436424,155.9561162737034,155.9561162737034,155.95678904918407,0.0006727754806661324,0.0012096548198410608,0.001209654819831485,0.0,STARLINK-4481,1,0,7.295442672209647e-05,0.0005368793391749285,False,False,3.647721336104824e-09,9.312180314466568e-06,9.315828035802673e-06,149999.99995435026,99.99999996956684,N/A
88,CPU_Intensive,Completed,155.21101543425485,155.21155094376584,155.21155094376584,156.3458378338645,1.1342868900986502,1.1348223996096565,1.1348223996096465,0.0,STARLINK-4481,1,0,1.1337855649957609,0.0005355095110061711,False,False,5.6689278249788044e-05,7.783037496695112e-06,6.447231574648316e-05,149999.99989766098,99.99999993177398,N/A
91,CPU_Intensive,Completed,156.49055506483316,156.4911268891162,156.4911268891162,156.55121599560408,0.06008910648787946,0.06066093077093179,0.06066093077092205,0.0,STARLINK-4481,1,0,0.05754697495435486,0.0005718242830523302,False,False,2.877348747717743e-06,3.946641596990795e-05,4.2343764717625694e-05,149999.99989478363,99.99999992985576,N/A
90,Generic_Service,Completed,156.44435578227476,156.44491618823355,156.44491618823355,156.60913357757923,0.16421738934567998,0.1647777953044778,0.16477779530447378,0.0,STARLINK-4481,1,0,0.16273002043292692,0.0005604059587978218,False,False,8.136501021646346e-06,2.30912993440497e-05,3.1227800365696046e-05,149999.99988664713,99.99999992443142,N/A
92,CPU_and_Data_Intensive,Completed,156.9972964652271,157.00331101948237,157.00331101948237,158.316159248764,1.3128482292816273,1.318862783536889,1.3188627835369005,1.3050032971886196,STARLINK-4481,1,0,1.3050032971886107,0.006014554255261666,False,False,6.525016485943054e-05,0.00784493209301892,0.00791018225787835,149999.99197646487,99.99999465097657,N/A
108,CPU_Intensive,Completed,180.33158267108615,180.33252398926624,180.33252398926624,180.53928326076124,0.2067592714950024,0.20770058967509128,0.20770058967508476,0.0,STARLINK-4481,1,0,0.20476749338802397,0.0009413181800888975,False,False,1.02383746694012e-05,3.0922217144709975e-05,4.116059181411118e-05,149999.9919662265,99.99999464415099,N/A
109,CPU_Intensive,Completed,183.23335237885848,183.2343323274008,183.2343323274008,184.07488878680223,0.8405564594014265,0.8415364079437434,0.8415364079437495,0.0,STARLINK-4481,1,0,0.8380496055145189,0.0009799485423168403,False,False,4.190248027572595e-05,3.8918732949632007e-05,8.082121322535796e-05,149999.99192432401,99.99999461621601,N/A
110,CPU_Intensive,Completed,185.050658967021,185.05167878180276,185.05167878180276,185.14330038706623,0.09162160526346952,0.09264142004523264,0.09264142004522569,0.0,STARLINK-4481,1,0,0.0895816749072611,0.0010198147817631214,False,False,4.479083745363055e-06,3.166977747876416e-05,3.614886122412722e-05,149999.99191984494,99.99999461322996,N/A
111,CPU_and_Data_Intensive,Completed,185.37094774249204,185.37261568603856,185.37261568603856,185.42663388474017,0.05401819870161262,0.05568614224812742,0.05568614224813473,0.05330746914228257,STARLINK-4481,1,0,0.05330746914227213,0.0016679435465148029,False,False,2.6653734571136063e-06,0.000710729559338602,0.0007133949327957157,149999.99120644998,99.99999413763332,N/A
74,Generic_Service,Completed,132.05348941021398,132.05476715189943,132.05476715189943,132.1112285232079,0.05646137130847251,0.0577391129939252,0.05773911299391443,0.0,STARLINK-32902,1,0,0.0542132647572694,0.0012777416854526963,False,False,2.7106632378634697e-06,3.490169848591083e-05,3.76123617237743e-05,149999.99999728933,99.99999999819289,N/A
75,CPU_and_Data_Intensive,Completed,132.5380193259119,132.54466083369482,132.54466083369482,132.56436442040092,0.019703586706100396,0.02634509448901272,0.026345094489016674,0.012523084356672598,STARLINK-32902,1,0,0.012523084356668018,0.006641507782912324,False,False,6.26154217833401e-07,0.007180502349423369,0.007181128503641202,149999.99281616084,99.99999521077389,N/A
83,Generic_Service,Completed,144.5660684458365,144.56726011791469,144.56726011791469,144.58373982396338,0.016479706048698972,0.017671378126890104,0.017671378126891568,0.0,STARLINK-34536,1,0,0.014965683165045316,0.0011916720781911328,False,False,7.482841582522658e-07,2.350510039532196e-05,2.4253384553574226e-05,149999.9999992517,99.99999999950114,N/A
84,CPU_and_Data_Intensive,Completed,148.32394620155162,148.40448273056165,148.40448273056165,150.2382534494786,1.833770718916952,1.9143072479269732,1.9143072479269847,1.718727759919659,STARLINK-34536,1,0,1.7187277599196584,0.08053652901002101,False,False,8.593638799598292e-05,0.11504295899730049,0.11512889538529647,149999.88487035633,99.99992324690422,N/A
86,CPU_and_Data_Intensive,Completed,153.08377456685056,153.18750607030535,153.18750607030535,154.09700241727043,0.909496346965085,1.0132278504198573,1.0132278504198666,0.796143864909169,STARLINK-31437,1,0,0.7961438649091784,0.10373150345477244,False,False,3.980719324545892e-05,0.11335248205590306,0.11339228924914853,149999.88660771074,99.99992440514049,N/A
87,CPU_and_Data_Intensive,Completed,153.85985985963154,153.86098973364028,153.86098973364028,154.2796631389862,0.41867340534591335,0.419803279354646,0.4198032793546531,0.418334098379205,STARLINK-31437,1,0,0.4183340983792046,0.0011298740087326592,False,False,2.091670491896023e-05,0.00033930696671155124,0.00036022367163051147,149999.88624748704,99.99992416499136,N/A
122,Generic_Service,Completed,205.86221348383793,205.8637051736229,205.8637051736229,205.87086308806272,0.007157914439829938,0.008649604224798877,0.00864960422478589,0.0,STARLINK-5584,1,0,0.006338685017125136,0.0014916897849689397,False,False,3.169342508562568e-07,1.2718480041550592e-05,1.3035414292406848e-05,149999.99999968306,99.9999999997887,N/A
132,CPU_and_Data_Intensive,Completed,219.18988975688956,219.30434507355673,219.30434507355673,219.97113831438566,0.6667932408289232,0.7812485574960861,0.7812485574960988,0.5433291669625362,STARLINK-5584,1,0,0.5433291669625393,0.11445531666716294,False,False,2.7166458348126967e-05,0.12346407386638825,0.12349124032473638,149999.87650844274,99.99991767229515,N/A
98,Generic_Service,Completed,164.42431074980684,164.42431074980684,164.42431074980684,164.43330969609653,0.008998946289693777,0.008998946289693777,0.008998946289693777,0.0,STARLINK-11344 [DTC],0,0,0.007174581032071737,0.0,False,False,3.5872905160358687e-07,2.832314425488866e-05,2.8681873306492248e-05,149999.99999964127,99.99999999976085,N/A
97,CPU_and_Data_Intensive,Completed,164.2179317733602,164.2179317733602,164.2179317733602,165.32673511638467,1.1088033430244764,1.1088033430244764,1.1088033430244764,1.107640421514958,STARLINK-11344 [DTC],0,0,1.1076404215149633,0.0,False,False,5.5382021075748175e-05,0.0011629215095167469,0.001218303530592495,149999.99878133772,99.99999918755849,N/A
126,CPU_Intensive,Completed,211.34037289368825,211.34037289368825,211.34037289368825,211.51473988127466,0.17436698758641,0.17436698758641,0.17436698758641,0.0,STARLINK-34214,0,0,0.17297802161563172,0.0,False,False,8.648901080781585e-06,2.1563600485727264e-05,3.0212501566508847e-05,149999.9999913511,99.99999999423407,N/A
127,CPU_Intensive,Completed,211.44157637638142,211.44157637638142,211.44157637638142,211.9623902679046,0.5208138915231757,0.5208138915231757,0.5208138915231757,0.0,STARLINK-34214,0,0,0.5199946003085744,0.0,False,False,2.5999730015428722e-05,1.2719439356261359e-05,3.871916937169008e-05,149999.99996535137,99.99999997690091,N/A
134,Generic_Service,Completed,220.37722733325802,220.37722733325802,220.37722733325802,220.403288002163,0.02606066890498937,0.02606066890498937,0.02606066890498937,0.0,STARLINK-34214,0,0,0.02476303394471295,0.0,False,False,1.2381516972356476e-06,2.0145692874169586e-05,2.1383844571405235e-05,149999.99942163032,99.9999996144202,N/A
135,Generic_Service,Completed,222.23574011276824,222.23574011276824,222.23574011276824,222.27306844963218,0.03732833686393633,0.03732833686393633,0.03732833686393633,0.0,STARLINK-34214,0,0,0.036833595399671716,0.0,False,False,1.8416797699835857e-06,7.68082696283616e-06,9.522506732819745e-06,149999.99941978863,99.99999961319241,N/A
137,CPU_and_Data_Intensive,Completed,226.80727997931027,226.80727997931027,226.80727997931027,226.8878264247333,0.0805464454230389,0.0805464454230389,0.0805464454230389,0.07894843937057772,STARLINK-34214,0,0,0.07894843937056764,0.0,False,False,3.947421968528382e-06,0.001598006052447096,0.0016019534744156243,149999.99781783516,99.99999854522343,N/A
136,CPU_and_Data_Intensive,Completed,226.42986816372314,226.42986816372314,226.42986816372314,227.18403428427175,0.7541661205486037,0.7541661205486037,0.7541661205486037,0.7536183213107392,STARLINK-34214,0,0,0.7536183213107251,0.0,False,False,3.768091606553626e-05,0.0005477992378606041,0.0005854801539261404,149999.99723235503,99.99999815490335,N/A
113,CPU_Intensive,Completed,191.3508077551196,191.35162645341313,191.35162645341313,191.95663823805498,0.6050117846418459,0.6058304829353718,0.6058304829353744,0.0,STARLINK-31720,1,0,0.6027265020380715,0.0008186982935258543,False,False,3.0136325101903583e-05,3.547885412679544e-05,6.561517922869902e-05,149999.99996986368,99.99999997990912,N/A
114,CPU_Intensive,Completed,192.40050779031273,192.4015396556907,192.4015396556907,192.44473837383254,0.043198718141837844,0.0442305835198034,0.04423058351980558,0.0,STARLINK-30226,1,0,0.040783773055354744,0.0010318653779655574,False,False,2.0391886527677373e-06,3.749185518987562e-05,3.9531043842643354e-05,149999.9999979608,99.99999999864055,N/A
115,CPU_and_Data_Intensive,Completed,192.840305012821,192.84239506112885,192.84239506112885,193.17890492862387,0.33650986749501044,0.33859991580284965,0.33859991580285964,0.3349974298403424,STARLINK-30226,1,0,0.3349974298403486,0.002090048307839232,False,False,1.6749871492017432e-05,0.001512437654674623,0.0015291875261666404,149999.9984687733,99.9999989791822,N/A
116,CPU_and_Data_Intensive,Completed,197.1636047181894,197.16486348730908,197.16486348730908,197.92249332556472,0.7576298382556388,0.7588886073753356,0.7588886073753258,0.7574596632802013,STARLINK-31691,1,0,0.7574596632801974,0.0012587691196967769,False,False,3.787298316400987e-05,0.00017017497543288766,0.00020804795859689755,149999.99979195202,99.99999986130135,N/A
117,Generic_Service,Completed,197.91543140271045,197.91657639888155,197.91657639888155,197.97795278911346,0.06137639023191355,0.06252138640299432,0.06252138640300586,0.0,STARLINK-31691,1,0,0.05895528072566352,0.001144996171080765,False,False,2.947764036283176e-06,3.758755737969849e-05,4.053532141598167e-05,149999.99978900427,99.99999985933619,N/A
172,CPU_Intensive,Completed,283.28307503860725,283.2841987929521,283.2841987929521,283.8413830404466,0.5571842474944901,0.5583080018393375,0.5583080018393503,0.0,STARLINK-31691,1,0,0.5547299004690731,0.0011237543448473566,False,False,2.7736495023453655e-05,3.8103567562503395e-05,6.584006258595705e-05,149999.99976126777,99.99999984084518,N/A
171,CPU_and_Data_Intensive,Completed,282.9892446409317,282.9908869005158,282.9908869005158,284.367112463608,1.3762255630921914,1.3778678226763281,1.3778678226763077,1.3756263299797524,STARLINK-31691,1,0,1.3756263299797467,0.0016422595841368462,False,False,6.878131649898733e-05,0.0005992331124449783,0.0006680144289439656,149999.99909325334,99.99999939550223,N/A
178,CPU_and_Data_Intensive,Completed,290.7102508705798,290.76347548247514,290.76347548247514,290.96855090551514,0.20507542304000026,0.25830003493536635,0.2583000349353597,0.14116668631572793,STARLINK-31691,1,0,0.14116668631574225,0.053224611895366106,False,False,7.058334315787112e-06,0.06390873672425533,0.06391579505857112,149999.93517745828,99.99995678497218,N/A
177,CPU_Intensive,Completed,290.36973822132506,290.3706001114952,290.3706001114952,291.11409836044487,0.7434982489496633,0.7443601391198309,0.7443601391198058,0.0,STARLINK-31691,1,0,0.7430992125898025,0.0008618901701676301,False,False,3.715496062949012e-05,6.1950118466141175e-06,4.3349972476104236e-05,149999.9351403033,99.9999567602022,N/A
119,CPU_Intensive,Completed,203.3417732709315,203.34343049568784,203.34343049568784,203.35790279992074,0.01447230423289625,0.016129528989238383,0.01612952898923936,0.0,STARLINK-30464,1,0,0.013713872853951533,0.0016572247563421338,False,False,6.856936426975767e-07,1.1774594623401844e-05,1.2460288266099421e-05,149999.9999993143,99.99999999954288,N/A
131,Generic_Service,Completed,218.09279619318022,218.09462205005053,218.09462205005053,218.12213084125506,0.027508791204525096,0.029334648074839667,0.029334648074836878,0.0,STARLINK-30464,1,0,0.025831356860514094,0.0018258568703145718,False,False,1.2915678430257049e-06,2.6042051998319163e-05,2.7333619841344868e-05,149999.99999802274,99.99999999868183,N/A
133,CPU_and_Data_Intensive,Completed,219.922259432614,219.9265166861047,219.9265166861047,219.95319649161317,0.02667980550847915,0.030937058999169934,0.03093705899917154,0.02336568720764376,STARLINK-30464,1,0,0.02336568720764649,0.004257253490690786,False,False,1.1682843603823245e-06,0.003314118300829341,0.0033152865851897233,149999.99668273615,99.99999778849077,N/A
121,Generic_Service,Completed,204.0948298561499,204.09622977334175,204.09622977334175,204.1312191206085,0.03498934726675884,0.03638926445861894,0.03638926445862012,0.0,STARLINK-3786,1,0,0.03427762839698988,0.001399917191860096,False,False,1.7138814198494943e-06,1.1049386153959019e-05,1.2763267573808513e-05,149999.9999982861,99.9999999988574,N/A
128,Generic_Service,Completed,213.03788562676849,213.03983326027333,213.03983326027333,213.13679717720012,0.0969639169267964,0.09891155043163717,0.09891155043163735,0.0,STARLINK-3786,1,0,0.09528225874203755,0.0019476335048407658,False,False,4.764112937101877e-06,2.610762683364719e-05,3.087173977074906e-05,149999.99999352198,99.99999999568132,N/A
129,CPU_and_Data_Intensive,Completed,215.63154525018047,215.63384319124316,215.63384319124316,218.97700330430908,3.3431601130659203,3.3454580541286134,3.3454580541286134,3.3426437377974594,STARLINK-3786,1,0,3.342643737797452,0.0022979410626931683,False,False,0.00016713218688987262,0.0005163752684627344,0.000683507455352607,149999.99931001454,99.99999954000968,N/A
138,CPU_and_Data_Intensive,Completed,228.78063984365718,228.78338676440347,228.78338676440347,230.36424180749813,1.5808550430946582,1.5836019638409595,1.5836019638409482,1.5798768695622982,STARLINK-3786,1,0,1.5798768695623115,0.0027469207463012898,False,False,7.899384347811558e-05,0.0009781735323582512,0.0010571673758363667,149999.99825284714,99.99999883523142,N/A
140,CPU_Intensive,Completed,233.707204225084,233.70923150458444,233.70923150458444,236.4398103796378,2.730578875053368,2.7326061545537788,2.7326061545537925,0.0,STARLINK-3786,1,0,2.727998656093203,0.0020272795004107748,False,False,0.00013639993280466014,4.005772063046704e-05,0.00017645765343512717,149999.9981164472,99.99999874429815,N/A
123,CPU_and_Data_Intensive,Completed,206.17565102387297,206.18553502795177,206.18553502795177,206.21890781694776,0.03337278899599028,0.04325679307478082,0.04325679307478936,0.024861738271795275,STARLINK-2251,1,0,0.02486173827180192,0.009884004078790545,False,False,1.243086913590096e-06,0.008511050724192545,0.008512293811106136,149999.9914877062,99.99999432513746,N/A
118,CPU_Intensive,Completed,201.5683924609402,201.56955515668528,201.56955515668528,202.11482864072553,0.5452734840402513,0.5464361797853309,0.5464361797853314,0.0,STARLINK-3849,1,0,0.5428718598638738,0.0011626957450795818,False,False,2.7143592993193687e-05,3.728504898313271e-05,6.44286419763264e-05,149999.9999728564,99.99999998190427,N/A
112,CPU_and_Data_Intensive,Completed,188.0709059592662,188.0709059592662,188.0709059592662,188.1132410358205,0.042335076554280704,0.042335076554280704,0.042335076554280704,0.037694421845571924,STARLINK-11575 [DTC],0,0,0.03769442184557135,0.0,False,False,1.8847210922785675e-06,0.004640654708713591,0.00464253942980587,149999.99535746055,99.9999969049737,N/A
120,Generic_Service,Completed,203.60666850637688,203.60839787523494,203.60839787523494,203.61750745054496,0.009109575310020546,0.010838944168099775,0.010838944168085618,0.0,STARLINK-31958,1,0,0.007139200930114976,0.001729368858079229,False,False,3.569600465057488e-07,3.058992576475763e-05,3.0946885811263375e-05,149999.99999964304,99.99999999976203,N/A
124,CPU_Intensive,Completed,207.41309935427898,207.4148030441616,207.4148030441616,207.6519569658088,0.23715392164720583,0.23885761152982934,0.23885761152982354,0.0,STARLINK-31958,1,0,0.23648848870666414,0.0017036898826235213,False,False,1.1824424435333209e-05,1.0330800308844234e-05,2.2155224744177445e-05,149999.99998781862,99.99999999187908,N/A
125,CPU_and_Data_Intensive,Completed,209.24739123083677,209.2491598494634,209.2491598494634,209.4236053596503,0.17444551018689936,0.17621412881355497,0.17621412881354104,0.17384889129388625,STARLINK-2170,1,0,0.17384889129388964,0.0017686186266556078,False,False,8.692444564694483e-06,0.0005966188930165438,0.0006053113375812382,149999.99939468867,99.9999995964591,N/A
130,CPU_Intensive,Completed,216.9661986700431,216.96744056084768,216.96744056084768,217.22088055905732,0.25343999820964314,0.2546818890142096,0.25468188901422195,0.0,STARLINK-31734,1,0,0.25124818742606647,0.0012418908045664313,False,False,1.2562409371303325e-05,3.4027710593327945e-05,4.659011996463127e-05,149999.9999874376,99.99999999162506,N/A
139,CPU_and_Data_Intensive,Completed,230.44390547910442,230.44894630108905,230.44894630108905,230.80850363022958,0.35955732914052874,0.36459815112515365,0.3645981511251648,0.3558116804685483,STARLINK-31734,1,0,0.3558116804685364,0.005040821984624898,False,False,1.779058402342682e-05,0.003745648671981683,0.00376343925600511,149999.99622399834,99.99999748266556,N/A
145,Generic_Service,Completed,240.00497273375325,240.0066037086945,240.0066037086945,240.0358677897953,0.029264081100791373,0.030895056042066854,0.030895056042055558,0.0,STARLINK-5367,1,0,0.026630020880885466,0.0016309749412754806,False,False,1.3315010440442734e-06,4.0893602458583275e-05,4.2225103502627547e-05,149999.9999986685,99.99999999911233,N/A
146,Generic_Service,Completed,240.022541830089,240.02416752672912,240.02416752672912,240.1336657371982,0.10949821046909847,0.11112390710919803,0.11112390710920295,0.0,STARLINK-5367,1,0,0.10729422580334005,0.0016256966400995628,False,False,5.364711290167003e-06,3.4216709270727144e-05,3.958142056089415e-05,149999.9999933038,99.99999999553586,N/A
150,CPU_Intensive,Completed,245.52837824176024,245.53000762424017,245.53000762424017,246.5241481776746,0.9941405534344199,0.9957699359143674,0.9957699359143533,0.0,STARLINK-5367,1,0,0.9937986293002585,0.0016293824799474541,False,False,4.968993146501293e-05,5.3083484985162674e-06,5.49982799635292e-05,149999.99994361386,99.99999996240923,N/A
151,CPU_Intensive,Completed,246.48737527270862,246.48900137650676,246.48900137650676,247.23574307090567,0.7467416943989065,0.7483677981970649,0.7483677981970516,0.0,STARLINK-5367,1,0,0.7451789733990879,0.0016261037981584669,False,False,3.7258948669954395e-05,2.4261135276163352e-05,6.152008394611775e-05,149999.9999063549,99.99999993756994,N/A
152,Generic_Service,Completed,250.43577168408046,250.43736191144595,250.43736191144595,250.49699557472405,0.05963366327810604,0.06122389064358855,0.06122389064358913,0.0,STARLINK-5367,1,0,0.05791348565650622,0.0015902273654825082,False,False,2.895674282825311e-06,2.670563842241885e-05,2.960131270524416e-05,149999.99990345922,99.99999993563948,N/A
164,CPU_and_Data_Intensive,Completed,269.34878653402143,269.35221204814815,269.35221204814815,269.3609498867343,0.008737838586171165,0.012163352712865918,0.012163352712889264,0.00542942891797793,STARLINK-5367,1,0,0.005429428917991706,0.003425514126694752,False,False,2.714714458995853e-07,0.0033084096681917675,0.0033086811396376673,149999.99659477806,99.99999772985204,N/A
144,CPU_Intensive,Completed,239.4867391096076,239.48785297217785,239.48785297217785,239.61031077924306,0.12245780706521714,0.12357166963544533,0.12357166963545296,0.0,STARLINK-32168,1,0,0.12199032974385278,0.001113862570228196,False,False,6.099516487192639e-06,7.257553033051421e-06,1.335706952024406e-05,149999.99999390048,99.99999999593365,N/A
148,CPU_Intensive,Completed,243.50442326415782,243.505507973517,243.505507973517,244.19359047474268,0.688082501225665,0.6891672105848625,0.6891672105848556,0.0,STARLINK-32168,1,0,0.6869585830979362,0.0010847093591975037,False,False,3.434792915489681e-05,1.7448751081357397e-05,5.179668023625421e-05,149999.99995955254,99.99999997303503,N/A
149,CPU_and_Data_Intensive,Completed,244.00514846600367,244.1224194450859,244.1224194450859,244.7569973963898,0.6345779513038963,0.7518489303861267,0.7518489303861315,0.47013020423273133,STARLINK-32168,1,0,0.4701302042327349,0.1172709790822304,False,False,2.3506510211636745e-05,0.16444774707115653,0.16447125358136816,149999.83548829894,99.99989032553262,N/A
154,Generic_Service,Completed,256.0319742621423,256.0333448437401,256.0333448437401,256.0470242100574,0.01367936631726252,0.015049947915065384,0.015049947915088069,0.0,STARLINK-31730,1,0,0.011131302357488129,0.001370581597802863,False,False,5.565651178744065e-07,3.955851647652679e-05,4.0115081594401196e-05,149999.99999944345,99.99999999962897,N/A
158,Generic_Service,Completed,261.0606593958234,261.0620069554075,261.0620069554075,261.18630631943404,0.12429936402651265,0.12564692361063937,0.12564692361064544,0.0,STARLINK-31730,1,0,0.12285715879787765,0.0013475595841267241,False,False,6.142857939893883e-06,2.239013627624715e-05,2.8532994216141032e-05,149999.9999933006,99.99999999553373,N/A
159,CPU_and_Data_Intensive,Completed,262.082784887857,262.16029488258977,262.16029488258977,262.3318767104624,0.17158182787261467,0.24909182260543553,0.24909182260540774,0.06430888738617568,STARLINK-31730,1,0,0.06430888738616353,0.07750999473282086,False,False,3.2154443693081765e-06,0.10727294048643835,0.10727615593080765,149999.89271714466,99.99992847809644,N/A
142,CPU_and_Data_Intensive,Completed,237.54627496676008,237.556556941217,237.556556941217,237.60182976235257,0.045272821135569075,0.055554795592498984,0.05555479559248511,0.03418144267712364,STARLINK-33830,1,0,0.03418144267711605,0.010281974456929913,False,False,1.7090721338558024e-06,0.011091378458443948,0.011093087530577804,149999.98890691248,99.99999260460832,N/A
141,CPU_Intensive,Completed,236.69688443947277,236.69766054320291,236.69766054320291,237.8904333284299,1.1927727852269925,1.1935488889571504,1.1935488889571388,0.0,STARLINK-33830,1,0,1.1904925756604223,0.0007761037301578157,False,False,5.952462878302112e-05,3.540009557603559e-05,9.49247243590567e-05,149999.98884738784,99.99999256492522,N/A
147,CPU_and_Data_Intensive,Completed,242.28436015147028,242.2864309076692,242.2864309076692,242.83887841059575,0.5524475029265545,0.554518259125474,0.5545182591254729,0.5520097741582504,STARLINK-30516,1,0,0.5520097741582474,0.0020707561989194993,False,False,2.760048870791237e-05,0.0004377287683116619,0.0004653292570195743,149999.99953467073,99.99999968978048,N/A
184,Generic_Service,Completed,295.8506325965363,295.8509489071749,295.8509489071749,295.86898160247245,0.01803269529756335,0.018349005936138797,0.018349005936158846,0.0,STARLINK-30516,1,0,0.016571247045651646,0.00031631063857544457,False,False,8.285623522825823e-07,2.2688882879840068e-05,2.351744523212265e-05,149999.99953384217,99.99999968922812,N/A
185,Generic_Service,Completed,296.130027021104,296.13033597580113,296.13033597580113,296.15985891702485,0.02952294122371768,0.029831895920860347,0.029831895920835905,0.0,STARLINK-30516,1,0,0.02874193642224141,0.00030895469714266733,False,False,1.4370968211120707e-06,1.2125045444031537e-05,1.3562142265143608e-05,149999.99953240508,99.99999968827005,N/A
186,CPU_Intensive,Completed,296.2840083709255,296.2843143762425,296.2843143762425,296.40461513078577,0.12030075454327971,0.12060675986025454,0.12060675986026581,0.0,STARLINK-30516,1,0,0.11973035879649294,0.00030600531697482896,False,False,5.986517939824647e-06,8.855354458206033e-06,1.484187239803068e-05,149999.99952641857,99.99999968427905,N/A
187,CPU_Intensive,Completed,297.5903395627758,297.59065728547,297.59065728547,298.4342455955276,0.843588310057612,0.8439060327518105,0.8439060327518177,0.0,STARLINK-30516,1,0,0.8421812009676204,0.0003177226941985015,False,False,4.210906004838102e-05,2.1845271154444836e-05,6.395433120282586e-05,149999.99948430952,99.99999965620636,N/A
143,CPU_and_Data_Intensive,Completed,238.11186246454162,238.11267923955603,238.11267923955603,238.48922075074006,0.3765415111840298,0.3773582861984484,0.3773582861984437,0.3764175437666495,STARLINK-34595,1,0,0.3764175437666411,0.000816775014418651,False,False,1.882087718833206e-05,0.00012396741738987643,0.00014278829457820848,149999.99985721172,99.99999990480781,N/A
165,CPU_and_Data_Intensive,Completed,270.5954207669602,270.5954207669602,270.5954207669602,270.8248663674025,0.22944560044226137,0.22944560044226137,0.22944560044226137,0.005129606630930539,STARLINK-34595,0,0,0.005129606630956089,0.0,False,False,2.5648033154780444e-07,0.2243159938113357,0.22431625029166727,149999.77554096142,99.99985036064093,N/A
153,CPU_Intensive,Completed,254.93397333799484,254.93546732817913,254.93546732817913,255.39525947902294,0.45979215084381053,0.4612861410280919,0.46128614102809706,0.0,STARLINK-5742,1,0,0.45926183407876014,0.0014939901842813553,False,False,2.296309170393801e-05,8.23313104326845e-06,3.119622274720646e-05,149999.9999770369,99.99999998469127,N/A
160,CPU_and_Data_Intensive,Completed,262.24073418393675,262.2429202882732,262.2429202882732,263.0309669693156,0.7880466810424309,0.7902327853788779,0.790232785378862,0.7872138917571192,STARLINK-5742,1,0,0.7872138917571342,0.00218610433644692,False,False,3.9360694587856716e-05,0.0008327892853033478,0.0008721499798912045,149999.99910488693,99.99999940325796,N/A
155,CPU_Intensive,Completed,258.88834034740523,258.89009224474654,258.89009224474654,258.8929312608716,0.00283901612505133,0.004590913466343275,0.00459091346635887,0.0,STARLINK-31274,1,0,0.0014960037055635701,0.0017518973412919453,False,False,7.480018527817851e-08,2.0850174785435015e-05,2.0924974970713194e-05,149999.9999999252,99.99999999995013,N/A
156,CPU_Intensive,Completed,260.25953432281966,260.261290630333,260.261290630333,260.95821383467427,0.6969232043412603,0.6986795118546187,0.698679511854607,0.0,STARLINK-31274,1,0,0.6945011277940969,0.001756307513358377,False,False,3.4725056389704846e-05,3.760257062342982e-05,7.232762701313466e-05,149999.99996520014,99.9999999768001,N/A
157,CPU_Intensive,Completed,260.47602394194826,260.4777703698476,260.4777703698476,261.06431765301,0.5865472831624174,0.5882937110617648,0.5882937110617377,0.0,STARLINK-31274,1,0,0.5848088979249124,0.0017464278993472684,False,False,2.9240444896245618e-05,2.6988310398219067e-05,5.6228755294464685e-05,149999.9999359597,99.99999995730646,N/A
162,Generic_Service,Completed,268.68769333139795,268.6889149524009,268.6889149524009,268.72982463458845,0.040909682187532326,0.04213130319049629,0.04213130319050151,0.0,STARLINK-31274,1,0,0.03948400498832747,0.0012216210029639596,False,False,1.9742002494163735e-06,2.2133539764731717e-05,2.410774001414809e-05,149999.9999339855,99.99999995599033,N/A
163,CPU_and_Data_Intensive,Completed,268.7380730101619,268.7420686665617,268.7420686665617,268.9776895212943,0.23562085473258776,0.23961651113239102,0.23961651113239668,0.2323271455324516,STARLINK-31274,1,0,0.23232714553242817,0.003995656399803265,False,False,1.1616357276621408e-05,0.0032937092001389034,0.0033053255574155248,149999.99662865995,99.99999775243997,N/A
174,Generic_Service,Completed,287.36775264171206,287.36850442378517,287.36850442378517,287.44477193888537,0.07626751510019858,0.07701929717331188,0.07701929717330813,0.0,STARLINK-1142,1,0,0.07580352246167912,0.0007517820731132946,False,False,3.7901761230839563e-06,7.2034535727719285e-06,1.0993629695855884e-05,149999.99999620984,99.99999999747322,N/A
180,CPU_Intensive,Completed,291.8120859467483,291.8132202189195,291.8132202189195,292.00752647410525,0.19430625518572242,0.1954405273569264,0.1954405273569364,0.0,STARLINK-1142,1,0,0.19235854965270008,0.0011342721712039978,False,False,9.617927482635005e-06,3.023799348679238e-05,3.9855920969427386e-05,149999.99998659192,99.99999999106129,N/A
182,Generic_Service,Completed,294.3345288504305,294.3353937424553,294.3353937424553,294.3964018668943,0.0610081244389562,0.06187301646375043,0.061873016463778185,0.0,STARLINK-1142,1,0,0.05918674660195598,0.0008648920247942267,False,False,2.9593373300977987e-06,2.8276764756813738e-05,3.123610208691154e-05,149999.9999836326,99.9999999890884,N/A
179,CPU_Intensive,Completed,291.27830594723287,291.27942292785957,291.27942292785957,295.1615742528728,3.88215132501324,3.8832683056399393,3.8832683056399446,0.0,STARLINK-1142,1,0,3.8816658415566128,0.0011169806266995215,False,False,0.00019408329207783065,7.537097035354039e-06,0.0002016203891131847,149999.9997895493,99.99999985969953,N/A
183,CPU_and_Data_Intensive,Completed,295.33507642672106,295.33660763935484,295.33660763935484,295.44616460571285,0.1095569663580136,0.11108817899180462,0.11108817899179257,0.10882619938041671,STARLINK-1142,1,0,0.1088261993803888,0.0015312126337910185,False,False,5.44130996901944e-06,0.0007307669775828919,0.0007362082875519113,149999.99905334102,99.99999936889401,N/A
161,CPU_and_Data_Intensive,Completed,268.0505794665906,268.05372305738547,268.05372305738547,268.32061136338933,0.2668883060038638,0.2700318967987606,0.2700318967987414,0.26511766528648195,STARLINK-4497,1,0,0.26511766528645564,0.003143590794896795,False,False,1.325588326432278e-05,0.0017706407174090091,0.001783896600673332,149999.99821610338,99.99999881073559,N/A
166,CPU_and_Data_Intensive,Completed,275.100975940771,275.1031463191812,275.1031463191812,276.68307487107893,1.5799285518977513,1.5820989303079682,1.58209893030795,1.5795557390197814,STARLINK-33738,1,0,1.579555739019809,0.002170378410216908,False,False,7.897778695099044e-05,0.00037281287798515564,0.00045179066493614606,149999.99954820934,99.99999969880622,N/A
176,CPU_and_Data_Intensive,Completed,288.76629915251203,288.76629915251203,288.76629915251203,288.9321492048592,0.1658500523471389,0.1658500523471389,0.1658500523471389,0.16533496640732892,STARLINK-33738,0,0,0.16533496640732248,0.0,False,False,8.266748320366126e-06,0.0005150859397985821,0.0005233526881189483,149999.99902485666,99.99999934990444,N/A
167,Generic_Service,Completed,276.46311437651894,276.46486683227704,276.46486683227704,276.48756154839754,0.02269471612049756,0.02444717187857532,0.02444717187859169,0.0,STARLINK-1554,1,0,0.02028229841139899,0.00175245575807776,False,False,1.0141149205699495e-06,3.745261783081414e-05,3.8466732751384086e-05,149999.99999898588,99.99999999932392,N/A
168,Generic_Service,Completed,276.9482491061242,276.9499876549655,276.9499876549655,276.96703126581446,0.017043610848929802,0.018782159690248955,0.01878215969026087,0.0,STARLINK-1554,1,0,0.015535628820087119,0.0017385488413191538,False,False,7.76781441004356e-07,2.3411316543282614e-05,2.418809798428697e-05,149999.9999982091,99.99999999880606,N/A
169,CPU_Intensive,Completed,276.99732746360405,276.99907837550995,276.99907837550995,277.18084143815787,0.1817630626479172,0.18351397455381718,0.18351397455381857,0.0,STARLINK-1554,1,0,0.17945104929294506,0.0017509119058999757,False,False,8.972552464647253e-06,3.589384718826538e-05,4.486639965291263e-05,149999.99998923653,99.99999999282436,N/A
181,CPU_and_Data_Intensive,Completed,292.98784502668724,292.9907723892198,292.9907723892198,294.2864630681929,1.2956906789731306,1.298618041505666,1.2986180415056765,1.293217446637243,STARLINK-1554,1,0,1.2932174466372628,0.002927362532535383,False,False,6.466087233186314e-05,0.0024732323358809425,0.0025378932082128058,149999.9974513433,99.99999830089554,N/A
170,Generic_Service,Completed,278.9374557576223,278.93923449983305,278.93923449983305,278.97715048819515,0.037915988362101416,0.039694730572895257,0.03969473057287587,0.0,STARLINK-32426,1,0,0.03629283309833917,0.001778742210793841,False,False,1.8146416549169583e-06,2.519937303743494e-05,2.7014014692351898e-05,149999.99999818535,99.99999999879023,N/A
175,CPU_and_Data_Intensive,Completed,287.6999257732209,287.70196502233716,287.70196502233716,288.10354084225924,0.4015758199220727,0.4036150690382957,0.4036150690383238,0.40098180523335714,STARLINK-32426,1,0,0.4009818052333598,0.002039249116222993,False,False,2.0049090261667993e-05,0.0005940146887320202,0.0006140637789936882,149999.9993841216,99.99999958941439,N/A
173,CPU_and_Data_Intensive,Completed,287.0156401498616,287.12115796350787,287.12115796350787,287.41997431479075,0.29881635128288053,0.4043341649291371,0.4043341649291392,0.16448882678798782,STARLINK-5132,1,0,0.16448882678797883,0.10551781364625655,False,False,8.224441339398942e-06,0.13432752449487237,0.13433574893621178,149999.86566425106,99.99991044283404,N/A
81,Generic_Service,Completed,142.38292771845963,142.38335576058492,142.38335576058492,142.40519238657177,0.021836625986850322,0.02226466811212987,0.022264668112143227,0.0,STARLINK-32017,1,0,0.02069846554429113,0.0004280421252795469,False,False,1.0349232772145565e-06,1.76698620330252e-05,1.8704785310239756e-05,149999.99999896507,99.99999999931003,N/A
56,CPU_and_Data_Intensive,Completed,107.3483740582652,107.34994183007147,107.34994183007147,107.47572527011282,0.12578344004134578,0.12735121184762976,0.12735121184762477,0.12537939884873595,STARLINK-31973,1,0,0.12537939884873123,0.0015677718062839744,False,False,6.268969942436562e-06,0.00040404119261444425,0.0004103101625568808,149999.99958968983,99.99999972645989,N/A
34,CPU_Intensive,Completed,53.409219480014116,53.41055544405609,53.41055544405609,53.68956879650872,0.2790133524526368,0.28034931649460443,0.2803493164946076,0.0,STARLINK-5736,1,0,0.27712632209775373,0.0013359640419676282,False,False,1.3856316104887685e-05,2.929601554920478e-05,4.3152331654092464e-05,149999.9999861437,99.99999999076246,N/A
37,CPU_Intensive,Completed,59.680812102786525,59.68201862834564,59.68201862834564,60.00538376735619,0.32336513901055497,0.32457166456966985,0.32457166456966746,0.0,STARLINK-5736,1,0,0.32121083361904823,0.0012065255591148562,False,False,1.6060541680952414e-05,3.34454419791097e-05,4.950598366006212e-05,149999.99997008315,99.99999998005543,N/A
47,CPU_Intensive,Completed,85.83034017809493,85.83196277769316,85.83196277769316,86.86160401234258,1.029641234649418,1.031263834247652,1.0312638342476532,0.0,STARLINK-5736,1,0,1.028412553064574,0.0016225995982340272,False,False,5.14206276532287e-05,1.9075196496715105e-05,7.04958241499438e-05,149999.99991866254,99.99999994577502,N/A
39,CPU_Intensive,Completed,66.00664362612231,66.00819341544488,66.00819341544488,66.60916353566205,0.6009701202171698,0.602519909539739,0.6025199095397369,0.0,STARLINK-2525,1,0,0.5989779105625668,0.0015497893225692087,False,False,2.9948895528128336e-05,3.0928916891675614e-05,6.087781241980395e-05,149999.9999700511,99.99999998003408,N/A
48,CPU_Intensive,Completed,86.95883228744454,86.960432769826,86.960432769826,87.43400051514689,0.4735677453208922,0.47516822770235456,0.4751682277023548,0.0,STARLINK-2525,1,0,0.473268010477289,0.0016004823814623997,False,False,2.366340052386445e-05,4.6533626849800865e-06,2.8316763208844537e-05,149999.99994638772,99.99999996425848,N/A
51,CPU_and_Data_Intensive,Completed,93.74460412428692,93.7464000519143,93.7464000519143,94.13635069144317,0.38995063952886255,0.39174656715625117,0.3917465671562468,0.38958291780603815,STARLINK-2525,1,0,0.3895829178060336,0.0017959276273886136,False,False,1.947914589030168e-05,0.00036772172282014483,0.0003872008687104465,149999.99955918686,99.99999970612457,N/A
43,Generic_Service,Completed,71.70872630832875,71.7093140803346,71.7093140803346,71.72841020154458,0.019096121209983608,0.01968389321582823,0.019683893215827197,0.0,STARLINK-32701,1,0,0.016793054562496083,0.0005877720058446251,False,False,8.396527281248041e-07,3.575495017390508e-05,3.6594602902029884e-05,149999.99999916035,99.99999999944023,N/A
42,CPU_and_Data_Intensive,Completed,69.37777022174798,69.38804746114545,69.38804746114545,71.83810955892976,2.4500620977843113,2.4603393371817837,2.4603393371817788,2.440589155899403,STARLINK-32701,1,0,2.440589155899409,0.010277239397472203,False,False,0.00012202945779497046,0.009472941884906978,0.00959497134270195,149999.990404189,99.99999360279267,N/A
24,CPU_Intensive,Completed,37.705341252847816,37.7064659504228,37.7064659504228,38.564802123519016,0.8583361730962125,0.859460870671201,0.8594608706711995,0.0,STARLINK-5712,1,0,0.8568984673621549,0.0011246975749885212,False,False,4.284492336810775e-05,2.2320281934538496e-05,6.516520530264625e-05,149999.9999571551,99.99999997143672,N/A
32,CPU_Intensive,Completed,50.297283574636104,50.29861515800335,50.29861515800335,50.42350912999038,0.1248939719870279,0.12622555535427626,0.12622555535427438,0.0,STARLINK-5712,1,0,0.12336459928181566,0.0013315833672483772,False,False,6.168229964090784e-06,2.374340531215763e-05,2.9911635276248414e-05,149999.99995098685,99.99999996732457,N/A
50,CPU_and_Data_Intensive,Completed,89.33185828051154,89.39977886722906,89.39977886722906,89.65576521771087,0.2559863504818054,0.32390693719932645,0.3239069371993253,0.18729646936824906,STARLINK-5712,1,0,0.18729646936824382,0.06792058671752106,False,False,9.364823468412191e-06,0.06868988111355119,0.0686992459370196,149999.9312517409,99.99995416782727,N/A
44,CPU_and_Data_Intensive,Completed,78.1458483074384,78.1538971242227,78.1538971242227,78.46625024482762,0.31235312060492504,0.3204019373892227,0.32040193738922085,0.3026175237143036,STARLINK-3850,1,0,0.30261752371429934,0.008048816784297638,False,False,1.5130876185714966e-05,0.009735596890617338,0.009750727766803052,149999.99024927223,99.99999349951482,N/A
21,CPU_Intensive,Completed,32.80900629638931,32.81005767803015,32.81005767803015,32.828665817325295,0.018608139295146486,0.01965952093598008,0.019659520935981334,0.0,STARLINK-5366,1,0,0.016994103918157658,0.0010513816408335948,False,False,8.497051959078829e-07,2.505778742709661e-05,2.5907492623004493e-05,149999.99999915028,99.99999999943353,N/A
23,CPU_Intensive,Completed,35.598863931605564,35.59990951285178,35.59990951285178,35.80066883538731,0.2007593225355322,0.20180490378174565,0.2018049037817491,0.0,STARLINK-5366,1,0,0.1990634578588111,0.0010455812462134438,False,False,9.953172892940556e-06,2.632818163720378e-05,3.628135453014434e-05,149999.99998919712,99.99999999279808,N/A
26,CPU_and_Data_Intensive,Completed,41.40293493509156,41.40356507616462,41.40356507616462,41.92378604926875,0.5202209731041307,0.52085111417719,0.5208511141771908,0.5201807129148364,STARLINK-5366,1,0,0.520180712914838,0.0006301410730593026,False,False,2.60090356457419e-05,4.0260189296753725e-05,6.626922494249563e-05,149999.99992292788,99.9999999486186,N/A
52,Generic_Service,Completed,96.6860847605245,96.68737060192427,96.68737060192427,96.90813088832788,0.22076028640360335,0.22204612780338467,0.22204612780338095,0.0,STARLINK-34197,1,0,0.22005451843394017,0.0012858413997813172,False,False,1.1002725921697008e-05,1.0956998842027521e-05,2.195972476372453e-05,149999.99998899727,99.99999999266484,N/A
53,CPU_Intensive,Completed,101.59602895361216,101.59732131714142,101.59732131714142,102.16422896329318,0.5669076461517619,0.5682000096810191,0.5682000096810214,0.0,STARLINK-34197,1,0,0.5659790665913844,0.0012923635292571652,False,False,2.829895332956922e-05,1.4416133354332097e-05,4.2715086683901315e-05,149999.9999606983,99.99999997379886,N/A
54,Generic_Service,Completed,102.34508982879903,102.34640387756845,102.34640387756845,102.46976368905095,0.12335981148250141,0.12467386025191285,0.12467386025191729,0.0,STARLINK-34197,1,0,0.12127246636996043,0.001314048769411435,False,False,6.063623318498022e-06,3.240588828632414e-05,3.846951160482216e-05,149999.99995463467,99.99999996975644,N/A
60,CPU_and_Data_Intensive,Completed,113.83931314605239,113.89853615507512,113.89853615507512,114.12776883540236,0.2292326803272431,0.2884556893499794,0.28845568934997345,0.14836153855794976,STARLINK-34197,1,0,0.1483615385579428,0.059223009022736285,False,False,7.418076927897139e-06,0.0808711417692903,0.08087855984621821,149999.91907607482,99.99994605071655,N/A
31,CPU_and_Data_Intensive,Completed,49.85068306388012,49.85306856753522,49.85306856753522,49.99364202071097,0.14057345317575454,0.14295895683084964,0.1429589568308529,0.13980533657058203,STARLINK-31512,1,0,0.1398053365705847,0.0023855036550950873,False,False,6.990266828529236e-06,0.000768116605173512,0.0007751068720020412,149999.9992248931,99.99999948326207,N/A
22,CPU_and_Data_Intensive,Completed,34.06525550154425,34.069601346299166,34.069601346299166,34.2907001202033,0.22109877390413146,0.22544461865904786,0.22544461865904708,0.21785435805422537,STARLINK-4509,1,0,0.2178543580542236,0.004345844754916398,False,False,1.089271790271118e-05,0.0032444158499088495,0.0032553085678115605,149999.99674469142,99.99999782979428,N/A
30,CPU_and_Data_Intensive,Completed,45.227850517601176,45.231639185115675,45.231639185115675,45.406192856199624,0.1745536710839488,0.178342338598445,0.17834233859844772,0.17167584998721708,STARLINK-4509,1,0,0.17167584998721425,0.003788667514496188,False,False,8.583792499360714e-06,0.0028778210967315395,0.0028864048892309003,149999.99385828653,99.99999590552436,N/A
103,Generic_Service,Completed,177.08302825714568,177.08513817444194,177.08513817444194,177.25095586542383,0.16581769098189625,0.16792760827815906,0.16792760827814845,0.0,STARLINK-4509,1,0,0.16526613894786332,0.0021099172962628066,False,False,8.263306947393167e-06,8.562807123847484e-06,1.682611407124065e-05,149999.99262808834,99.99999508539223,N/A
104,CPU_Intensive,Completed,178.62654047602172,178.62864756135292,178.62864756135292,179.15142617518177,0.5227786138288479,0.5248856991600652,0.5248856991600519,0.0,STARLINK-4509,1,0,0.5221467668129403,0.002107085331217236,False,False,2.6107338340647016e-05,9.809381155400403e-06,3.591671949604742e-05,149999.992601981,99.99999506798733,N/A
105,CPU_Intensive,Completed,179.09047770422853,179.0925916893889,179.0925916893889,179.24363416488066,0.15104247549174943,0.15315646065211475,0.15315646065212718,0.0,STARLINK-4509,1,0,0.14978311656364282,0.0021139851603653253,False,False,7.4891558281821405e-06,1.955146012567881e-05,2.704061595386095e-05,149999.99259449187,99.99999506299457,N/A
106,CPU_and_Data_Intensive,Completed,179.245172480986,179.24745880531663,179.24745880531663,179.76344302596354,0.5159842206469136,0.5182705449775175,0.5182705449775256,0.5157213382621819,STARLINK-4509,1,0,0.5157213382621798,0.0022863243306038518,False,False,2.5786066913108992e-05,0.00026288238471833963,0.0002886684516314486,149999.9923058234,99.99999487054893,N/A
107,CPU_and_Data_Intensive,Completed,179.51921073982584,179.57340559218923,179.57340559218923,181.1153522889053,1.5419466967160815,1.5961415490794797,1.5961415490794764,1.4683925822627373,STARLINK-4509,1,0,1.468392582262738,0.054194852363398195,False,False,7.341962911313691e-05,0.07355411445333035,0.07362753408244349,149999.9186782893,99.9999457855262,N/A
33,Generic_Service,Completed,52.91638500940409,52.916881138129995,52.916881138129995,52.93859159021765,0.02171045208765321,0.022206580813558634,0.02220658081355964,0.0,STARLINK-31637,1,0,0.020394571711356606,0.0004961287259054254,False,False,1.0197285855678303e-06,2.0428951693850084e-05,2.1448680279417916e-05,149999.99999898026,99.99999999932018,N/A
36,CPU_Intensive,Completed,55.51550003414022,55.51550003414022,55.51550003414022,55.52639912156387,0.010899087423652531,0.010899087423652531,0.010899087423652531,0.0,STARLINK-31637,0,0,0.0087552158916992,0.0,False,False,4.3776079458496005e-07,3.328345703233913e-05,3.372121782692409e-05,149999.9999985425,99.99999999902835,N/A
35,CPU_Intensive,Completed,54.93642384857342,54.93642384857342,54.93642384857342,55.595017245647455,0.6585933970740356,0.6585933970740356,0.6585933970740356,0.0,STARLINK-31637,0,0,0.6562102337621515,0.0,False,False,3.2810511688107574e-05,3.699844534049267e-05,6.980895702860024e-05,149999.999965732,99.99999997715466,N/A
57,Generic_Service,Completed,107.73413124035206,107.7358134127923,107.7358134127923,107.7460581854684,0.010244772676102798,0.011926945116336456,0.01192694511634329,0.0,STARLINK-2514,1,0,0.009555752893398039,0.0016821724402336577,False,False,4.77787644669902e-07,1.069698439965071e-05,1.1174772044320611e-05,149999.9999995222,99.99999999968146,N/A
58,Generic_Service,Completed,108.75360317933836,108.75484787545538,108.75484787545538,108.80753314620992,0.05268527075453733,0.05392996687155828,0.05392996687156426,0.0,STARLINK-2514,1,0,0.05055326908260657,0.0012446961170209494,False,False,2.5276634541303285e-06,3.309917827765504e-05,3.562684173178537e-05,149999.99999699453,99.99999999799635,N/A
59,CPU_and_Data_Intensive,Completed,111.46310964308113,111.46526433470758,111.46526433470758,111.7592912711264,0.29402693641881683,0.2961816280452817,0.29618162804527515,0.29275814441263037,STARLINK-2514,1,0,0.29275814441263176,0.0021546916264648833,False,False,1.4637907220631588e-05,0.0012687920061873745,0.0012834299134080061,149999.99871356462,99.99999914237641,N/A
61,CPU_and_Data_Intensive,Completed,117.444185309439,117.44620391278453,117.44620391278453,117.97315246323303,0.526948550448509,0.5289671537940303,0.5289671537940279,0.5260272422039236,STARLINK-33901,1,0,0.5260272422039222,0.002018603345521337,False,False,2.6301362110196108e-05,0.0009213082445829941,0.0009476096066931901,149999.9990523904,99.99999936826026,N/A
77,CPU_Intensive,Completed,134.56547554682717,134.56547554682717,134.56547554682717,134.58342636481868,0.017950817991504664,0.017950817991504664,0.017950817991504664,0.0,STARLINK-33901,0,0,0.016300251305593337,0.0,False,False,8.150125652796669e-07,2.5624933467944923e-05,2.643994603322459e-05,149999.99905157537,99.99999936771692,N/A
78,CPU_and_Data_Intensive,Completed,136.1755549920018,136.1755549920018,136.1755549920018,136.4755823473623,0.3000273553604984,0.3000273553604984,0.3000273553604984,0.299212999676314,STARLINK-33901,0,0,0.2992129996763042,0.0,False,False,1.4960649983815212e-05,0.0008143556841705108,0.000829316334154326,149999.99822225905,99.99999881483936,N/A
79,CPU_Intensive,Completed,138.5214377031955,138.5214377031955,138.5214377031955,138.52978247373105,0.008344770535558155,0.008344770535558155,0.008344770535558155,0.0,STARLINK-33901,0,0,0.0057277970237470735,0.0,False,False,2.863898511873537e-07,4.062833249857361e-05,4.091472234976096e-05,149999.99822197267,99.99999881464844,N/A
80,Generic_Service,Completed,139.9599932684306,139.9599932684306,139.9599932684306,140.0235667935613,0.06357352513069259,0.06357352513069259,0.06357352513069259,0.0,STARLINK-33901,0,0,0.06123650403164659,0.0,False,False,3.06182520158233e-06,3.628209068210095e-05,3.934391588368328e-05,149999.99821891083,99.99999881260722,N/A
17,CPU_Intensive,Completed,25.70445324597397,25.70662847162192,25.70662847162192,25.74754008862935,0.04091161700743129,0.04308684265538194,0.043086842655380764,0.0,STARLINK-30487,1,0,0.040202361003411624,0.0021752256479506517,False,False,2.010118050170581e-06,1.1011150333786168e-05,1.3021268383956748e-05,149999.9999979899,99.99999999865993,N/A
25,CPU_and_Data_Intensive,Completed,40.94398282734425,40.95005260201191,40.95005260201191,41.24704766605657,0.29699506404465836,0.30306483871231754,0.3030648387123165,0.29213219629637166,STARLINK-3956,1,0,0.29213219629637094,0.006069774667659151,False,False,1.460660981481855e-05,0.004862867748286068,0.004877474358100887,149999.99512252564,99.99999674835043,N/A
27,CPU_Intensive,Completed,42.42960991885996,42.431804271098514,42.431804271098514,42.562262088663175,0.13045781756466113,0.1326521698032184,0.13265216980321526,0.0,STARLINK-2720,1,0,0.1291586184520007,0.0021943522385572665,False,False,6.457930922600035e-06,2.0169976231315102e-05,2.6627907153915138e-05,149999.99999354206,99.99999999569471,N/A
29,CPU_and_Data_Intensive,Completed,44.85658251477262,44.919167589821065,44.919167589821065,45.08288332809825,0.16371573827718322,0.22630081332562663,0.22630081332562924,0.09283945744271449,STARLINK-2720,1,0,0.09283945744271753,0.06258507504844342,False,False,4.641972872135876e-06,0.07087628083446659,0.07088092280733872,149999.92911261925,99.99995274174617,N/A
28,CPU_Intensive,Completed,44.83924941918663,44.841442766662915,44.841442766662915,45.618329404148405,0.7768866374854895,0.7790799849617754,0.7790799849617756,0.0,STARLINK-2720,1,0,0.7748129962160741,0.002193347476285943,False,False,3.874064981080371e-05,3.219313707102916e-05,7.093378688183287e-05,149999.9290738786,99.99995271591906,N/A
13,CPU_and_Data_Intensive,Completed,19.822239696909698,19.82472438166366,19.82472438166366,19.962537038904802,0.13781265724114178,0.14029734199510385,0.14029734199510457,0.1368325036891882,STARLINK-5568,1,0,0.13683250368918642,0.0024846847539620734,False,False,6.841625184459322e-06,0.0009801535519525827,0.000986995177137042,149999.99901300482,99.99999934200322,N/A
7,Generic_Service,Completed,9.03628166045155,9.037158946011857,9.037158946011857,9.078694181530619,0.04153523551876148,0.04241252107906794,0.042412521079068455,0.0,STARLINK-5503,1,0,0.040298359474640416,0.0008772855603064618,False,False,2.014917973732021e-06,1.9202414909288123e-05,2.1217332883020143e-05,149999.99999798508,99.99999999865672,N/A
19,CPU_and_Data_Intensive,Completed,28.260846130602836,28.260846130602836,28.260846130602836,28.57670061420322,0.3158544836003827,0.3158544836003827,0.3158544836003827,0.15552543869383229,STARLINK-5503,0,0,0.15552543869383403,0.0,False,False,7.776271934691702e-06,0.16032904490655156,0.16033682117848624,149999.8396611639,99.99989310744259,N/A
38,CPU_Intensive,Completed,65.46433119630775,65.46486390853983,65.46486390853983,65.56713664794317,0.10227273940334669,0.10280545163542142,0.10280545163541888,0.0,STARLINK-32675,1,0,0.10002663651599687,0.0005327122320747192,False,False,5.0013318257998435e-06,3.48705917436696e-05,3.987192356946944e-05,149999.99999499868,99.99999999666579,N/A
41,Generic_Service,Completed,67.8720945806296,67.87261816643637,67.87261816643637,67.94759148574141,0.07497331930504458,0.07549690511182434,0.0754969051118195,0.0,STARLINK-32675,1,0,0.07403229812452505,0.0005235858067797597,False,False,3.701614906226253e-06,1.460928864514973e-05,1.8310903551375985e-05,149999.99999129705,99.99999999419803,N/A
40,CPU_Intensive,Completed,67.4394778541686,67.44000974517022,67.44000974517022,68.09807140740897,0.658061662238751,0.6585935532403655,0.6585935532403653,0.0,STARLINK-32675,1,0,0.6564343314103087,0.0005318910016145995,False,False,3.282171657051544e-05,2.526419838998029e-05,5.8085914960495725e-05,149999.99995847532,99.99999997231687,N/A
49,CPU_Intensive,Completed,88.30517941939301,88.3072147455315,88.3072147455315,88.75530018985792,0.4480854443264235,0.45012077046490206,0.4501207704649062,0.0,STARLINK-32675,1,0,0.4460572287800897,0.002035326138478559,False,False,2.2302861439004484e-05,3.148790586669263e-05,5.3790767305697114e-05,149999.99993617248,99.99999995744831,N/A
18,CPU_and_Data_Intensive,Completed,28.046140640702284,28.053417035769666,28.053417035769666,28.34471314265405,0.2912961068843849,0.2985725019517679,0.2985725019517673,0.2842427478578742,STARLINK-5620,1,0,0.2842427478578731,0.007276395067382971,False,False,1.4212137392893656e-05,0.007053359026511214,0.007067571163904107,149999.99293242884,99.99999528828589,N/A
45,Generic_Service,Completed,79.44942640185376,79.45036794322152,79.45036794322152,79.49045333990566,0.04008539668413391,0.04102693805189915,0.04102693805189972,0.0,STARLINK-30548,1,0,0.03952474758377442,0.0009415413677652373,False,False,1.9762373791887206e-06,8.704038448196299e-06,1.068027582738502e-05,149999.99999802376,99.99999999868251,N/A
46,CPU_and_Data_Intensive,Completed,84.08539530795258,84.08715736100656,84.08715736100656,84.47916890585924,0.39201154485267864,0.39377359790665206,0.3937735979066588,0.39127128672443234,STARLINK-30548,1,0,0.39127128672443634,0.001762053053973435,False,False,1.9563564336221815e-05,0.0007402581282397181,0.00075982169257594,149999.99923820206,99.9999994921347,N/A
2,CPU_and_Data_Intensive,Completed,4.972092242408533,5.1019870062532116,5.1019870062532116,5.266593033440108,0.16460602718689632,0.2945007910315749,0.29450079103157467,0.017948943835562226,STARLINK-3831,1,0,0.017948943835562642,0.12989476384467857,False,False,8.974471917781322e-07,0.14665708335133396,0.14665798079852574,149999.8533420192,99.9999022280128,N/A
3,CPU_and_Data_Intensive,Completed,5.204494465481401,5.214286942281908,5.214286942281908,5.684791710681734,0.4705047683998256,0.480297245200332,0.48029724520033223,0.4596445950546766,STARLINK-30519,1,0,0.45964459505467686,0.009792476800506413,False,False,2.2982229752733844e-05,0.010860173345148877,0.010883155574901611,149999.98911684443,99.99999274456295,N/A
8,CPU_Intensive,Completed,9.41385591399436,9.414817958420091,9.414817958420091,9.730865262475707,0.31604730405561554,0.3170093484813475,0.31700934848134743,0.0,STARLINK-5099,1,0,0.31394346540090795,0.0009620444257319647,False,False,1.56971732700454e-05,3.266194938605597e-05,4.835912265610137e-05,149999.99998430282,99.99999998953521,N/A
1,CPU_and_Data_Intensive,Completed,2.565819028458908,2.6669181341975388,2.6669181341975388,3.47832479574105,0.8114066615435114,0.912505767282142,0.9125057672821422,0.7089871336095634,STARLINK-4491,1,0,0.7089871336095636,0.1010991057386307,False,False,3.544935668047818e-05,0.1024195279339478,0.10245497729062829,149999.8975450227,99.99993169668178,N/A
16,CPU_and_Data_Intensive,Completed,24.594225886571074,24.596235025899823,24.596235025899823,25.06166908059916,0.46543405469933674,0.467443194028084,0.46744319402808543,0.4651135373228925,STARLINK-2511,1,0,0.465113537322894,0.0020091393287472643,False,False,2.32556768661447e-05,0.00032051737644584014,0.00034377305331198483,149999.99965622695,99.99999977081796,N/A
10,CPU_Intensive,Completed,16.831891022438906,16.833176174904366,16.833176174904366,17.041453029267306,0.2082768543629392,0.20956200682839873,0.2095620068283992,0.0,STARLINK-1830,1,0,0.2070338894886961,0.0012851524654595556,False,False,1.0351694474434805e-05,1.929694357518638e-05,2.9648638049621186e-05,149999.9999896483,99.99999999309887,N/A
14,CPU_and_Data_Intensive,Completed,23.144089162126,23.151279653967233,23.151279653967233,23.26582849853028,0.11454884456304626,0.12173933640427856,0.12173933640427848,0.10709972802576573,STARLINK-32493,1,0,0.10709972802576609,0.007190491841232298,False,False,5.354986401288305e-06,0.007449116537279816,0.007454471523681104,149999.99254552848,99.99999503035232,N/A
4,CPU_and_Data_Intensive,Completed,7.025589278929834,7.176430891618995,7.176430891618995,7.339136942487058,0.16270605086806267,0.3135476635572238,0.3135476635572241,0.002454518819612339,STARLINK-32079,1,0,0.002454518819611998,0.15084161268916113,False,False,1.227259409805999e-07,0.16025153204845025,0.16025165477439124,149999.83974834523,99.99989316556348,N/A
15,CPU_and_Data_Intensive,Completed,23.42603714068112,23.433310482136186,23.433310482136186,23.486537563533265,0.05322708139707899,0.06050042285214216,0.06050042285214374,0.045428952870075534,STARLINK-30081,1,0,0.045428952870073896,0.00727334145506317,False,False,2.2714476435036946e-06,0.007798128527004666,0.00780039997464817,149999.99219960003,99.99999479973336,N/A
9,CPU_Intensive,Completed,11.452991669949242,11.454066871801095,11.454066871801095,11.554239892101545,0.10017302030045094,0.10124822215230317,0.10124822215230367,0.0,STARLINK-30453,1,0,0.09774878197277799,0.0010752018518522322,False,False,4.887439098638899e-06,3.763613211546456e-05,4.252357121410346e-05,149999.99999511256,99.9999999967417,N/A
12,CPU_and_Data_Intensive,Completed,18.13671979902364,18.141795090448642,18.141795090448642,18.594946758908318,0.45315166845967525,0.4582269598846758,0.45822695988467643,0.4491357499582129,STARLINK-31006,1,0,0.4491357499582143,0.00507529142500055,False,False,2.2456787497910716e-05,0.0040159185014638455,0.004038375288961756,149999.99596162472,99.99999730774981,N/A
5,CPU_and_Data_Intensive,Completed,8.161344316951006,8.16236914267777,8.16236914267777,8.997697732771185,0.8353285900934146,0.8363534158201789,0.8363534158201791,0.834874297825472,STARLINK-31654,1,0,0.8348742978254721,0.0010248257267641643,False,False,4.17437148912736e-05,0.0004542922679427018,0.0004960359828339754,149999.99950396403,99.99999966930936,N/A
6,CPU_Intensive,Completed,8.962696898080333,8.963312908133986,8.963312908133986,9.835418906925083,0.8721059987910973,0.8727220088447494,0.8727220088447503,0.0,STARLINK-31654,1,0,0.871787635685517,0.0006160100536520908,False,False,4.358938178427585e-05,4.942565161814576e-06,4.853194694609043e-05,149999.99946037465,99.99999964024975,N/A
20,CPU_and_Data_Intensive,Completed,31.716333984190193,31.769447128901483,31.769447128901483,31.881677038000028,0.11222990909854502,0.16534305380983585,0.16534305380983483,0.050298347845561864,STARLINK-33755,1,0,0.05029834784556238,0.05311314471129083,False,False,2.514917392278119e-06,0.061931561252983776,0.06193407617037605,149999.93806592384,99.99995871061589,N/A
11,CPU_Intensive,Completed,17.54739865360363,17.5488121602342,17.5488121602342,18.0836664272944,0.5348542670602008,0.5362677736907696,0.5362677736907706,0.0,STARLINK-3761,1,0,0.533556188197608,0.001413506630568804,False,False,2.66778094098804e-05,2.015258442665847e-05,4.683039383653887e-05,149999.99997332218,99.99999998221479,N/A
37000,Batch,Completed,0,0,0.0,0.001027191372613113,0.001027191372613113,0.001027191372613113,0.001027191372613113,0.0,STARLINK-30453,0,0,0.0,0.0,False,False,0.0,0.001027191372613113,0.001027191372613113,149999.99897280862,99.99999931520574,N/A
65000,Batch,Completed,0,0,0.0,0.0011816246799973046,0.0011816246799973046,0.0011816246799973046,0.0011816246799973046,0.0,STARLINK-5366,0,0,0.0,0.0,False,False,0.0,0.0011816246799973046,0.0011816246799973046,149999.99881837532,99.99999921225022,N/A
46000,Batch,Completed,0,0,0.0,0.0012294891711329067,0.0012294891711329067,0.0012294891711329067,0.0012294891711329067,0.0,STARLINK-31775,0,0,0.0,0.0,False,False,0.0,0.0012294891711329067,0.0012294891711329067,149999.99877051084,99.99999918034057,N/A
45000,Batch,Completed,0,0,0.0,0.0013331385220612894,0.0013331385220612894,0.0013331385220612894,0.0013331385220612894,0.0,STARLINK-11242 [DTC],0,0,0.0,0.0,False,False,0.0,0.0013331385220612894,0.0013331385220612894,149999.99866686147,99.99999911124098,N/A
59000,Batch,Completed,0,0,0.0,0.0016381481889493562,0.0016381481889493562,0.0016381481889493562,0.0016381481889493562,0.0,STARLINK-4509,0,0,0.0,0.0,False,False,0.0,0.0016381481889493562,0.0016381481889493562,149999.99836185182,99.99999890790122,N/A
61000,Batch,Completed,0,0,0.0,0.0018468059622456744,0.0018468059622456744,0.0018468059622456744,0.0018468059622456744,0.0,STARLINK-3956,0,0,0.0,0.0,False,False,0.0,0.0018468059622456744,0.0018468059622456744,149999.99815319403,99.99999876879602,N/A
30000,Batch,Completed,0,0,0.0,0.002439989688326922,0.002439989688326922,0.002439989688326922,0.002439989688326922,0.0,STARLINK-5727,0,0,0.0,0.0,False,False,0.0,0.002439989688326922,0.002439989688326922,149999.99756001032,99.99999837334022,N/A
26000,Batch,Completed,0,0,0.0,0.002593545385153186,0.002593545385153186,0.002593545385153186,0.002593545385153186,0.0,STARLINK-2211,0,0,0.0,0.0,False,False,0.0,0.002593545385153186,0.002593545385153186,149999.9974064546,99.99999827096974,N/A
2000,Batch,Completed,0,0,0.0,0.0026875342433690217,0.0026875342433690217,0.0026875342433690217,0.0026875342433690217,0.0,STARLINK-5748,0,0,0.0,0.0,False,False,0.0,0.0026875342433690217,0.0026875342433690217,149999.99731246577,99.99999820831052,N/A
54000,Batch,Completed,0,0,0.0,0.0027502906945371716,0.0027502906945371716,0.0027502906945371716,0.0027502906945371716,0.0,STARLINK-30165,0,0,0.0,0.0,False,False,0.0,0.0027502906945371716,0.0027502906945371716,149999.9972497093,99.99999816647286,N/A
82000,Batch,Completed,0,0,0.0,0.0029835799876324906,0.0029835799876324906,0.0029835799876324906,0.0029835799876324906,0.0,STARLINK-5712,0,0,0.0,0.0,False,False,0.0,0.0029835799876324906,0.0029835799876324906,149999.99701642,99.99999801094667,N/A
84000,Batch,Completed,0,0,0.0,0.0031282527301488726,0.0031282527301488726,0.0031282527301488726,0.0031282527301488726,0.0,STARLINK-1542,0,0,0.0,0.0,False,False,0.0,0.0031282527301488726,0.0031282527301488726,149999.99687174728,99.99999791449818,N/A
36000,Batch,Completed,0,0,0.0,0.003592629914590449,0.003592629914590449,0.003592629914590449,0.003592629914590449,0.0,STARLINK-30081,0,0,0.0,0.0,False,False,0.0,0.003592629914590449,0.003592629914590449,149999.99640737008,99.99999760491339,N/A
12000,Batch,Completed,0,0,0.0,0.0036272325284024223,0.0036272325284024223,0.0036272325284024223,0.0036272325284024223,0.0,STARLINK-31889,0,0,0.0,0.0,False,False,0.0,0.0036272325284024223,0.0036272325284024223,149999.99637276746,99.99999758184498,N/A
87000,Batch,Completed,0,0,0.0,0.003635971346875916,0.003635971346875916,0.003635971346875916,0.003635971346875916,0.0,STARLINK-5159,0,0,0.0,0.0,False,False,0.0,0.003635971346875916,0.003635971346875916,149999.99636402866,99.99999757601911,N/A
60000,Batch,Completed,0,0,0.0,0.004002641295303236,0.004002641295303236,0.004002641295303236,0.004002641295303236,0.0,STARLINK-3956,0,0,0.0,0.0,False,False,0.0,0.004002641295303236,0.004002641295303236,149999.99415055272,99.99999610036848,N/A
63000,Batch,Completed,0,0,0.0,0.00400881005102423,0.00400881005102423,0.00400881005102423,0.00400881005102423,0.0,STARLINK-31582,0,0,0.0,0.0,False,False,0.0,0.00400881005102423,0.00400881005102423,149999.99599118994,99.99999732745995,N/A
24000,Batch,Completed,0,0,0.0,0.00444562655876763,0.00444562655876763,0.00444562655876763,0.00444562655876763,0.0,STARLINK-2211,0,0,0.0,0.0,False,False,0.0,0.00444562655876763,0.00444562655876763,149999.99296082807,99.99999530721871,N/A
90000,Batch,Completed,0,0,0.0,0.004546175327376595,0.004546175327376595,0.004546175327376595,0.004546175327376595,0.0,STARLINK-4437,0,0,0.0,0.0,False,False,0.0,0.004546175327376595,0.004546175327376595,149999.99545382467,99.99999696921644,N/A
47000,Batch,Completed,0,0,0.0,0.00482007393372026,0.00482007393372026,0.00482007393372026,0.00482007393372026,0.0,STARLINK-31775,0,0,0.0,0.0,False,False,0.0,0.00482007393372026,0.00482007393372026,149999.9939504369,99.99999596695794,N/A
56000,Batch,Completed,0,0,0.0,0.004852992297118082,0.004852992297118082,0.004852992297118082,0.004852992297118082,0.0,STARLINK-4097,0,0,0.0,0.0,False,False,0.0,0.004852992297118082,0.004852992297118082,149999.9951470077,99.99999676467179,N/A
70000,Batch,Completed,0,0,0.0,0.005227831924141796,0.005227831924141796,0.005227831924141796,0.005227831924141796,0.0,STARLINK-5684,0,0,0.0,0.0,False,False,0.0,0.005227831924141796,0.005227831924141796,149999.99477216808,99.99999651477872,N/A
39000,Batch,Completed,0,0,0.0,0.005431626295334951,0.005431626295334951,0.005431626295334951,0.005431626295334951,0.0,STARLINK-5503,0,0,0.0,0.0,False,False,0.0,0.005431626295334951,0.005431626295334951,149999.99456837372,99.99999637891581,N/A
8000,Batch,Completed,0,0,0.0,0.005555607326658168,0.005555607326658168,0.005555607326658168,0.005555607326658168,0.0,STARLINK-30519,0,0,0.0,0.0,False,False,0.0,0.005555607326658168,0.005555607326658168,149999.99444439268,99.99999629626178,N/A
14000,Batch,Completed,0,0,0.0,0.005617460272650244,0.005617460272650244,0.005617460272650244,0.005617460272650244,0.0,STARLINK-32752,0,0,0.0,0.0,False,False,0.0,0.005617460272650244,0.005617460272650244,149999.99438253973,99.99999625502649,N/A
80000,Batch,Completed,0,0,0.0,0.0060603884821688525,0.0060603884821688525,0.0060603884821688525,0.0060603884821688525,0.0,STARLINK-5712,0,0,0.0,0.0,False,False,0.0,0.0060603884821688525,0.0060603884821688525,149999.9909560315,99.99999397068767,N/A
74000,Batch,Completed,0,0,0.0,0.006274864218448531,0.006274864218448531,0.006274864218448531,0.006274864218448531,0.0,STARLINK-2720,0,0,0.0,0.0,False,False,0.0,0.006274864218448531,0.006274864218448531,149999.99372513578,99.99999581675718,N/A
33000,Batch,Completed,0,0,0.0,0.006327943756784061,0.006327943756784061,0.006327943756784061,0.006327943756784061,0.0,STARLINK-31509,0,0,0.0,0.0,False,False,0.0,0.006327943756784061,0.006327943756784061,149999.99367205624,99.99999578137083,N/A
31000,Batch,Completed,0,0,0.0,0.0068705421469005875,0.0068705421469005875,0.0068705421469005875,0.0068705421469005875,0.0,STARLINK-5727,0,0,0.0,0.0,False,False,0.0,0.0068705421469005875,0.0068705421469005875,149999.99068946816,99.99999379297877,N/A
11000,Batch,Completed,0,0,0.0,0.007038203024278576,0.007038203024278576,0.007038203024278576,0.007038203024278576,0.0,STARLINK-31889,0,0,0.0,0.0,False,False,0.0,0.007038203024278576,0.007038203024278576,149999.98933456445,99.99999288970963,N/A
57000,Batch,Completed,0,0,0.0,0.007083922971507418,0.007083922971507418,0.007083922971507418,0.007083922971507418,0.0,STARLINK-4509,0,0,0.0,0.0,False,False,0.0,0.007083922971507418,0.007083922971507418,149999.99127792884,99.99999418528589,N/A
15000,Batch,Completed,0,0,0.0,0.007201281506233027,0.007201281506233027,0.007201281506233027,0.007201281506233027,0.0,STARLINK-32752,0,0,0.0,0.0,False,False,0.0,0.007201281506233027,0.007201281506233027,149999.98718125824,99.99999145417216,N/A
6000,Batch,Completed,0,0,0.0,0.0072854147099721805,0.0072854147099721805,0.0072854147099721805,0.0072854147099721805,0.0,STARLINK-32079,0,0,0.0,0.0,False,False,0.0,0.0072854147099721805,0.0072854147099721805,149999.9927145853,99.99999514305686,N/A
89000,Batch,Completed,0,0,0.0,0.007391807793152048,0.007391807793152048,0.007391807793152048,0.007391807793152048,0.0,STARLINK-4437,0,0,0.0,0.0,False,False,0.0,0.007391807793152048,0.007391807793152048,149999.98806201687,99.99999204134457,N/A
43000,Batch,Completed,0,0,0.0,0.00776850639660803,0.00776850639660803,0.00776850639660803,0.00776850639660803,0.0,STARLINK-5568,0,0,0.0,0.0,False,False,0.0,0.00776850639660803,0.00776850639660803,149999.9922314936,99.99999482099574,N/A
55000,Batch,Completed,0,0,0.0,0.00783751357334565,0.00783751357334565,0.00783751357334565,0.00783751357334565,0.0,STARLINK-4097,0,0,0.0,0.0,False,False,0.0,0.00783751357334565,0.00783751357334565,149999.9873094941,99.99999153966274,N/A
77000,Batch,Completed,0,0,0.0,0.008044031138688281,0.008044031138688281,0.008044031138688281,0.008044031138688281,0.0,STARLINK-2193,0,0,0.0,0.0,False,False,0.0,0.008044031138688281,0.008044031138688281,149999.99195596887,99.99999463731258,N/A
83000,Batch,Completed,0,0,0.0,0.008193734420016086,0.008193734420016086,0.008193734420016086,0.008193734420016086,0.0,STARLINK-1542,0,0,0.0,0.0,False,False,0.0,0.008193734420016086,0.008193734420016086,149999.98867801286,99.99999245200857,N/A
69000,Batch,Completed,0,0,0.0,0.008503301813916552,0.008503301813916552,0.008503301813916552,0.008503301813916552,0.0,STARLINK-32675,0,0,0.0,0.0,False,False,0.0,0.008503301813916552,0.008503301813916552,149999.99149669817,99.99999433113211,N/A
28000,Batch,Completed,0,0,0.0,0.008661690387880039,0.008661690387880039,0.008661690387880039,0.008661690387880039,0.0,STARLINK-31654,0,0,0.0,0.0,False,False,0.0,0.008661690387880039,0.008661690387880039,149999.9913383096,99.99999422553974,N/A
66000,Batch,Completed,0,0,0.0,0.008894779712611003,0.008894779712611003,0.008894779712611003,0.008894779712611003,0.0,STARLINK-5366,0,0,0.0,0.0,False,False,0.0,0.008894779712611003,0.008894779712611003,149999.9899235956,99.99999328239706,N/A
19000,Batch,Completed,0,0,0.0,0.010041942000031712,0.010041942000031712,0.010041942000031712,0.010041942000031712,0.0,STARLINK-3761,0,0,0.0,0.0,False,False,0.0,0.010041942000031712,0.010041942000031712,149999.989958058,99.99999330537199,N/A
81000,Batch,Completed,0,0,0.0,0.010326804651776274,0.010326804651776274,0.010326804651776274,0.010326804651776274,0.0,STARLINK-5712,0,0,0.0,0.0,False,False,0.0,0.010326804651776274,0.010326804651776274,149999.98062922686,99.99998708615124,N/A
53000,Batch,Completed,0,0,0.0,0.06567586918689237,0.06567586918689237,0.06567586918689237,0.06567586918689237,0.0,STARLINK-32739,0,0,0.0,0.0,False,False,0.0,0.06567586918689237,0.06567586918689237,149999.93432413082,99.99995621608721,N/A
5000,Batch,Completed,0,0,0.0,0.06647642211108569,0.06647642211108569,0.06647642211108569,0.06647642211108569,0.0,STARLINK-32079,0,0,0.0,0.0,False,False,0.0,0.06647642211108569,0.06647642211108569,149999.9262381632,99.99995082544213,N/A
68000,Batch,Completed,0,0,0.0,0.07376358988321664,0.07376358988321664,0.07376358988321664,0.07376358988321664,0.0,STARLINK-32675,0,0,0.0,0.0,False,False,0.0,0.07376358988321664,0.07376358988321664,149999.9177331083,99.99994515540553,N/A
78000,Batch,Completed,0,0,0.0,0.0752368911518465,0.0752368911518465,0.0752368911518465,0.0752368911518465,0.0,STARLINK-2193,0,0,0.0,0.0,False,False,0.0,0.0752368911518465,0.0752368911518465,149999.9167190777,99.99994447938514,N/A
32000,Batch,Completed,0,0,0.0,0.0754692980864681,0.0754692980864681,0.0754692980864681,0.0754692980864681,0.0,STARLINK-31509,0,0,0.0,0.0,False,False,0.0,0.0754692980864681,0.0754692980864681,149999.91820275816,99.99994546850543,N/A
3000,Batch,Completed,0,0,0.0,0.07569504744625696,0.07569504744625696,0.07569504744625696,0.07569504744625696,0.0,STARLINK-33755,0,0,0.0,0.0,False,False,0.0,0.07569504744625696,0.07569504744625696,149999.92430495255,99.99994953663503,N/A
35000,Batch,Completed,0,0,0.0,0.07864323526576368,0.07864323526576368,0.07864323526576368,0.07864323526576368,0.0,STARLINK-30081,0,0,0.0,0.0,False,False,0.0,0.07864323526576368,0.07864323526576368,149999.91776413482,99.99994517608988,N/A
40000,Batch,Completed,0,0,0.0,0.08083052724862605,0.08083052724862605,0.08083052724862605,0.08083052724862605,0.0,STARLINK-30888,0,0,0.0,0.0,False,False,0.0,0.08083052724862605,0.08083052724862605,149999.91916947276,99.99994611298185,N/A
10000,Batch,Completed,0,0,0.0,0.08087493719536828,0.08087493719536828,0.08087493719536828,0.08087493719536828,0.0,STARLINK-3831,0,0,0.0,0.0,False,False,0.0,0.08087493719536828,0.08087493719536828,149999.9191250628,99.99994608337519,N/A
44000,Batch,Completed,0,0,0.0,0.08460714290624032,0.08460714290624032,0.08460714290624032,0.08460714290624032,0.0,STARLINK-5620,0,0,0.0,0.0,False,False,0.0,0.08460714290624032,0.08460714290624032,149999.9153928571,99.99994359523808,N/A
9000,Batch,Completed,0,0,0.0,0.08530431021666843,0.08530431021666843,0.08530431021666843,0.08530431021666843,0.0,STARLINK-30519,0,0,0.0,0.0,False,False,0.0,0.08530431021666843,0.08530431021666843,149999.90914008245,99.99993942672164,N/A
25000,Batch,Completed,0,0,0.0,0.08826650892076775,0.08826650892076775,0.08826650892076775,0.08826650892076775,0.0,STARLINK-2211,0,0,0.0,0.0,False,False,0.0,0.08826650892076775,0.08826650892076775,149999.90469431915,99.99993646287943,N/A
13000,Batch,Completed,0,0,0.0,0.08910332210952075,0.08910332210952075,0.08910332210952075,0.08910332210952075,0.0,STARLINK-31006,0,0,0.0,0.0,False,False,0.0,0.08910332210952075,0.08910332210952075,149999.9108966779,99.99994059778527,N/A
62000,Batch,Completed,0,0,0.0,0.09113066666778342,0.09113066666778342,0.09113066666778342,0.09113066666778342,0.0,STARLINK-31582,0,0,0.0,0.0,False,False,0.0,0.09113066666778342,0.09113066666778342,149999.90486052327,99.99993657368218,N/A
67000,Batch,Completed,0,0,0.0,0.10306808839646063,0.10306808839646063,0.10306808839646063,0.10306808839646063,0.0,STARLINK-32675,0,0,0.0,0.0,False,False,0.0,0.10306808839646063,0.10306808839646063,149999.81466501992,99.99987644334661,N/A
50000,Batch,Completed,0,0,0.0,0.10323828015051821,0.10323828015051821,0.10323828015051821,0.10323828015051821,0.0,STARLINK-32412,0,0,0.0,0.0,False,False,0.0,0.10323828015051821,0.10323828015051821,149999.89676171984,99.9999311744799,N/A
58000,Batch,Completed,0,0,0.0,0.10635013327772343,0.10635013327772343,0.10635013327772343,0.10635013327772343,0.0,STARLINK-4509,0,0,0.0,0.0,False,False,0.0,0.10635013327772343,0.10635013327772343,149999.88492779556,99.99992328519703,N/A
41000,Batch,Completed,0,0,0.0,0.10764247996728495,0.10764247996728495,0.10764247996728495,0.10764247996728495,0.0,STARLINK-2511,0,0,0.0,0.0,False,False,0.0,0.10764247996728495,0.10764247996728495,149999.89235752003,99.9999282383467,N/A
49000,Batch,Completed,0,0,0.0,0.10875212112778264,0.10875212112778264,0.10875212112778264,0.10875212112778264,0.0,STARLINK-11378 [DTC],0,0,0.0,0.0,False,False,0.0,0.10875212112778264,0.10875212112778264,149999.89124787887,99.99992749858592,N/A
22000,Batch,Completed,0,0,0.0,0.1169910578729414,0.1169910578729414,0.1169910578729414,0.1169910578729414,0.0,STARLINK-5099,0,0,0.0,0.0,False,False,0.0,0.1169910578729414,0.1169910578729414,149999.88300894212,99.99992200596142,N/A
18000,Batch,Completed,0,0,0.0,0.11885095141904638,0.11885095141904638,0.11885095141904638,0.11885095141904638,0.0,STARLINK-32493,0,0,0.0,0.0,False,False,0.0,0.11885095141904638,0.11885095141904638,149999.88114904857,99.99992076603237,N/A
48000,Batch,Completed,0,0,0.0,0.12289336316738719,0.12289336316738719,0.12289336316738719,0.12289336316738719,0.0,STARLINK-11604 [DTC],0,0,0.0,0.0,False,False,0.0,0.12289336316738719,0.12289336316738719,149999.87710663682,99.99991807109122,N/A
17000,Batch,Completed,0,0,0.0,0.12700139035832883,0.12700139035832883,0.12700139035832883,0.12700139035832883,0.0,STARLINK-32493,0,0,0.0,0.0,False,False,0.0,0.12700139035832883,0.12700139035832883,149999.7541476582,99.9998360984388,N/A
73000,Batch,Completed,0,0,0.0,0.1372417758749605,0.1372417758749605,0.1372417758749605,0.1372417758749605,0.0,STARLINK-2720,0,0,0.0,0.0,False,False,0.0,0.1372417758749605,0.1372417758749605,149999.8564833599,99.99990432223994,N/A
4000,Batch,Completed,0,0,0.0,0.1388053310977783,0.1388053310977783,0.1388053310977783,0.1388053310977783,0.0,STARLINK-4491,0,0,0.0,0.0,False,False,0.0,0.1388053310977783,0.1388053310977783,149999.8611946689,99.99990746311259,N/A
42000,Batch,Completed,0,0,0.0,0.13998366554333716,0.13998366554333716,0.13998366554333716,0.13998366554333716,0.0,STARLINK-2511,0,0,0.0,0.0,False,False,0.0,0.13998366554333716,0.13998366554333716,149999.75237385448,99.99983491590298,N/A
64000,Batch,Completed,0,0,0.0,0.14335658542976168,0.14335658542976168,0.14335658542976168,0.14335658542976168,0.0,STARLINK-5366,0,0,0.0,0.0,False,False,0.0,0.14335658542976168,0.14335658542976168,149999.84656701016,99.9998977113401,N/A
20000,Batch,Completed,0,0,0.0,0.14724956607188197,0.14724956607188197,0.14724956607188197,0.14724956607188197,0.0,STARLINK-3761,0,0,0.0,0.0,False,False,0.0,0.14724956607188197,0.14724956607188197,149999.84270849192,99.99989513899462,N/A
23000,Batch,Completed,0,0,0.0,0.14826233112660445,0.14826233112660445,0.14826233112660445,0.14826233112660445,0.0,STARLINK-5099,0,0,0.0,0.0,False,False,0.0,0.14826233112660445,0.14826233112660445,149999.734746611,99.99982316440735,N/A
34000,Batch,Completed,0,0,0.0,0.15018367762077728,0.15018367762077728,0.15018367762077728,0.15018367762077728,0.0,STARLINK-31509,0,0,0.0,0.0,False,False,0.0,0.15018367762077728,0.15018367762077728,149999.76801908054,99.99984534605369,N/A
21000,Batch,Completed,0,0,0.0,0.15103798718262576,0.15103798718262576,0.15103798718262576,0.15103798718262576,0.0,STARLINK-3761,0,0,0.0,0.0,False,False,0.0,0.15103798718262576,0.15103798718262576,149999.69167050475,99.99979444700317,N/A
51000,Batch,Completed,0,0,0.0,0.15212048556638605,0.15212048556638605,0.15212048556638605,0.15212048556638605,0.0,STARLINK-32412,0,0,0.0,0.0,False,False,0.0,0.15212048556638605,0.15212048556638605,149999.74464123428,99.99982976082286,N/A
29000,Batch,Completed,0,0,0.0,0.16414424803172603,0.16414424803172603,0.16414424803172603,0.16414424803172603,0.0,STARLINK-5727,0,0,0.0,0.0,False,False,0.0,0.16414424803172603,0.16414424803172603,149999.82654522013,99.99988436348008,N/A
85000,Batch,Completed,0,0,0.0,0.16429628946155203,0.16429628946155203,0.16429628946155203,0.16429628946155203,0.0,STARLINK-1542,0,0,0.0,0.0,False,False,0.0,0.16429628946155203,0.16429628946155203,149999.8243817234,99.99988292114892,N/A
72000,Batch,Completed,0,0,0.0,0.1709865681240927,0.1709865681240927,0.1709865681240927,0.1709865681240927,0.0,STARLINK-32465,0,0,0.0,0.0,False,False,0.0,0.1709865681240927,0.1709865681240927,149999.82901343188,99.99988600895459,N/A
16000,Batch,Completed,0,0,0.0,0.1771160579526794,0.1771160579526794,0.1771160579526794,0.1771160579526794,0.0,STARLINK-32752,0,0,0.0,0.0,False,False,0.0,0.1771160579526794,0.1771160579526794,149999.8100652003,99.9998733768002,N/A
7000,Batch,Completed,0,0,0.0,0.17962929643530934,0.17962929643530934,0.17962929643530934,0.17962929643530934,0.0,STARLINK-30519,0,0,0.0,0.0,False,False,0.0,0.17962929643530934,0.17962929643530934,149999.729510786,99.99981967385733,N/A
88000,Batch,Completed,0,0,0.0,0.18457363331494503,0.18457363331494503,0.18457363331494503,0.18457363331494503,0.0,STARLINK-4437,0,0,0.0,0.0,False,False,0.0,0.18457363331494503,0.18457363331494503,149999.80348838356,99.99986899225571,N/A
71000,Batch,Completed,0,0,0.0,0.18561661412701516,0.18561661412701516,0.18561661412701516,0.18561661412701516,0.0,STARLINK-5684,0,0,0.0,0.0,False,False,0.0,0.18561661412701516,0.18561661412701516,149999.80915555396,99.99987277036931,N/A
86000,Batch,Completed,0,0,0.0,0.1925763582090842,0.1925763582090842,0.1925763582090842,0.1925763582090842,0.0,STARLINK-5159,0,0,0.0,0.0,False,False,0.0,0.1925763582090842,0.1925763582090842,149999.80378767045,99.9998691917803,N/A
75000,Batch,Completed,0,0,0.0,0.2018346590703889,0.2018346590703889,0.2018346590703889,0.2018346590703889,0.0,STARLINK-31637,0,0,0.0,0.0,False,False,0.0,0.2018346590703889,0.2018346590703889,149999.79816534094,99.99986544356062,N/A
27000,Batch,Completed,0,0,0.0,0.20185586999161947,0.20185586999161947,0.20185586999161947,0.20185586999161947,0.0,STARLINK-31654,0,0,0.0,0.0,False,False,0.0,0.20185586999161947,0.20185586999161947,149999.7894824396,99.99985965495974,N/A
76000,Batch,Completed,0,0,0.0,0.208048725910621,0.208048725910621,0.208048725910621,0.208048725910621,0.0,STARLINK-31637,0,0,0.0,0.0,False,False,0.0,0.208048725910621,0.208048725910621,149999.59011661503,99.99972674441003,N/A
52000,Batch,Completed,0,0,0.0,0.2141394527234628,0.2141394527234628,0.2141394527234628,0.2141394527234628,0.0,STARLINK-34439,0,0,0.0,0.0,False,False,0.0,0.2141394527234628,0.2141394527234628,149999.78586054727,99.99985724036485,N/A
79000,Batch,Completed,0,0,0.0,0.22958720210517888,0.22958720210517888,0.22958720210517888,0.22958720210517888,0.0,STARLINK-2193,0,0,0.0,0.0,False,False,0.0,0.22958720210517888,0.22958720210517888,149999.6871318756,99.9997914212504,N/A
38000,Batch,Completed,0,0,0.0,0.2310312805598454,0.2310312805598454,0.2310312805598454,0.2310312805598454,0.0,STARLINK-5503,0,0,0.0,0.0,False,False,0.0,0.2310312805598454,0.2310312805598454,149999.76353709315,99.9998423580621,N/A
