TaskID,CurrentNode,Hop,Label,Resolution,RoutingInitTime,RoutingEndTime,Duration,Algorithms
1,STARLINK-34596,0,SEN_OUT_OF_BUFF,Medium,86.25,,,{}
2,STARLINK-4491,0,SEN_OUT_OF_BUFF,Medium,96.53,,,{}
3,STARLINK-4491,0,SEN_OUT_OF_BUFF,Medium,52.96,,,{}
4,OBS,1,TASK_ARRIVED,High,46.2,47.01,0.82,{'DIRECT': 100.0}
5,STARLINK-5748,0,SEN_OUT_OF_BUFF,Very High,57.6,,,{}
6,STARLINK-30519,0,SEN_OUT_OF_BUFF,Very High,53.73,,,{}
7,STARLINK-30519,0,SEN_OUT_OF_BUFF,High,26.38,,,{}
8,STARLINK-5748,1,SEN_OUT_OF_BUFF,Very High,59.9,,,{'BATMAN': 100.0}
9,STARLINK-5748,3,SEN_OUT_OF_BUFF,Very High,78.79,,,{'BATMAN': 100.0}
10,STARLINK-30519,1,SEN_OUT_OF_BUFF,Medium,22.72,,,{'BATMAN': 100.0}
11,STARLINK-34596,2,SEN_OUT_OF_BUFF,Medium,39.55,,,{'BATMAN': 100.0}
12,STARLINK-11629 [DTC],0,SEN_OUT_OF_BUFF,Low,34.55,,,{}
13,STARLINK-5748,1,SEN_OUT_OF_BUFF,High,46.61,,,{'BATMAN': 100.0}
14,STARLINK-5748,1,SEN_OUT_OF_BUFF,Medium,35.33,,,{'BATMAN': 100.0}
15,STARLINK-34596,1,SEN_OUT_OF_BUFF,High,29.29,,,{'BATMAN': 100.0}
16,OBS,1,TASK_ARRIVED,High,45.24,46.01,0.77,{'DIRECT': 100.0}
17,OBS,1,TASK_ARRIVED,Medium,26.67,27.0,0.33,{'DIRECT': 100.0}
18,OBS,1,TASK_ARRIVED,Medium,34.82,35.0,0.18,{'DIRECT': 100.0}
19,STARLINK-30519,2,SEN_OUT_OF_BUFF,Medium,131.89,,,{'BATMAN': 100.0}
20,STARLINK-34596,1,SEN_OUT_OF_BUFF,High,106.5,,,{'BATMAN': 100.0}
21,STARLINK-34596,1,SEN_OUT_OF_BUFF,Very High,80.17,,,{'BATMAN': 100.0}
22,STARLINK-34596,1,SEN_OUT_OF_BUFF,Very High,92.93,,,{'BATMAN': 100.0}
23,STARLINK-30519,1,SEN_OUT_OF_BUFF,High,143.24,,,{'BATMAN': 100.0}
24,STARLINK-30519,2,SEN_OUT_OF_BUFF,Medium,94.28,,,{'BATMAN': 100.0}
25,STARLINK-34596,1,SEN_OUT_OF_BUFF,Medium,63.6,,,{'BATMAN': 100.0}
26,OBS,1,TASK_ARRIVED,Medium,106.09,106.16,0.08,{'DIRECT': 100.0}
27,STARLINK-4491,2,SEN_OUT_OF_BUFF,High,136.32,,,{'BATMAN': 100.0}
28,STARLINK-5748,3,SEN_OUT_OF_BUFF,Medium,73.3,,,{'BATMAN': 100.0}
29,STARLINK-4097,2,SEN_OUT_OF_BUFF,Very High,103.73,,,{'BATMAN': 100.0}
31,STARLINK-11629 [DTC],2,SEN_OUT_OF_BUFF,High,67.63,,,{'BATMAN': 100.0}
32,STARLINK-30519,1,SEN_OUT_OF_BUFF,High,118.61,,,{'BATMAN': 100.0}
33,OBS,1,TASK_ARRIVED,High,79.33,80.07,0.74,{'DIRECT': 100.0}
34,OBS,1,TASK_ARRIVED,High,85.73,86.08,0.35,{'DIRECT': 100.0}
35,OBS,1,TASK_ARRIVED,Low,81.88,82.08,0.2,{'DIRECT': 100.0}
36,STARLINK-5748,1,SEN_OUT_OF_BUFF,High,62.66,,,{'BATMAN': 100.0}
37,STARLINK-5748,1,SEN_OUT_OF_BUFF,Medium,61.38,,,{'BATMAN': 100.0}
38,STARLINK-4491,4,SEN_OUT_OF_BUFF,Very High,87.92,,,{'BATMAN': 100.0}
39,STARLINK-4097,2,SEN_OUT_OF_BUFF,Medium,101.42,,,{'BATMAN': 100.0}
40,STARLINK-30519,0,SEN_OUT_OF_BUFF,High,77.47,,,{}
42,STARLINK-30519,2,SEN_OUT_OF_BUFF,Medium,148.96,,,{'BATMAN': 100.0}
43,OBS,1,TASK_ARRIVED,High,88.68,89.1,0.42,{'DIRECT': 100.0}
44,STARLINK-5748,1,SEN_OUT_OF_BUFF,High,114.55,,,{'BATMAN': 100.0}
45,OBS,2,TASK_ARRIVED,Low,105.87,107.17,1.3,"{'BATMAN': 50.0, 'DIRECT': 50.0}"
46,STARLINK-4491,3,SEN_OUT_OF_BUFF,Medium,115.15,,,{'BATMAN': 100.0}
47,STARLINK-5748,4,SEN_OUT_OF_BUFF,High,71.1,,,{'BATMAN': 100.0}
48,OBS,3,TASK_ARRIVED,Medium,80.03,81.08,1.06,"{'BATMAN': 66.67, 'DIRECT': 33.33}"
49,OBS,1,TASK_ARRIVED,High,112.51,113.19,0.67,{'DIRECT': 100.0}
50,OBS,1,TASK_ARRIVED,Very High,101.87,102.14,0.27,{'DIRECT': 100.0}
51,STARLINK-34596,1,SEN_OUT_OF_BUFF,High,91.34,,,{'BATMAN': 100.0}
52,STARLINK-30519,3,SEN_OUT_OF_BUFF,High,144.87,,,{'BATMAN': 100.0}
53,STARLINK-30519,3,SEN_OUT_OF_BUFF,Medium,161.74,,,{'BATMAN': 100.0}
55,STARLINK-4491,3,SEN_OUT_OF_BUFF,Medium,103.41,,,{'BATMAN': 100.0}
56,STARLINK-30519,0,SEN_OUT_OF_BUFF,Medium,100.33,,,{}
57,STARLINK-5503,1,SEN_OUT_OF_BUFF,Medium,186.13,,,{'BATMAN': 100.0}
58,OBS,1,TASK_ARRIVED,High,110.53,111.19,0.66,{'DIRECT': 100.0}
59,STARLINK-30519,3,SEN_OUT_OF_BUFF,Medium,99.42,,,{'BATMAN': 100.0}
60,STARLINK-4097,2,SEN_OUT_OF_BUFF,Low,104.72,,,{'BATMAN': 100.0}
61,STARLINK-32493,2,SEN_OUT_OF_BUFF,High,106.7,,,{'BATMAN': 100.0}
62,STARLINK-5568,2,SEN_OUT_OF_BUFF,High,182.27,,,{'BATMAN': 100.0}
63,STARLINK-30519,2,SEN_OUT_OF_BUFF,Very High,108.6,,,{'BATMAN': 100.0}
64,STARLINK-3956,5,SEN_OUT_OF_BUFF,High,218.06,,,{'BATMAN': 100.0}
65,STARLINK-30519,2,SEN_OUT_OF_BUFF,Very High,137.03,,,{'BATMAN': 100.0}
66,OBS,1,TASK_ARRIVED,High,134.51,135.22,0.71,{'DIRECT': 100.0}
67,STARLINK-2511,3,SEN_OUT_OF_BUFF,Medium,146.94,,,{'BATMAN': 100.0}
68,STARLINK-30519,2,SEN_OUT_OF_BUFF,High,131.34,,,{'BATMAN': 100.0}
70,STARLINK-2720,5,SEN_OUT_OF_BUFF,Medium,211.97,,,{'BATMAN': 100.0}
72,STARLINK-30519,2,SEN_OUT_OF_BUFF,High,124.62,,,{'BATMAN': 100.0}
73,OBS,1,TASK_ARRIVED,High,187.17,187.51,0.34,{'DIRECT': 100.0}
76,STARLINK-30519,2,SEN_OUT_OF_BUFF,Medium,122.18,,,{'BATMAN': 100.0}
77,STARLINK-30519,2,SEN_OUT_OF_BUFF,High,134.82,,,{'BATMAN': 100.0}
78,STARLINK-4097,1,SEN_OUT_OF_BUFF,High,149.18,,,{'BATMAN': 100.0}
80,STARLINK-30519,1,SEN_OUT_OF_BUFF,High,147.5,,,{'BATMAN': 100.0}
81,STARLINK-4509,4,SEN_OUT_OF_BUFF,Medium,238.76,,,{'BATMAN': 100.0}
82,STARLINK-30519,4,SEN_OUT_OF_BUFF,High,161.23,,,{'BATMAN': 100.0}
83,STARLINK-4509,5,SEN_OUT_OF_BUFF,Medium,232.37,,,{'BATMAN': 100.0}
84,OBS,1,TASK_ARRIVED,Medium,161.83,162.36,0.53,{'DIRECT': 100.0}
85,STARLINK-30519,2,SEN_OUT_OF_BUFF,High,141.27,,,{'BATMAN': 100.0}
87,STARLINK-30519,4,SEN_OUT_OF_BUFF,Medium,156.43,,,{'BATMAN': 100.0}
88,STARLINK-5568,3,SEN_OUT_OF_BUFF,High,194.28,,,{'BATMAN': 100.0}
89,STARLINK-3831,2,SEN_OUT_OF_BUFF,Medium,167.0,,,{'BATMAN': 100.0}
90,STARLINK-30519,4,SEN_OUT_OF_BUFF,High,140.25,,,{'BATMAN': 100.0}
91,STARLINK-30519,2,SEN_OUT_OF_BUFF,Medium,140.96,,,{'BATMAN': 100.0}
92,STARLINK-30519,4,SEN_OUT_OF_BUFF,Medium,148.23,,,{'BATMAN': 100.0}
93,STARLINK-2720,2,SEN_OUT_OF_BUFF,High,184.41,,,{'BATMAN': 100.0}
94,STARLINK-5712,3,SEN_OUT_OF_BUFF,Medium,261.26,,,{'BATMAN': 100.0}
95,STARLINK-30519,2,SEN_OUT_OF_BUFF,High,158.91,,,{'BATMAN': 100.0}
96,STARLINK-2720,7,SEN_OUT_OF_BUFF,Medium,201.4,,,{'BATMAN': 100.0}
97,STARLINK-5568,2,SEN_OUT_OF_BUFF,Low,188.78,,,{'BATMAN': 100.0}
98,OBS,2,TASK_ARRIVED,Very High,162.08,163.36,1.29,"{'BATMAN': 50.0, 'DIRECT': 50.0}"
99,OBS,1,TASK_ARRIVED,Low,183.02,183.5,0.48,{'DIRECT': 100.0}
101,STARLINK-2511,3,SEN_OUT_OF_BUFF,Very High,151.43,,,{'BATMAN': 100.0}
102,STARLINK-5736,3,SEN_OUT_OF_BUFF,Low,265.35,,,{'BATMAN': 100.0}
103,STARLINK-5568,2,SEN_OUT_OF_BUFF,Very High,176.81,,,{'BATMAN': 100.0}
104,STARLINK-5568,4,SEN_OUT_OF_BUFF,High,160.71,,,{'BATMAN': 100.0}
105,STARLINK-5568,4,SEN_OUT_OF_BUFF,High,180.3,,,{'BATMAN': 100.0}
106,OBS,2,TASK_ARRIVED,Medium,174.95,176.44,1.5,"{'BATMAN': 50.0, 'DIRECT': 50.0}"
107,STARLINK-5568,4,SEN_OUT_OF_BUFF,Medium,164.66,,,{'BATMAN': 100.0}
108,STARLINK-5568,4,SEN_OUT_OF_BUFF,Medium,163.29,,,{'BATMAN': 100.0}
110,STARLINK-2720,5,SEN_OUT_OF_BUFF,High,202.95,,,{'BATMAN': 100.0}
111,STARLINK-5568,2,SEN_OUT_OF_BUFF,Medium,169.42,,,{'BATMAN': 100.0}
112,STARLINK-5568,4,SEN_OUT_OF_BUFF,High,190.47,,,{'BATMAN': 100.0}
113,OBS,1,TASK_ARRIVED,High,164.41,165.38,0.97,{'DIRECT': 100.0}
114,STARLINK-4509,6,SEN_OUT_OF_BUFF,Low,217.1,,,{'BATMAN': 100.0}
116,STARLINK-5568,3,SEN_OUT_OF_BUFF,Very High,173.27,,,{'BATMAN': 100.0}
117,STARLINK-5568,3,SEN_OUT_OF_BUFF,High,172.5,,,{'BATMAN': 100.0}
118,STARLINK-5568,4,SEN_OUT_OF_BUFF,Medium,175.05,,,{'BATMAN': 100.0}
120,OBS,2,TASK_ARRIVED,High,179.59,181.47,1.88,"{'BATMAN': 50.0, 'DIRECT': 50.0}"
121,OBS,2,TASK_ARRIVED,Very High,179.91,182.49,2.58,"{'BATMAN': 50.0, 'DIRECT': 50.0}"
122,STARLINK-3956,4,SEN_OUT_OF_BUFF,High,216.24,,,{'BATMAN': 100.0}
123,STARLINK-2720,7,SEN_OUT_OF_BUFF,Very High,206.67,,,{'BATMAN': 100.0}
124,OBS,1,TASK_ARRIVED,Medium,207.06,207.56,0.5,{'DIRECT': 100.0}
125,STARLINK-5736,2,SEN_OUT_OF_BUFF,High,272.14,,,{'BATMAN': 100.0}
126,STARLINK-5366,4,SEN_OUT_OF_BUFF,High,239.85,,,{'BATMAN': 100.0}
127,STARLINK-30487,4,SEN_OUT_OF_BUFF,Medium,197.08,,,{'BATMAN': 100.0}
128,STARLINK-4509,4,SEN_OUT_OF_BUFF,High,227.69,,,{'BATMAN': 100.0}
129,OBS,1,TASK_ARRIVED,High,234.58,234.74,0.15,{'DIRECT': 100.0}
131,STARLINK-4509,4,SEN_OUT_OF_BUFF,Very High,226.32,,,{'BATMAN': 100.0}
132,STARLINK-2720,8,SEN_OUT_OF_BUFF,High,210.68,,,{'BATMAN': 100.0}
133,STARLINK-2720,8,SEN_OUT_OF_BUFF,High,206.38,,,{'BATMAN': 100.0}
134,STARLINK-4509,5,SEN_OUT_OF_BUFF,High,222.47,,,{'BATMAN': 100.0}
135,STARLINK-5366,3,SEN_OUT_OF_BUFF,High,237.84,,,{'BATMAN': 100.0}
138,STARLINK-5366,3,SEN_OUT_OF_BUFF,Medium,248.53,,,{'BATMAN': 100.0}
139,STARLINK-4509,5,SEN_OUT_OF_BUFF,Medium,233.24,,,{'BATMAN': 100.0}
140,STARLINK-4509,3,SEN_OUT_OF_BUFF,High,238.41,,,{'BATMAN': 100.0}
142,STARLINK-4509,5,SEN_OUT_OF_BUFF,Medium,219.24,,,{'BATMAN': 100.0}
143,STARLINK-5712,5,SEN_OUT_OF_BUFF,Low,251.21,,,{'BATMAN': 100.0}
144,OBS,1,TASK_ARRIVED,High,264.73,264.98,0.25,{'DIRECT': 100.0}
145,STARLINK-4523,1,SEN_OUT_OF_BUFF,Medium,272.14,,,{'BATMAN': 100.0}
147,STARLINK-4509,5,SEN_OUT_OF_BUFF,Medium,234.58,,,{'BATMAN': 100.0}
148,STARLINK-5584,1,ON_SIMULATION,Very High,277.46,,,{'BATMAN': 100.0}
149,STARLINK-5736,1,SEN_OUT_OF_BUFF,High,276.74,,,{'BATMAN': 100.0}
150,OBS,1,TASK_ARRIVED,Very High,261.61,261.94,0.33,{'DIRECT': 100.0}
151,STARLINK-4509,5,SEN_OUT_OF_BUFF,High,237.32,,,{'BATMAN': 100.0}
152,STARLINK-4509,4,SEN_OUT_OF_BUFF,Medium,238.7,,,{'BATMAN': 100.0}
153,STARLINK-5712,5,SEN_OUT_OF_BUFF,Very High,252.88,,,{'BATMAN': 100.0}
154,STARLINK-5683,2,ON_SIMULATION,Very High,290.99,,,{'BATMAN': 100.0}
155,STARLINK-2514,1,SEN_OUT_OF_BUFF,High,238.74,,,{'BATMAN': 100.0}
156,STARLINK-5712,5,SEN_OUT_OF_BUFF,High,254.71,,,{'BATMAN': 100.0}
158,STARLINK-5736,5,SEN_OUT_OF_BUFF,Very High,263.12,,,{'BATMAN': 100.0}
160,STARLINK-30229,0,ON_SIMULATION,Medium,293.25,,,{}
161,OBS,1,TASK_ARRIVED,Medium,292.48,293.13,0.65,{'DIRECT': 100.0}
162,OBS,1,TASK_ARRIVED,Medium,275.94,276.07,0.13,{'DIRECT': 100.0}
163,STARLINK-5366,4,SEN_OUT_OF_BUFF,Very High,247.34,,,{'BATMAN': 100.0}
164,OBS,1,TASK_ARRIVED,Medium,291.61,292.12,0.51,{'DIRECT': 100.0}
166,STARLINK-5712,5,SEN_OUT_OF_BUFF,Medium,249.35,,,{'BATMAN': 100.0}
167,STARLINK-5736,3,SEN_OUT_OF_BUFF,Low,277.52,,,{'BATMAN': 100.0}
168,STARLINK-30229,2,ON_SIMULATION,High,267.3,,,{'BATMAN': 100.0}
170,STARLINK-5712,5,SEN_OUT_OF_BUFF,High,259.94,,,{'BATMAN': 100.0}
172,STARLINK-5736,3,SEN_OUT_OF_BUFF,High,266.24,,,{'BATMAN': 100.0}
173,STARLINK-32701,3,SEN_OUT_OF_BUFF,High,265.28,,,{'BATMAN': 100.0}
174,STARLINK-32017,1,SEN_OUT_OF_BUFF,Medium,283.88,,,{'BATMAN': 100.0}
175,STARLINK-5736,4,SEN_OUT_OF_BUFF,High,274.17,,,{'BATMAN': 100.0}
177,OBS,2,TASK_ARRIVED,High,296.81,298.15,1.35,"{'BATMAN': 50.0, 'DIRECT': 50.0}"
178,STARLINK-32701,3,SEN_OUT_OF_BUFF,High,265.23,,,{'BATMAN': 100.0}
180,STARLINK-5683,3,ON_SIMULATION,High,286.32,,,{'BATMAN': 100.0}
184,STARLINK-5584,2,ON_SIMULATION,Low,284.25,,,{'BATMAN': 100.0}
185,OBS,2,TASK_ARRIVED,Medium,292.21,295.14,2.94,"{'BATMAN': 50.0, 'DIRECT': 50.0}"
186,STARLINK-31973,1,SEN_OUT_OF_BUFF,Medium,284.77,,,{'BATMAN': 100.0}
188,OBS,3,TASK_ARRIVED,High,296.12,298.15,2.03,"{'BATMAN': 66.67, 'DIRECT': 33.33}"
191,STARLINK-5683,2,ON_SIMULATION,Very High,293.94,,,{'BATMAN': 100.0}
194,OBS,3,TASK_ARRIVED,High,286.41,289.11,2.69,"{'BATMAN': 66.67, 'DIRECT': 33.33}"
196,OBS,3,TASK_ARRIVED,High,291.83,294.13,2.3,"{'BATMAN': 66.67, 'DIRECT': 33.33}"
197,OBS,1,TASK_ARRIVED,Very High,297.0,297.14,0.14,{'DIRECT': 100.0}
