Server_Name,Total_Tasks_Completed,Generic_Service_Count,CPU_Intensive_Count,CPU_Data_Intensive_Count,Batch_Count,Generic_Service_%,CPU_Intensive_%,CPU_Data_Intensive_%,Batch_%,Total_Energy_Consumed_J,Total_Energy_Consumed_%,Min_Energy_Consumed_J,Max_Energy_Consumed_J,Avg_Energy_Consumed_J,Final_Remaining_Energy_J
STARLINK-11538 [DTC],21,5,6,10,0,23.809523809523807,28.57142857142857,47.61904761904761,0.0,79983.60232758531,99.97950290948164,297.5347160264656,15188.107110922341,3808.7429679802526,16.397953341957646
STARLINK-30483,48,22,13,11,2,45.83333333333333,27.083333333333332,22.916666666666664,4.166666666666666,159443.82276738944,199.3047784592368,0.177175483261022,79999.82282451674,3321.7463076539466,556.0008386546389
STARLINK-11667 [DTC],47,14,15,16,2,29.78723404255319,31.914893617021278,34.04255319148936,4.25531914893617,159375.67411644306,199.21959264555383,0.07398390698959356,79999.92601609301,3390.9717897115543,624.2526412316729
STARLINK-34097,28,11,8,9,0,39.285714285714285,28.57142857142857,32.142857142857146,0.0,79969.7193288118,99.96214916101475,159.92310213532065,14208.939138643362,2856.0614046004216,30.281093094469593
STARLINK-34712,0,0,0,0,0,0.0,0.0,0.0,0.0,0.0,0.0,0.0,0.0,0.0,79981.53886597871
STARLINK-31717,21,2,8,7,4,9.523809523809524,38.095238095238095,33.33333333333333,19.047619047619047,239908.92579856777,299.8861572482097,0.001165162259296732,79999.99883483774,11424.23456183656,90.95909811232454
STARLINK-31164,20,3,5,8,4,15.0,25.0,40.0,20.0,239884.41473452267,299.85551841815334,0.010722001660161072,79999.98927799833,11994.220736726133,115.45416929061957
STARLINK-2370,16,3,3,8,2,18.75,18.75,50.0,12.5,159984.75492995678,199.98094366244595,0.09792262537885428,79999.90207737462,9999.047183122299,15.147272732332429
STARLINK-30106,31,5,9,11,6,16.129032258064516,29.03225806451613,35.483870967741936,19.35483870967742,319742.8920460128,399.678615057516,0.0034697485061905486,79999.99653025149,10314.286840193961,256.6808566818303
STARLINK-6153,18,5,10,3,0,27.77777777777778,55.55555555555556,16.666666666666664,0.0,79904.05538696698,99.88006923370872,153.32673667092465,19579.70399853123,4439.114188164833,95.94496394996901
STARLINK-30238,41,20,9,12,0,48.78048780487805,21.951219512195124,29.268292682926827,0.0,79121.78813791266,98.90223517239083,197.33153246115015,13277.488975825232,1929.7997106807966,878.2108194099673
STARLINK-4743,19,5,7,7,0,26.31578947368421,36.84210526315789,36.84210526315789,0.0,79810.71052649351,99.76338815811688,212.78544494410366,17763.08549878186,4200.563711920711,189.28977429554902
STARLINK-34101,22,6,4,8,4,27.27272727272727,18.181818181818183,36.36363636363637,18.181818181818183,239837.80541282368,299.7972567660296,0.00810505609532637,79999.9918949439,10901.718427855621,162.10802034460556
STARLINK-34691,0,0,0,0,0,0.0,0.0,0.0,0.0,0.0,0.0,0.0,0.0,0.0,80000
STARLINK-6168,41,20,8,9,4,48.78048780487805,19.51219512195122,21.951219512195124,9.75609756097561,239891.66455090835,299.86458068863544,0.008403333782229398,79999.99159666622,5851.01620855874,108.31091697049429
STARLINK-35189,17,3,6,4,4,17.647058823529413,35.294117647058826,23.52941176470588,23.52941176470588,239927.2476703341,299.9090595879176,0.1387367974394866,79999.86126320256,14113.367510019652,72.24725945332334
STARLINK-32754,30,8,9,7,6,26.666666666666668,30.0,23.333333333333332,20.0,319981.6271759308,399.97703396991346,0.0011347291882947354,79999.99886527081,10666.054239197692,17.947768688838188
STARLINK-34199,26,11,8,7,0,42.30769230769231,30.76923076923077,26.923076923076923,0.0,79949.89703813431,99.93737129766788,78.42449375290363,20704.518068115583,3074.9960399282427,50.10337455016341
STARLINK-6261,28,4,9,11,4,14.285714285714285,32.142857142857146,39.285714285714285,14.285714285714285,239963.72709466945,299.9546588683368,0.008007700616507527,79999.99199229939,8570.13311052391,36.24698842710233
STARLINK-31612,3,0,0,1,2,0.0,0.0,33.33333333333333,66.66666666666666,80216.7711955514,100.27096399443924,0.006804160486288041,79999.99319583952,26738.923731850464,79783.22200028687
STARLINK-2021,27,12,10,5,0,44.44444444444444,37.03703703703704,18.51851851851852,0.0,79972.72511410844,99.96590639263555,107.22928084066243,19672.739945454294,2961.952782004016,27.27541392462893
STARLINK-30387,13,3,4,6,0,23.076923076923077,30.76923076923077,46.15384615384615,0.0,79938.3297820723,99.92291222759036,219.31867093670394,16189.919633146199,6149.1022909286385,61.67038630044252
STARLINK-34915,24,5,7,8,4,20.833333333333336,29.166666666666668,33.33333333333333,16.666666666666664,239954.5170176673,299.9431462720841,0.009731587074180818,79999.99026841292,9998.104875736137,45.253237471764585
STARLINK-30837,19,2,12,3,2,10.526315789473683,63.1578947368421,15.789473684210526,10.526315789473683,159882.92282003924,199.85365352504905,0.011105872360225984,79999.98889412764,8414.890674738906,117.06641087144395
STARLINK-4181,35,13,9,7,6,37.142857142857146,25.71428571428571,20.0,17.142857142857142,319706.9599461359,399.63369993266986,0.003473367724591905,79999.99652663227,9134.484569889597,292.933207091005
STARLINK-30390,17,5,4,8,0,29.411764705882355,23.52941176470588,47.05882352941176,0.0,79835.91168473294,99.79488960591618,217.61815862802325,15740.133486642664,4696.230099101937,164.08848465028893
STARLINK-3566,2,0,0,0,2,0.0,0.0,0.0,100.0,80000.0,100.0,0.16370316424595827,79999.83629683575,40000.0,79999.83629683575
STARLINK-4386,49,14,16,15,4,28.57142857142857,32.6530612244898,30.612244897959183,8.16326530612245,239616.15436457083,299.5201929557135,0.010554327560354938,79999.98944567244,4890.125599276956,383.6890345035198
STARLINK-5258,4,0,0,0,4,0.0,0.0,0.0,100.0,159999.99865432834,199.9999983179104,0.0013456716540633988,79999.99865432834,39999.999663582086,79999.76967387843
STARLINK-3989,21,6,6,5,4,28.57142857142857,28.57142857142857,23.809523809523807,19.047619047619047,239969.94243045562,299.96242803806956,0.0012293887096235837,79999.99877061129,11427.140115735981,29.93632986470094
STARLINK-6045,22,4,11,5,2,18.181818181818183,50.0,22.727272727272727,9.090909090909092,159959.52270102807,199.9494033762851,0.08947691485854464,79999.91052308514,7270.887395501276,40.38810827197625
STARLINK-35201,30,6,8,10,6,20.0,26.666666666666668,33.33333333333333,20.0,319998.65724810783,399.9983215601348,0.004427528152934752,79999.99557247185,10666.621908270261,1.030540657267283
STARLINK-4374,0,0,0,0,0,0.0,0.0,0.0,0.0,0.0,0.0,0.0,0.0,0.0,80000
STARLINK-5593,20,6,6,8,0,30.0,30.0,40.0,0.0,79989.58749623642,99.98698437029552,187.31510946873527,14497.210861127485,3999.479374811821,10.41279720790461
STARLINK-32711,0,0,0,0,0,0.0,0.0,0.0,0.0,0.0,0.0,0.0,0.0,0.0,80000
STARLINK-31821,4,0,0,0,4,0.0,0.0,0.0,100.0,159999.99317061715,199.99999146327144,0.00682938284887255,79999.99317061715,39999.99829265429,79999.82872234848
STARLINK-34371,0,0,0,0,0,0.0,0.0,0.0,0.0,0.0,0.0,0.0,0.0,0.0,80000
STARLINK-32762,4,0,0,0,4,0.0,0.0,0.0,100.0,159999.992135599,199.99999016949874,0.007864400994298531,79999.99213559901,39999.99803389975,79999.76555973505
STARLINK-33960,6,0,0,0,6,0.0,0.0,0.0,100.0,239999.7044876445,299.99963060955565,0.09248226317570388,79999.90751773682,39999.950747940755,79999.65308493441
STARLINK-5352,2,0,0,0,2,0.0,0.0,0.0,100.0,80000.0,100.0,0.010638412878756371,79999.98936158713,40000.0,79999.98936158713
STARLINK-6086,2,0,0,0,2,0.0,0.0,0.0,100.0,80000.0,100.0,0.0012922985800588082,79999.99870770142,40000.0,79999.99870770142
STARLINK-2604,4,0,0,0,4,0.0,0.0,0.0,100.0,159999.9911428326,199.99998892854074,0.008857167419724329,79999.99114283259,39999.99778570815,79999.75949298775
STARLINK-4730,2,0,0,0,2,0.0,0.0,0.0,100.0,80000.0,100.0,0.0045264100161013995,79999.99547358998,40000.0,79999.99547358998
STARLINK-31863,2,0,0,0,2,0.0,0.0,0.0,100.0,80000.0,100.0,0.011006781679963443,79999.98899321831,40000.0,79999.98899321831
STARLINK-34413,2,0,0,0,2,0.0,0.0,0.0,100.0,80000.0,100.0,0.1690681229341329,79999.83093187706,40000.0,79999.83093187706
STARLINK-6366,6,0,0,0,6,0.0,0.0,0.0,100.0,239999.9882772613,299.9999853465766,0.003594594929744484,79999.99640540507,39999.99804621022,79999.98421572373
STARLINK-5634,2,0,0,0,2,0.0,0.0,0.0,100.0,80000.0,100.0,0.005133853741874105,79999.99486614625,40000.0,79999.99486614625
STARLINK-4026,2,0,0,0,2,0.0,0.0,0.0,100.0,80000.0,100.0,0.00611302880873163,79999.99388697119,40000.0,79999.99388697119
STARLINK-32352,0,0,0,0,0,0.0,0.0,0.0,0.0,0.0,0.0,0.0,0.0,0.0,80000
STARLINK-33953,0,0,0,0,0,0.0,0.0,0.0,0.0,0.0,0.0,0.0,0.0,0.0,80000
STARLINK-5619,2,0,0,0,2,0.0,0.0,0.0,100.0,80000.0,100.0,0.1098644606704491,79999.89013553933,40000.0,79999.89013553933
STARLINK-35004,6,0,0,0,6,0.0,0.0,0.0,100.0,239999.99023744103,299.9999877968013,0.0013923217526744898,79999.99860767825,39999.99837290684,79999.92054191511
STARLINK-34784,4,0,0,0,4,0.0,0.0,0.0,100.0,159999.99605207017,199.99999506508772,0.003947929830757419,79999.99605207017,39999.99901301754,79999.989690144
STARLINK-5426,4,0,0,0,4,0.0,0.0,0.0,100.0,159999.99429586547,199.99999286983183,0.005704134507467548,79999.99429586549,39999.99857396637,79999.87597031963
STARLINK-35010,2,0,0,0,2,0.0,0.0,0.0,100.0,80000.0,100.0,0.22060023536178475,79999.77939976464,40000.0,79999.77939976464
STARLINK-30205,6,0,0,0,6,0.0,0.0,0.0,100.0,239999.58438752274,299.9994804844034,0.1276897962896192,79999.8723102037,39999.93073125379,79999.48817211474
STARLINK-31191,4,0,0,0,4,0.0,0.0,0.0,100.0,159999.99616692791,199.9999952086599,0.0038330720951772436,79999.9961669279,39999.99904173198,79999.7769367479
STARLINK-30357,0,0,0,0,0,0.0,0.0,0.0,0.0,0.0,0.0,0.0,0.0,0.0,80000
STARLINK-4705,6,0,0,0,6,0.0,0.0,0.0,100.0,239999.98971101447,299.9999871387681,0.0015201585910609024,79999.99847984141,39999.99828516908,79999.83485550711
STARLINK-3579,6,0,0,0,6,0.0,0.0,0.0,100.0,239999.90584610956,299.99988230763694,0.004729790747345839,79999.99527020926,39999.98430768493,79999.75270273029
STARLINK-32770,2,0,0,0,2,0.0,0.0,0.0,100.0,80000.0,100.0,0.18409927232109635,79999.81590072768,40000.0,79999.81590072768
STARLINK-30424,4,0,0,0,4,0.0,0.0,0.0,100.0,159999.99604885545,199.9999950610693,0.003951144543883953,79999.99604885545,39999.99901221386,79999.87034328612
STARLINK-32487,2,0,0,0,2,0.0,0.0,0.0,100.0,80000.0,100.0,0.1113654127335461,79999.88863458726,40000.0,79999.88863458726
STARLINK-3973,6,0,0,0,6,0.0,0.0,0.0,100.0,239999.99034288753,299.9999879286094,0.0028813342707221744,79999.99711866573,39999.998390481254,79999.98520390877
STARLINK-30383,0,0,0,0,0,0.0,0.0,0.0,0.0,0.0,0.0,0.0,0.0,0.0,80000
STARLINK-2429,6,0,0,0,6,0.0,0.0,0.0,100.0,239999.97084561922,299.99996355702405,0.009615450959775337,79999.99038454903,39999.99514093654,79999.8016030281
