Server,R_j_user,F_j_other,R_j_other,I_j,F_j
STARLINK-34062,5,3,2,0.00641025641025641,0.42857142857142855
STARLINK-33702,3,1,1,0.003205128205128205,0.25
STARLINK-31404,3,0,1,0.003205128205128205,0.0
STARLINK-33831,6,2,0,0.0,0.3333333333333333
STARLINK-11601 [DTC],0,0,0,0.0,0
STARLINK-31397,0,0,1,0.003205128205128205,0.0
STARLINK-33714,0,0,0,0.0,0
STARLINK-32619,3,1,0,0.0,0.3333333333333333
STARLINK-33723,0,0,0,0.0,0
STARLINK-5801,10,3,1,0.003205128205128205,0.2727272727272727
STARLINK-30869,3,1,2,0.00641025641025641,0.2
STARLINK-5143,9,2,1,0.003205128205128205,0.2
STARLINK-6315,0,0,0,0.0,0
STARLINK-1176,0,0,0,0.0,0
STARLINK-31587,0,0,0,0.0,0
STARLINK-5236,3,1,1,0.003205128205128205,0.25
STARLINK-32890,1,0,0,0.0,0.0
STARLINK-32680,11,6,4,0.01282051282051282,0.4
STARLINK-5973,5,1,1,0.003205128205128205,0.16666666666666666
STARLINK-30213,11,4,1,0.003205128205128205,0.3333333333333333
STARLINK-3540,0,0,0,0.0,0
STARLINK-5750,5,0,1,0.003205128205128205,0.0
STARLINK-30253,0,0,0,0.0,0
STARLINK-30252,0,0,0,0.0,0
STARLINK-1801,11,3,2,0.00641025641025641,0.23076923076923078
STARLINK-5866,12,3,8,0.02564102564102564,0.15
STARLINK-11607 [DTC],8,5,1,0.003205128205128205,0.5555555555555556
STARLINK-11111 [DTC],0,0,0,0.0,0
STARLINK-30435,0,0,0,0.0,0
STARLINK-32705,12,3,2,0.00641025641025641,0.21428571428571427
STARLINK-3292,0,0,0,0.0,0
STARLINK-3161,1,1,0,0.0,1.0
STARLINK-3289,11,2,5,0.016025641025641024,0.125
STARLINK-4686,0,0,0,0.0,0
STARLINK-3557,14,2,7,0.022435897435897436,0.09523809523809523
STARLINK-2607,6,0,1,0.003205128205128205,0.0
STARLINK-3614,14,5,3,0.009615384615384616,0.29411764705882354
STARLINK-2427,0,0,0,0.0,0
STARLINK-30274,6,2,5,0.016025641025641024,0.18181818181818182
STARLINK-2377,0,0,0,0.0,0
STARLINK-3075,0,0,0,0.0,0
STARLINK-3891,0,0,0,0.0,0
STARLINK-32267,0,0,0,0.0,0
STARLINK-31994,2,1,0,0.0,0.5
STARLINK-31233,0,0,0,0.0,0
STARLINK-30588,0,0,0,0.0,0
STARLINK-30570,0,0,0,0.0,0
STARLINK-31972,0,0,0,0.0,0
STARLINK-31261,0,0,0,0.0,0
STARLINK-3968,0,0,0,0.0,0
STARLINK-3544,0,0,0,0.0,0
STARLINK-2422,0,0,0,0.0,0
STARLINK-31000,9,2,4,0.01282051282051282,0.15384615384615385
STARLINK-2363,0,0,0,0.0,0
STARLINK-30150,0,0,0,0.0,0
STARLINK-33684,13,1,5,0.016025641025641024,0.05555555555555555
STARLINK-32692,12,4,5,0.016025641025641024,0.23529411764705882
STARLINK-33800,18,7,2,0.00641025641025641,0.35
STARLINK-11265 [DTC],7,0,1,0.003205128205128205,0.0
STARLINK-1894,2,0,0,0.0,0.0
STARLINK-32232,1,0,0,0.0,0.0
STARLINK-5512,7,2,8,0.02564102564102564,0.13333333333333333
STARLINK-4731,12,4,3,0.009615384615384616,0.26666666666666666
STARLINK-3254,16,6,1,0.003205128205128205,0.35294117647058826
STARLINK-5012,0,0,0,0.0,0
STARLINK-5151,8,2,2,0.00641025641025641,0.2
STARLINK-30587,7,2,4,0.01282051282051282,0.18181818181818182
STARLINK-1114,6,2,1,0.003205128205128205,0.2857142857142857
STARLINK-31508,15,4,5,0.016025641025641024,0.2
STARLINK-30157,2,0,0,0.0,0.0
STARLINK-5792,11,3,4,0.01282051282051282,0.2
STARLINK-32371,2,1,0,0.0,0.5
STARLINK-31336,1,0,0,0.0,0.0
STARLINK-32700,1,1,0,0.0,1.0
STARLINK-5944,9,5,2,0.00641025641025641,0.45454545454545453
STARLINK-1940,4,0,0,0.0,0.0
STARLINK-11645 [DTC],9,3,5,0.016025641025641024,0.21428571428571427
STARLINK-31716,8,2,2,0.00641025641025641,0.2
STARLINK-31211,1,0,0,0.0,0.0
STARLINK-4720,1,0,0,0.0,0.0
STARLINK-6181,1,0,0,0.0,0.0
STARLINK-11162 [DTC],12,4,4,0.01282051282051282,0.25
STARLINK-31966,12,5,1,0.003205128205128205,0.38461538461538464
STARLINK-5032,2,0,0,0.0,0.0
STARLINK-2446,5,2,1,0.003205128205128205,0.3333333333333333
STARLINK-32634,1,0,0,0.0,0.0
STARLINK-30537,6,2,2,0.00641025641025641,0.25
STARLINK-3281,5,1,5,0.016025641025641024,0.1
STARLINK-30257,6,2,1,0.003205128205128205,0.2857142857142857
STARLINK-11595 [DTC],1,0,0,0.0,0.0
STARLINK-5890,11,3,3,0.009615384615384616,0.21428571428571427
STARLINK-2315,5,0,5,0.016025641025641024,0.0
STARLINK-31251,16,5,1,0.003205128205128205,0.29411764705882354
STARLINK-6360,6,1,2,0.00641025641025641,0.125
STARLINK-5756,1,0,0,0.0,0.0
STARLINK-31265,11,4,4,0.01282051282051282,0.26666666666666666
STARLINK-3634,0,0,0,0.0,0
STARLINK-31377,2,0,0,0.0,0.0
STARLINK-3543,7,4,2,0.00641025641025641,0.4444444444444444
STARLINK-30574,3,0,0,0.0,0.0
STARLINK-31274,8,0,1,0.003205128205128205,0.0
STARLINK-30969,6,2,4,0.01282051282051282,0.2
STARLINK-31295,4,2,1,0.003205128205128205,0.4
STARLINK-34155,15,7,3,0.009615384615384616,0.3888888888888889
STARLINK-30804,0,0,0,0.0,0
STARLINK-5528,0,0,0,0.0,0
STARLINK-31388,7,5,3,0.009615384615384616,0.5
STARLINK-2435,0,0,0,0.0,0
STARLINK-31582,11,3,3,0.009615384615384616,0.21428571428571427
STARLINK-4642,2,1,1,0.003205128205128205,0.3333333333333333
STARLINK-32576,0,0,0,0.0,0
STARLINK-1480,5,1,7,0.022435897435897436,0.08333333333333333
STARLINK-1647,9,1,7,0.022435897435897436,0.0625
STARLINK-5960,4,1,3,0.009615384615384616,0.14285714285714285
STARLINK-11506 [DTC],7,6,4,0.01282051282051282,0.5454545454545454
STARLINK-31509,6,5,3,0.009615384615384616,0.5555555555555556
STARLINK-5177,1,0,4,0.01282051282051282,0.0
STARLINK-5759,3,2,1,0.003205128205128205,0.5
STARLINK-4615,4,1,2,0.00641025641025641,0.16666666666666666
STARLINK-1152,11,5,3,0.009615384615384616,0.35714285714285715
STARLINK-30072,5,3,2,0.00641025641025641,0.42857142857142855
STARLINK-1112,8,4,2,0.00641025641025641,0.4
STARLINK-5480,5,4,1,0.003205128205128205,0.6666666666666666
STARLINK-33755,12,5,2,0.00641025641025641,0.35714285714285715
STARLINK-3528,1,0,1,0.003205128205128205,0.0
STARLINK-31383,0,0,0,0.0,0
STARLINK-33832,9,1,3,0.009615384615384616,0.08333333333333333
STARLINK-31006,12,4,3,0.009615384615384616,0.26666666666666666
STARLINK-30423,4,0,0,0.0,0.0
STARLINK-30909,0,0,0,0.0,0
STARLINK-5781,10,5,4,0.01282051282051282,0.35714285714285715
STARLINK-5316,6,2,3,0.009615384615384616,0.2222222222222222
STARLINK-31930,3,1,0,0.0,0.3333333333333333
STARLINK-30313,13,4,3,0.009615384615384616,0.25
STARLINK-11254 [DTC],1,1,0,0.0,1.0
STARLINK-5916,10,6,3,0.009615384615384616,0.46153846153846156
STARLINK-31186,0,0,0,0.0,0
STARLINK-2586,5,1,4,0.01282051282051282,0.1111111111111111
STARLINK-4690,7,1,4,0.01282051282051282,0.09090909090909091
STARLINK-30166,1,0,0,0.0,0.0
STARLINK-2340,8,0,1,0.003205128205128205,0.0
STARLINK-3621,9,4,1,0.003205128205128205,0.4
STARLINK-3985,1,0,0,0.0,0.0
STARLINK-30987,9,2,3,0.009615384615384616,0.16666666666666666
STARLINK-5194,0,0,0,0.0,0
STARLINK-31854,17,4,2,0.00641025641025641,0.21052631578947367
STARLINK-32193,2,1,0,0.0,0.5
STARLINK-5858,13,4,1,0.003205128205128205,0.2857142857142857
STARLINK-11598 [DTC],13,5,2,0.00641025641025641,0.3333333333333333
STARLINK-31362,2,0,0,0.0,0.0
STARLINK-31258,13,1,8,0.02564102564102564,0.047619047619047616
STARLINK-31351,7,4,3,0.009615384615384616,0.4
STARLINK-1641,0,0,0,0.0,0
STARLINK-32600,2,1,0,0.0,0.5
STARLINK-32955,10,3,4,0.01282051282051282,0.21428571428571427
STARLINK-32650,0,0,0,0.0,0
STARLINK-30582,13,1,4,0.01282051282051282,0.058823529411764705
STARLINK-34162,17,6,1,0.003205128205128205,0.3333333333333333
STARLINK-1183,9,2,1,0.003205128205128205,0.2
STARLINK-30615,2,0,0,0.0,0.0
STARLINK-4675,9,4,5,0.016025641025641024,0.2857142857142857
STARLINK-1931,1,0,0,0.0,0.0
STARLINK-31328,2,0,0,0.0,0.0
STARLINK-30890,0,0,0,0.0,0
STARLINK-5225,7,1,2,0.00641025641025641,0.1111111111111111
STARLINK-5902,9,4,8,0.02564102564102564,0.23529411764705882
STARLINK-33558,8,2,3,0.009615384615384616,0.18181818181818182
STARLINK-6216,3,0,0,0.0,0.0
STARLINK-4662,0,0,0,0.0,0
STARLINK-3514,0,0,0,0.0,0
STARLINK-30525,5,1,2,0.00641025641025641,0.14285714285714285
STARLINK-1151,0,0,0,0.0,0
STARLINK-33719,12,7,5,0.016025641025641024,0.4117647058823529
STARLINK-32227,1,0,0,0.0,0.0
STARLINK-30579,4,0,2,0.00641025641025641,0.0
STARLINK-5267,7,3,4,0.01282051282051282,0.2727272727272727
STARLINK-2257,2,0,1,0.003205128205128205,0.0
STARLINK-11106 [DTC],1,0,0,0.0,0.0
STARLINK-32538,7,2,2,0.00641025641025641,0.2222222222222222
STARLINK-30829,0,0,0,0.0,0
STARLINK-4627,6,0,1,0.003205128205128205,0.0
STARLINK-5138,4,1,0,0.0,0.25
STARLINK-11522 [DTC],7,2,2,0.00641025641025641,0.2222222222222222
STARLINK-33722,11,7,2,0.00641025641025641,0.5384615384615384
STARLINK-5509,8,3,7,0.022435897435897436,0.2
STARLINK-11256 [DTC],8,4,1,0.003205128205128205,0.4444444444444444
STARLINK-31973,9,1,1,0.003205128205128205,0.1
STARLINK-30602,1,0,0,0.0,0.0
STARLINK-30946,5,1,3,0.009615384615384616,0.125
STARLINK-1726,0,0,1,0.003205128205128205,0.0
STARLINK-31224,1,0,0,0.0,0.0
STARLINK-3616,0,0,1,0.003205128205128205,0.0
STARLINK-31153,3,0,0,0.0,0.0
STARLINK-2598,0,0,0,0.0,0
STARLINK-32226,1,1,0,0.0,1.0
STARLINK-5698,0,0,0,0.0,0
STARLINK-33810,10,3,1,0.003205128205128205,0.2727272727272727
STARLINK-32902,2,2,1,0.003205128205128205,0.6666666666666666
STARLINK-5952,2,0,2,0.00641025641025641,0.0
STARLINK-31294,0,0,0,0.0,0
STARLINK-3112,0,0,0,0.0,0
STARLINK-32597,4,0,0,0.0,0.0
STARLINK-2383,0,0,0,0.0,0
STARLINK-4663,0,0,0,0.0,0
STARLINK-3285,1,0,0,0.0,0.0
STARLINK-31663,4,2,1,0.003205128205128205,0.4
STARLINK-30074,1,0,1,0.003205128205128205,0.0
STARLINK-11119 [DTC],5,1,1,0.003205128205128205,0.16666666666666666
STARLINK-32645,0,0,0,0.0,0
STARLINK-11663 [DTC],1,0,0,0.0,0.0
STARLINK-31730,1,1,0,0.0,1.0
STARLINK-5485,1,0,0,0.0,0.0
STARLINK-30426,0,0,0,0.0,0
STARLINK-31150,3,1,0,0.0,0.3333333333333333
STARLINK-5165,1,0,0,0.0,0.0
STARLINK-30297,0,0,0,0.0,0
STARLINK-4573,0,0,0,0.0,0
STARLINK-11587 [DTC],2,0,0,0.0,0.0
STARLINK-5779,0,0,0,0.0,0
STARLINK-30131,0,0,0,0.0,0
STARLINK-32250,0,0,0,0.0,0
STARLINK-3445,0,0,0,0.0,0
STARLINK-30925,1,0,0,0.0,0.0
STARLINK-33830,0,0,0,0.0,0
STARLINK-30277,0,0,0,0.0,0
STARLINK-31005,0,0,0,0.0,0
STARLINK-4619,0,0,0,0.0,0
