Task ID,Task Priority,Arrival time in system,arrival_time_task_queue,Start Time,End Time,Execution time,Time in system,Time in queue,Server Name,Num Hops,Queue length,original_TaskPriority,estimated_execution_time,transfer_time,Utility,TMAX_exceeded,Exec_after_set
283,high,408.14623733373986,408.2588397871717,408.2588397871717,411.9463843015046,3.6875445143328904,3.800146967764736,0.0,STARLINK-5515,3,0,high,3.6875445143328904,0.11260245343184568,71.26738414700309,False,False
295,high,419.98352893806214,420.0921426556983,420.0921426556983,440.44425398624776,20.35211133054945,20.4607250481856,0.0,STARLINK-5515,2,1,low,20.35211133054945,0.10861371763614894,50.272974138503166,False,False
288,high,412.51814567587644,412.6109894158248,412.6109894158248,441.0222777053383,28.411288289513465,28.504132029461815,0.0,STARLINK-5515,2,0,low,28.411288289513465,0.09284373994835154,50.272974138503166,False,False
311,high,449.7690716099332,449.89084387386316,449.89084387386316,484.02792647815863,34.13708260429544,34.258854868225406,0.0,STARLINK-5515,7,0,low,34.13708260429544,0.12177226392996388,139.7582444666646,False,False
336,high,486.8147554054226,486.93856860830573,486.93856860830573,526.8142757087276,39.875707100421806,39.999520303304955,0.0,STARLINK-5515,4,0,low,39.875707100421806,0.12381320288314741,95.8648235372051,False,False
251,low,365.8685104985604,0,0,0,0,0,0,STARLINK-5476,6,0,low,135.64877843314062,0.12499619022269153,135.77377462336332,True,True
319,low,455.43056118286034,0,0,0,0,0,0,STARLINK-5476,6,0,low,104.3248277193629,0.06673010258988817,225.0841748848924,True,False
290,high,415.2453387037126,415.3229907960588,415.3229907960588,475.66929932752856,60.34630853146981,60.42396062381598,0.0,STARLINK-5476,2,0,low,60.34630853146981,0.0776520923461692,61.06478972490279,False,False
333,high,480.28728908962137,480.3836378728962,480.3836378728962,495.5680510668196,15.184413193923401,15.280761977198258,0.0,STARLINK-5476,2,0,low,15.184413193923401,0.09634878327485738,71.67760702264243,False,False
351,high,497.3520540238699,497.4242402137351,497.4242402137351,521.412949469125,23.98870925538992,24.060895445255134,0.0,STARLINK-5476,4,0,high,23.98870925538992,0.07218618986521297,67.63730245769615,False,False
286,high,410.8383439589167,410.9183518488048,410.9183518488048,474.0004274409046,63.08207559209986,63.162083481987935,0.0,STARLINK-5259,2,0,low,63.08207559209986,0.08000788988807292,139.75763518837107,False,False
331,high,475.9210484785946,476.0069396846248,476.0069396846248,514.6797155222783,38.67277583765356,38.7586670436837,0.0,STARLINK-5259,2,0,low,38.67277583765356,0.08589120603014327,212.32886669386087,False,False
381,high,552.5672745325315,552.670176476213,552.670176476213,558.6170322157698,5.946855739556755,6.0497576832381466,0.0,STARLINK-5259,6,0,low,5.946855739556755,0.10290194368139217,35.37160085485504,False,False
285,high,410.5555564957665,410.6613271684327,410.6613271684327,562.9780813413502,152.31675417291746,152.42252484558364,0.0,STARLINK-5795,2,0,low,152.31675417291746,0.10577067266618514,799.0605266715676,False,False
299,high,426.44577637151815,426.54289584091,426.54289584091,561.17579917633,134.63290333542005,134.73002280481188,0.0,STARLINK-30962,2,0,high,134.63290333542005,0.09711946939181665,790.4528118885515,False,False
300,high,426.4672520094151,426.57615214949664,426.57615214949664,587.9689169333276,161.39276478383098,161.5016649239125,0.0,STARLINK-30962,2,0,low,161.39276478383098,0.10890014008151905,370.220228043048,False,False
293,high,419.11652143727406,419.21398316597543,419.21398316597543,486.97048346690497,67.7565003009295,67.85396202963089,0.0,STARLINK-33758,2,0,low,67.7565003009295,0.0974617287013965,360.17852856492686,False,False
338,high,488.2228613535969,488.3216902650129,488.3216902650129,504.66192839103803,16.340238126025177,16.439067037441156,0.0,STARLINK-33758,3,0,low,16.340238126025177,0.09882891141597892,111.9171101460091,False,False
358,high,521.0339120280664,521.1351148104368,521.1351148104368,540.5030886558302,19.3679738453934,19.469176627763712,0.0,STARLINK-33758,2,0,low,19.3679738453934,0.10120278237031151,247.72308085012244,False,False
314,high,451.52917480501617,451.6326384790605,451.6326384790605,488.301668214915,36.66902973585454,36.772493409898864,0.0,STARLINK-2291,2,0,high,36.66902973585454,0.10346367404432424,89.77586915722813,False,False
339,high,488.5151834183538,488.6046749965661,488.6046749965661,520.7780857368023,32.17341074023621,32.262902318448475,0.0,STARLINK-2291,3,0,low,32.17341074023621,0.08949157821226861,199.3307869302469,False,False
306,high,442.739709851495,442.81275398871924,442.81275398871924,500.39284857522813,57.58009458650888,57.65313872373312,0.0,STARLINK-5948,2,0,low,57.58009458650888,0.07304413722424716,82.34017668162353,False,False
352,high,501.8858966346032,502.00832208364824,502.00832208364824,531.5175358461729,29.50921376252462,29.631639211569645,0.0,STARLINK-5948,4,0,low,29.50921376252462,0.12242544904502549,75.13074079452183,False,False
366,high,536.4946265981608,536.599353212009,536.599353212009,573.0415840542473,36.442230842238345,36.54695745608648,0.0,STARLINK-5948,2,0,low,36.442230842238345,0.10472661384813278,149.18039160119756,False,False
400,high,577.2405267236265,577.3326680539103,0,0,0,22.66733194608969,22.66733194608969,STARLINK-5948,3,1,high,35.22738459883555,0.09214133028380521,35.87773938936184,False
304,high,439.1178109641626,439.20076563175144,439.20076563175144,568.4539213535919,129.2531557218405,129.33611038942934,0.0,STARLINK-31675,2,0,low,129.2531557218405,0.08295466758884219,277.71579846787523,False,False
325,high,465.5340331756238,0,0,0,0,0,0,STARLINK-31911,6,0,high,285.100959248819,0.08492945048082771,342.51776535397295,True,False
309,high,446.4644276320204,446.5495239736377,446.5495239736377,503.8814006283108,57.331876654673145,57.416972996290475,0.0,STARLINK-31911,2,0,low,57.331876654673145,0.08509634161733316,152.907928004961,False,False
355,high,508.1611990982958,508.2490332975553,508.2490332975553,522.0942701417891,13.845236844233812,13.933071043493296,0.0,STARLINK-31911,2,0,low,13.845236844233812,0.0878341992594845,47.34892136567716,False,False
359,high,522.3179363837072,522.412640912975,522.412640912975,550.9235949776912,28.510954064716245,28.605658593984067,0.0,STARLINK-31911,3,0,low,28.510954064716245,0.09470452926782084,122.969441451617,False,False
385,high,555.8626260526759,555.9470270149586,555.9470270149586,564.7374543610281,8.790427346069446,8.874828308352212,0.0,STARLINK-31911,2,0,low,8.790427346069446,0.08440096228276639,78.64292386177445,False,False
321,high,462.3910131627615,462.50501661069774,0,0,0,137.49498338930226,137.49498338930226,STARLINK-5961,3,1,high,143.06904886659416,0.11400344793620565,143.28845873165267,False
348,high,495.3077398980691,0,0,0,0,0,0,STARLINK-31674,6,0,high,56.03208127870544,0.06499541554281713,117.15157848661956,True,False
341,high,490.5369471447118,490.6462075945797,490.6462075945797,551.7007093869511,61.054501792371305,61.16376224223923,0.0,STARLINK-31674,7,0,low,61.054501792371305,0.10926044986792538,173.28462005184426,False,False
402,low,580.6211386212908,0,0,0,0,0,0,STARLINK-31674,6,0,low,559.701595653364,0.07638306692355266,559.7779787202876,True,True
327,high,469.6768464547267,469.7746680955767,469.7746680955767,486.5195609210259,16.744892825449185,16.842714466299242,0.0,STARLINK-2568,3,0,low,16.744892825449185,0.09782164085005597,122.36593707285274,False,False
337,high,488.17360478362974,488.2861473016864,488.2861473016864,592.3566358470832,104.07048854539684,104.18303106345354,0.0,STARLINK-2568,2,0,high,104.07048854539684,0.11254251805669802,210.562043635708,False,False
330,high,475.35757879371164,475.4184633668874,475.4184633668874,475.8684105029787,0.4499471360913028,0.5108317092670552,0.0,STARLINK-5440,3,0,high,0.4499471360913028,0.06088457317575244,0.7179689495959638,False,False
335,high,482.6310820680759,482.7298490221087,482.7298490221087,587.8539190926055,105.12407007049677,105.22283702452955,0.0,STARLINK-5440,2,0,high,105.12407007049677,0.09876695403278928,239.16671868892843,False,False
408,high,590.6260808907258,590.7191143956297,590.7191143956297,598.614175643201,7.895061247571247,7.9880947524751384,0.0,STARLINK-5440,2,0,low,7.895061247571247,0.09303350490389112,335.29261370241807,False,False
415,high,599.3651013822837,599.4649060339498,0,0,0,0.5350939660502263,0.5350939660502263,STARLINK-5440,3,1,high,7.765181819932722,0.09980465166609663,8.470624415424243,False
343,high,491.4882739033154,491.56576179444164,491.56576179444164,536.5154904187252,44.94972862428357,45.02721651540981,0.0,STARLINK-31250,4,0,low,44.94972862428357,0.07748789112624214,127.39988390365424,False,False
370,high,539.8380642072499,539.9496181094181,539.9496181094181,552.0865382296784,12.136920120260257,12.248474022428494,0.0,STARLINK-31250,2,0,low,12.136920120260257,0.11155390216823827,75.4499621638823,False,False
328,high,471.3440611455563,471.45204772966446,471.45204772966446,519.7254660513278,48.27341832166335,48.381404905771525,0.0,STARLINK-31378,2,0,high,48.27341832166335,0.10798658410817305,115.09432286252695,False,False
409,low,590.7424236562072,0,0,0,0,0,0,STARLINK-31378,6,0,low,79.87650025650676,0.08348325632534918,226.64690973158866,True,False
360,high,524.1031174126297,524.206590282864,524.206590282864,597.5500533922423,73.34346310937828,73.44693597961266,0.0,STARLINK-31378,4,0,low,73.34346310937828,0.10347287023438026,311.72085054063666,False,False
332,high,477.29232562599424,477.40955998826763,477.40955998826763,532.7299153204123,55.32035533214458,55.437589694417944,0.0,STARLINK-30275,3,0,low,55.32035533214458,0.11723436227336739,146.8765895881324,False,False
363,high,533.1875427413692,533.2560189403648,533.2560189403648,589.3636084469811,56.1075895066162,56.17606570561187,0.0,STARLINK-30275,3,0,low,56.1075895066162,0.06847619899566777,114.45167917605433,False,False
410,high,590.9929435336742,591.0806466421313,591.0806466421313,593.2823333341285,2.201686691997087,2.2893898004542104,0.0,STARLINK-30275,5,0,low,2.201686691997087,0.08770310845712337,16.529138882955795,False,False
353,high,502.8558791998546,502.9528001942158,502.9528001942158,597.7588337316631,94.80603353744726,94.90295453180846,0.0,STARLINK-30075,2,0,high,94.80603353744726,0.09692099436119359,333.1832519451628,False,False
413,high,597.9041346411115,598.0166615239904,0,0,0,1.983338476009635,1.983338476009635,STARLINK-30075,2,1,high,21.011450439515375,0.11252688287890156,21.255420247195747,False
345,high,494.3672217009086,494.46578494635344,494.46578494635344,565.9120790678226,71.44629412146912,71.54485736691397,0.0,STARLINK-33739,2,0,low,71.44629412146912,0.0985632454448456,203.95404975111677,False,False
395,high,566.178643271815,566.2912033484827,566.2912033484827,571.3283501474322,5.037146798949543,5.149706875617258,0.0,STARLINK-33739,2,0,low,5.037146798949543,0.11256007666771539,117.77413322827073,False,False
404,high,584.5939208959002,584.7039705734711,584.7039705734711,587.0076414805781,2.3036709071069468,2.4137205846779115,0.0,STARLINK-33739,5,0,low,2.3036709071069468,0.11004967757096472,33.52590980071796,False,False
411,high,592.6755299045809,592.7565802774353,0,0,0,7.243419722564681,7.243419722564681,STARLINK-33739,2,1,high,11.840579800745727,0.0810503728544547,12.125789625992486,False
357,high,514.9797169829267,515.0445625218347,515.0445625218347,580.8208290560755,65.77626653424076,65.84111207314875,0.0,STARLINK-30149,3,0,high,65.77626653424076,0.06484553890799452,691.528245488845,False,False
405,high,584.8169669112674,584.8925509174902,0,0,0,15.107449082509788,15.107449082509788,STARLINK-30149,2,1,high,47.11186894749103,0.07558400622281708,47.433855051622245,False
371,high,539.9743977825532,540.0808886191882,540.0808886191882,576.0590931549912,35.978204535803016,36.08469537243795,0.0,STARLINK-30764,2,0,high,35.978204535803016,0.10649083663493328,91.16578137521763,False,False
356,high,510.98492088636254,511.0741315041175,0,0,0,88.92586849588253,88.92586849588253,STARLINK-6250,2,1,high,134.28957100543116,0.08921061775490204,134.98465560931376,False
354,high,507.144286682818,507.22694963475476,507.22694963475476,532.3815143975021,25.154564762747373,25.23722771468412,0.0,STARLINK-33823,2,0,low,25.154564762747373,0.08266295193674608,87.05823042332983,False,False
365,high,536.2300262023167,536.3238610077884,536.3238610077884,555.5993117660406,19.275450758252173,19.369285563723846,0.0,STARLINK-33823,2,0,low,19.275450758252173,0.09383480547167226,162.99310021795293,False,False
383,high,553.6618839683817,553.7884235043407,553.7884235043407,565.9960342438447,12.20761073950402,12.334150275462935,0.0,STARLINK-33823,6,1,low,12.20761073950402,0.1265395359589161,99.89080067150253,False,False
387,low,556.3199477036941,556.3899941314052,556.3899941314052,579.1675109811515,22.777516849746366,22.847563277457425,0.0,STARLINK-33823,3,0,low,22.777516849746366,0.0700464277110584,81.91515922609558,False,False
386,high,556.0786923870285,556.145275274043,556.145275274043,579.4053601529088,23.26008487886572,23.32666776588025,0.0,STARLINK-33823,2,1,high,23.26008487886572,0.06658288701452995,81.91515922609558,False,False
401,high,579.522704208256,579.621729063452,0,0,0,20.378270936548006,20.378270936548006,STARLINK-33823,6,1,high,70.79372108000271,0.09902485519605528,70.99150125136562,False
364,high,534.9121574763591,535.0130000870943,0,0,0,64.98699991290573,64.98699991290573,STARLINK-5774,2,1,high,122.55343902913624,0.10084261073523344,123.50606874841039,False
362,high,531.7644065932869,531.8766727439195,531.8766727439195,568.0010825014411,36.12440975752168,36.23667590815419,0.0,STARLINK-11595 [DTC],2,0,low,36.12440975752168,0.11226615063250805,91.45781924734793,False,False
407,high,588.4828292000071,588.5870440039948,588.5870440039948,590.0329969484845,1.445952944489689,1.5501677484773446,0.0,STARLINK-11595 [DTC],2,0,low,1.445952944489689,0.10421480398765562,1.5501677484773446,False,False
369,high,539.0030526909951,539.0899104153061,539.0899104153061,544.2402822181598,5.150371802853615,5.237229527164626,0.0,STARLINK-1184,2,0,low,5.150371802853615,0.08685772431101058,76.59231352246364,False,False
378,high,548.3913864156045,548.4654171286613,0,0,0,51.53458287133867,51.53458287133867,STARLINK-1184,2,1,high,75.28353253031995,0.07403071305684418,76.13390376381312,False
349,low,495.6563108260101,0,0,0,0,0,0,STARLINK-32019,6,0,low,82.0548110909051,0.11587842952993493,82.17068952043503,True,True
373,high,540.200451243749,540.2946582678641,540.2946582678641,547.4108838348927,7.116225567028673,7.2104325911437765,0.0,STARLINK-2594,3,0,low,7.116225567028673,0.09420702411510362,127.26611112041128,False,False
390,low,558.5931358228625,558.6773419606141,558.6773419606141,561.6500981542204,2.9727561936062545,3.056962331357911,0.0,STARLINK-2594,4,1,low,2.9727561936062545,0.08420613775165614,55.56958149876298,False,False
391,low,559.9457890024544,560.0588299576507,560.0588299576507,564.1642532453036,4.10542328765288,4.2184642428492225,0.0,STARLINK-2594,5,2,low,4.10542328765288,0.11304095519634261,23.54852440831227,False,False
389,low,557.1017078551976,557.1674568936621,557.1674568936621,567.9403761615793,10.772919267917153,10.838668306381763,0.0,STARLINK-2594,3,0,low,10.772919267917153,0.06574903846460962,66.09867403401516,False,False
372,high,540.1861768561279,540.3017492269528,540.3017492269528,574.9627916446578,34.661042417705076,34.77661478852997,0.0,STARLINK-2594,2,0,low,34.661042417705076,0.11557237082489129,140.40550532139298,False,False
388,high,556.580789611095,556.6744892856369,556.6744892856369,581.3279115941666,24.65342230852964,24.747121983071498,0.0,STARLINK-2594,3,1,low,24.65342230852964,0.0936996745418585,283.75291743959065,False,False
392,low,561.2009151934283,561.278224272005,561.6500981542204,585.3421992642318,23.69210111001143,24.141284070803536,0.3718738822153682,STARLINK-2594,3,3,low,23.69210111001143,0.07730907857674008,94.8173863832266,False,False
406,high,587.0060951836217,587.0836317987657,0,0,0,12.916368201234263,12.916368201234263,STARLINK-2594,1,2,high,28.479244501339608,0.07753661514399929,28.556781116483606,False
412,high,594.6414680818194,594.7401678495903,0,0,0,5.259832150409693,5.259832150409693,STARLINK-2594,5,2,high,48.56513899760878,0.09869976777082762,78.0454023178113,False
368,high,537.8481459296637,537.933320979283,0,0,0,62.06667902071695,62.06667902071695,STARLINK-11159 [DTC],3,1,high,72.8672926854888,0.08517504961940492,73.57110172988008,False
367,high,537.4211009818114,537.5349504402054,537.5349504402054,540.3202869718159,2.7853365316104357,2.8991859900044705,0.0,STARLINK-31311,3,0,low,2.7853365316104357,0.11384945839403485,13.455876356735592,False,False
374,high,543.4562957796074,543.5316652341581,0,0,0,56.46833476584186,56.46833476584186,STARLINK-31311,2,1,high,66.09726948115012,0.07536945455067508,66.29147915672577,False
379,high,550.1843781471623,550.2719365050104,550.2719365050104,572.9978266957472,22.72589019073679,22.81344854858491,0.0,STARLINK-30844,4,0,low,22.72589019073679,0.08755835784811739,165.74765326443045,False,False
382,high,553.226215502795,553.344121288982,0,0,0,46.65587871101798,46.65587871101798,STARLINK-30844,4,1,high,83.294635891872,0.11790578618706567,128.9948138486367,False
380,high,550.7274903399849,550.8248011142771,0,0,0,49.17519888572292,49.17519888572292,STARLINK-4640,7,1,high,65.10706227525581,0.09731077429216026,65.94859440827135,False
377,high,547.1151631303236,547.1998514602593,0,0,0,52.80014853974069,52.80014853974069,STARLINK-30990,2,1,high,84.43175592072296,0.08468832993568325,85.48933157873584,False
376,high,545.9778325880611,546.1052748972319,0,0,0,53.89472510276812,53.89472510276812,STARLINK-31959,2,1,high,109.963656651285,0.1274423091708053,110.25900631276461,False
384,high,555.3771897749734,555.4765639638103,0,0,0,44.52343603618965,44.52343603618965,STARLINK-3317,2,1,high,131.22798093881602,0.09937418883694939,131.51054892235237,False
397,high,570.2666178994239,570.3820936066256,0,0,0,29.61790639337437,29.61790639337437,STARLINK-5205,2,1,high,112.17015217783668,0.11547570720172036,112.73731209173431,False
375,high,544.91647836089,545.0000295545648,0,0,0,54.999970445435224,54.999970445435224,STARLINK-11650 [DTC],4,1,high,74.27878026571048,0.08355119367475727,74.57302399974118,False
394,high,564.5200038603056,564.6271092723982,0,0,0,35.37289072760177,35.37289072760177,STARLINK-31240,2,1,high,60.35373522132732,0.10710541209266193,61.061673851609854,False
393,high,562.5769028459333,562.667948793281,562.667948793281,566.4193840872384,3.7514352939574658,3.8424812413051006,0.0,STARLINK-32851,3,0,high,3.7514352939574658,0.091045947347635,13.458235003410312,False,False
396,high,567.0283588564399,567.115320191614,567.115320191614,585.5847177589189,18.46939756730491,18.556358902479076,0.0,STARLINK-32851,2,0,low,18.46939756730491,0.08696133517416567,99.04337194532077,False,False
398,high,575.1712466999433,575.2567015052363,575.2567015052363,590.2025363269388,14.945834821702583,15.031289626995573,0.0,STARLINK-32851,5,1,low,14.945834821702583,0.08545480529298911,61.182190457381736,False,False
399,low,576.4387680985817,576.5104270227542,0,0,0,23.489572977245757,23.489572977245757,STARLINK-32851,2,1,low,43.99921243733577,0.07165892417250816,77.72753020530632,False
403,high,584.3640387823549,584.4793294509608,0,0,0,15.52067054903921,15.52067054903921,STARLINK-31535,2,1,high,64.59820143427918,0.11529066860587267,65.3570601993667,False
414,high,597.9322973671583,598.0374737518213,0,0,0,1.9625262481787331,1.9625262481787331,STARLINK-30128,3,2,high,23.62428277624126,0.10517638466301985,24.059685004182285,False
416,high,599.6699764733298,599.7910956954096,0,0,0,0.2089043045904191,0.2089043045904191,STARLINK-30128,7,2,high,32.04329050354906,0.12111922207975587,80.35044335694161,False
289,high,413.23718155251026,413.3540203838574,413.3540203838574,504.97632022710343,91.62229984324601,91.73913867459318,0.0,STARLINK-4684,3,0,low,91.62229984324601,0.11683883134716215,187.19809576618164,False,False
268,high,384.5872876970375,384.6673744836333,384.6673744836333,417.8316474620662,33.164272978432926,33.24435976502875,0.0,STARLINK-30591,4,0,high,33.164272978432926,0.08008678659582162,132.35727337412558,False,False
271,high,390.8870908382196,390.98264440428096,390.98264440428096,437.2804729397894,46.29782853550843,46.393382101569784,0.0,STARLINK-30591,2,1,high,46.29782853550843,0.09555356606135841,162.81305735243157,False,False
305,high,440.26651618069354,440.33102008917507,440.33102008917507,440.98506741900326,0.654047329828167,0.718551238309677,0.0,STARLINK-30591,2,0,low,0.654047329828167,0.06450390848150997,1.5092804897102412,False,False
315,high,452.5866968552534,452.6631097156985,452.6631097156985,461.6459718919439,8.982862176245387,9.0592750366905,0.0,STARLINK-30591,2,0,low,8.982862176245387,0.07641286044511447,105.7744554127648,False,False
316,high,453.0082715728196,453.0868052425221,453.0868052425221,499.79317930668935,46.70637406416727,46.78490773386978,0.0,STARLINK-30591,2,1,low,46.70637406416727,0.07853366970251227,71.46803090725302,False,False
279,high,399.33026105892657,399.43915684965907,399.43915684965907,403.8489009607602,4.409744111101115,4.518639901833632,0.0,STARLINK-32661,2,0,low,4.409744111101115,0.10889579073251718,15.275877146040177,False,False
284,high,408.45808269836164,408.5510253262551,408.5510253262551,461.83182357512777,53.28079824887266,53.37374087676615,0.0,STARLINK-32661,3,0,high,53.28079824887266,0.09294262789349067,131.2116174422628,False,False
322,high,462.9717977747833,463.07321129948275,463.07321129948275,490.31245184839537,27.23924054891263,27.340654073612072,0.0,STARLINK-32661,2,0,high,27.23924054891263,0.10141352469944287,99.8969401593213,False,False
342,high,491.3905659017657,491.5078641466079,491.5078641466079,532.944931392393,41.43706724578503,41.55436549062726,0.0,STARLINK-32661,3,0,low,41.43706724578503,0.11729824484222987,119.62454994282528,False,False
247,high,358.28851065411106,358.36463298854716,358.36463298854716,362.0000019474466,3.6353689588994484,3.7114912933355453,0.0,STARLINK-30497,3,0,low,3.6353689588994484,0.07612233443609664,99.69370311481103,False,False
249,high,362.185330597627,362.28221655517893,362.28221655517893,475.90641105547337,113.62419450029444,113.7210804578464,0.0,STARLINK-30497,2,0,low,113.62419450029444,0.09688595755195509,539.866636423316,False,False
344,high,493.3938237429031,493.4711337751966,493.4711337751966,524.7745884615696,31.303454686372927,31.38076471866641,0.0,STARLINK-30497,2,0,low,31.303454686372927,0.07731003229348254,78.72026362945897,False,False
350,high,496.9912230707047,0,0,0,0,0,0,STARLINK-1173,6,0,high,236.98348174800122,0.05916115404464996,240.95356589136844,True,False
347,high,495.0366324817019,495.1495896667407,495.1495896667407,499.0605126560633,3.91092298932257,4.0238801743614285,0.0,STARLINK-1173,2,0,high,3.91092298932257,0.11295718503885895,28.67240280379177,False,False
278,high,397.50059004230616,397.6061863685737,397.6061863685737,466.9631341412051,69.35694777263143,69.46254409889893,0.0,STARLINK-5308,6,0,high,69.35694777263143,0.10559632626749936,354.6604344742035,False,False
326,high,467.2337621615026,467.31647324847177,467.31647324847177,516.5691296567412,49.25265640826949,49.335367495238614,0.0,STARLINK-5308,4,0,low,49.25265640826949,0.08271108696912974,116.07436694752818,False,False
308,high,445.76330635040785,445.8843330869026,445.8843330869026,477.9608045843418,32.07647149743922,32.197498233933956,0.0,STARLINK-11616 [DTC],2,0,low,32.07647149743922,0.1210267364947341,120.56613576739356,False,False
334,high,482.1642250599404,482.26223372589595,482.26223372589595,513.0307558439065,30.76852211801049,30.86653078396601,0.0,STARLINK-11616 [DTC],1,0,low,30.76852211801049,0.09800866595551988,196.52032216774273,False,False
361,high,524.189701945612,524.2576120271881,524.2576120271881,539.507200196051,15.249588168862932,15.31749825043897,0.0,STARLINK-11616 [DTC],4,0,low,15.249588168862932,0.06791008157603726,104.07094364871685,False,False
274,high,394.3181616495106,394.4291651063306,394.4291651063306,408.27147976485844,13.84231465852788,13.953318115347816,0.0,STARLINK-3271,2,0,low,13.84231465852788,0.11100345681993597,35.35580561078733,False,False
275,high,394.6094845671261,394.6951274434379,394.6951274434379,443.89198617065057,49.196858727212664,49.28250160352444,0.0,STARLINK-3271,2,1,low,49.196858727212664,0.08564287631177493,75.28730255029951,False,False
312,high,449.9083796187265,450.0138972315477,450.0138972315477,517.0098028747544,66.9959056432068,67.10142325602799,0.0,STARLINK-3271,2,0,low,66.9959056432068,0.10551761282118943,268.97627896498466,False,False
310,high,448.97393694032854,449.0551689866972,449.0551689866972,449.37316758347976,0.31799859678253994,0.3992306431512008,0.0,STARLINK-11648 [DTC],6,1,low,0.31799859678253994,0.08123204636866091,51.794438282701115,False,False
307,high,443.61690825852594,443.72119425557855,443.72119425557855,469.1769389150095,25.455744659430913,25.56003065648353,0.0,STARLINK-11648 [DTC],3,0,high,25.455744659430913,0.10428599705261749,101.1601731868348,False,False
329,high,473.7371936328631,473.80753639099675,473.80753639099675,486.84154513390354,13.0340087429068,13.104351501040433,0.0,STARLINK-11648 [DTC],2,0,low,13.0340087429068,0.07034275813363507,250.7334198503542,False,False
340,high,490.0695806635196,490.1681038685186,490.1681038685186,535.3872004061993,45.21909653768078,45.31761974267974,0.0,STARLINK-11648 [DTC],3,0,low,45.21909653768078,0.09852320499896232,293.14247665530024,False,False
260,high,377.5400219655393,377.6376892975353,377.6376892975353,424.7916447332034,47.15395543566806,47.251622767664024,0.0,STARLINK-30322,2,0,low,47.15395543566806,0.09766733199596311,59.42864244169926,False,False
303,high,433.6713574683969,433.76747705236403,433.76747705236403,503.2728787959001,69.50540174353607,69.6015213275032,0.0,STARLINK-30322,1,0,low,69.50540174353607,0.09611958396713273,165.08174716938223,False,False
259,high,374.5735279870239,374.6963139145751,374.6963139145751,477.71329742950866,103.01698351493353,103.13976944248473,0.0,STARLINK-32883,2,0,high,103.01698351493353,0.12278592755120861,262.44836013640463,False,False
346,high,494.8424402496597,494.94109110442207,494.94109110442207,504.95248425241977,10.011393147997707,10.11004400276005,0.0,STARLINK-32883,2,0,low,10.011393147997707,0.09865085476234295,168.26559915401333,False,False
282,high,406.457213819468,406.54233145113477,406.54233145113477,411.5854550203596,5.043123569224796,5.128241200891586,0.0,STARLINK-1765,2,0,low,5.043123569224796,0.08511763166679034,73.97916124050782,False,False
291,high,416.1990179935066,416.2861835412139,416.2861835412139,468.7473198334439,52.46113629223,52.54830183993735,0.0,STARLINK-1765,2,0,low,52.46113629223,0.0871655477073497,247.93796625784879,False,False
261,high,377.6479306741498,377.7523094763805,377.7523094763805,383.7323200207394,5.980010544358904,6.084389346589618,0.0,STARLINK-33683,3,0,low,5.980010544358904,0.10437880223071472,97.93993615544684,False,False
262,high,377.85935136650113,377.9511179408103,377.9511179408103,427.83062494202494,49.87950700121462,49.97127357552378,0.0,STARLINK-33683,2,1,low,49.87950700121462,0.09176657430916428,261.3907119760863,False,False
301,high,428.3258273850008,428.4176494857667,428.4176494857667,456.0856251167993,27.667975631032636,27.759797731798514,0.0,STARLINK-33683,1,0,low,27.667975631032636,0.09182210076587649,160.33624514314235,False,False
323,high,464.7440892314113,464.8433684435484,464.8433684435484,479.04574520027387,14.202376756725492,14.301655968862569,0.0,STARLINK-33683,5,0,low,14.202376756725492,0.09927921213707692,332.5811537532171,False,False
267,high,384.2769240059421,384.3528755119294,384.3528755119294,415.7390618949362,31.386186383006745,31.462137888994093,0.0,STARLINK-32195,2,0,high,31.386186383006745,0.07595150598734814,123.96372452692214,False,False
296,high,421.08762938523097,0,0,0,0,0,0,STARLINK-32195,6,0,high,100.12734926682413,0.10617388287583622,166.49567834230683,True,False
292,high,417.7471366441846,417.8695499920366,417.8695499920366,484.13170518464347,66.26215519260687,66.38456854045889,0.0,STARLINK-32195,1,0,high,66.26215519260687,0.12241334785201032,171.88319299825872,False,False
223,low,317.5188247934822,0,0,0,0,0,0,STARLINK-31900,6,0,low,118.05679454672726,0.06720073906159657,118.12399528578885,True,True
237,high,347.7931789604196,347.9019995637782,347.9019995637782,425.73771781024584,77.83571824646764,77.94453884982626,0.0,STARLINK-31900,2,0,low,77.83571824646764,0.10882060335861718,163.21886435378443,False,False
302,high,429.46293817543364,429.5457246773895,429.5457246773895,472.32625713535725,42.780532457967766,42.8633189599236,0.0,STARLINK-31900,2,0,low,42.780532457967766,0.08278650195583767,91.38052667314743,False,False
221,high,312.71542058019196,312.7914708772811,312.7914708772811,430.075236590653,117.28376571337189,117.35981601046102,0.0,STARLINK-30573,2,0,low,117.28376571337189,0.07605029708912478,278.1174776055599,False,False
324,high,465.4860888849135,465.5903865100593,465.5903865100593,469.19246786361316,3.6020813535538174,3.7063789786996537,0.0,STARLINK-30573,3,0,low,3.6020813535538174,0.1042976251458364,195.47683718725926,False,False
241,high,351.41008077855656,351.48071242193885,351.48071242193885,355.1693601108064,3.68864768886752,3.7592793322498053,0.0,STARLINK-3569,2,1,low,3.68864768886752,0.0706316433822852,60.75743563945171,False,False
254,low,367.5562213956442,367.636394527871,367.636394527871,368.6393898225808,1.0029952947098426,1.083168426936656,0.0,STARLINK-3569,7,2,high,1.0029952947098426,0.08017313222681331,26.1944756441153,False,False
238,high,348.95052496720007,349.0686526654505,349.0686526654505,372.6500320559809,23.581379390530394,23.69950708878081,0.0,STARLINK-3569,6,0,low,23.581379390530394,0.11812769825041393,109.41206780024432,False,False
242,low,351.9153180800573,352.0189718078728,352.0189718078728,377.91147252753615,25.892500719663364,25.996154447478855,0.0,STARLINK-3569,2,0,low,25.892500719663364,0.10365372781549173,100.58770602374945,False,False
244,low,354.32696974861636,354.4382763764407,354.4382763764407,378.79929217375786,24.36101579731716,24.472322425141506,0.0,STARLINK-3569,3,1,low,24.36101579731716,0.11130662782434436,51.00494225106728,False,False
265,high,379.81785571190477,379.9078708148387,379.9078708148387,402.923803495497,23.01593268065832,23.10594778359227,0.0,STARLINK-3569,2,0,high,23.01593268065832,0.09001510293395121,50.97768331210555,False,False
280,high,403.7294985185299,403.8108669243534,403.8108669243534,409.79606447668635,5.985197552332983,6.0665659581564695,0.0,STARLINK-3569,2,0,low,5.985197552332983,0.08136840582348599,59.62871622343314,False,False
287,high,412.4855891275191,412.60783424822614,412.60783424822614,431.6650281538987,19.057193905672513,19.17943902637955,0.0,STARLINK-3569,3,0,low,19.057193905672513,0.12224512070703791,81.66385201522979,False,False
317,high,453.15383229895417,453.2593891866391,453.2593891866391,462.16053273050045,8.90114354386131,9.006700431546228,0.0,STARLINK-3569,5,0,low,8.90114354386131,0.10555688768491965,108.22677841857066,False,False
272,high,391.4432663567496,391.5412170797354,391.5412170797354,450.8220154277065,59.28079834797111,59.378749070956964,0.0,STARLINK-31384,3,0,low,59.28079834797111,0.09795072298585855,186.3260485354881,False,False
313,high,450.90010428363496,451.00240293420427,451.00240293420427,454.8992891803685,3.896886246164234,3.999184896733541,0.0,STARLINK-31384,4,0,low,3.896886246164234,0.10229865056930668,109.51668309671759,False,False
233,high,337.80618143809335,337.8858269365732,337.8858269365732,419.1717567178572,81.28592978128395,81.36557527976385,0.0,STARLINK-31241,2,0,low,81.28592978128395,0.07964549847989008,230.91400498192203,False,False
294,high,419.4711836486851,419.5966636968043,419.5966636968043,434.0000801131839,14.403416416379619,14.528896464498812,0.0,STARLINK-31241,2,0,low,14.403416416379619,0.12548004811919375,99.02506739540895,False,False
258,low,371.5641901224719,0,0,0,0,0,0,STARLINK-11579 [DTC],6,0,low,59.85523295720686,0.11565323699174823,244.20421513138606,True,False
248,high,360.33165011611976,360.4417921073119,360.4417921073119,452.55845657590567,92.11666446859373,92.22680645978589,0.0,STARLINK-11579 [DTC],2,0,low,92.11666446859373,0.11014199119216318,129.2145984445376,False,False
219,high,309.83883112597636,309.9398486123382,309.9398486123382,331.41287432900936,21.473025716671117,21.57404320303297,0.0,STARLINK-5496,2,0,low,21.473025716671117,0.10101748636185515,72.05876376194345,False,False
234,high,337.9068744484573,337.9711987702542,337.9711987702542,391.697846984034,53.72664821377982,53.79097253557669,0.0,STARLINK-5496,2,0,low,53.72664821377982,0.06432432179687704,254.66872563496855,False,False
273,high,394.02059716544125,394.11472460480365,394.11472460480365,426.31032547481016,32.195600870006494,32.28972830936891,0.0,STARLINK-5496,2,0,high,32.195600870006494,0.09412743936241778,71.93873745086546,False,False
200,high,284.80588109539815,284.9044402853508,284.9044402853508,353.9984046131928,69.09396432784202,69.19252351779464,0.0,STARLINK-2585,2,0,low,69.09396432784202,0.09855918995262468,82.39410281456887,False,False
245,high,354.7409343043487,354.8721524244376,354.8721524244376,391.39397780720685,36.52182538276924,36.65304350285818,0.0,STARLINK-2585,3,0,low,36.52182538276924,0.131218120088948,83.64116958347816,False,False
277,high,396.3907586738615,396.49426740153103,396.49426740153103,400.28943681945515,3.795169417924124,3.8986781455936224,0.0,STARLINK-2585,6,0,low,3.795169417924124,0.10350872766949822,123.67422248737331,False,False
281,high,404.8012516292914,404.8786515624778,404.8786515624778,408.37056654180884,3.491914979331044,3.569314912517418,0.0,STARLINK-2585,2,0,high,3.491914979331044,0.07739993318637373,7.436899746332099,False,False
297,high,423.63435964993425,423.7477573782808,423.7477573782808,434.97032320477575,11.222565826494908,11.335963554841474,0.0,STARLINK-2585,6,0,high,11.222565826494908,0.11339772834656589,65.99512584888684,False,False
256,high,370.22621778193445,370.335321162972,370.335321162972,432.0098536655676,61.674532502595625,61.78363588363317,0.0,STARLINK-11295 [DTC],2,0,low,61.674532502595625,0.1091033810375436,166.8992297412153,False,False
217,high,303.55495735558793,303.6553570428397,303.6553570428397,370.825070234179,67.16971319133933,67.27011287859108,0.0,STARLINK-3977,4,0,low,67.16971319133933,0.10039968725175853,135.96934830563663,False,False
270,high,390.63209332357115,390.71738018751347,390.71738018751347,414.9860020058711,24.268621818357673,24.353908682300013,0.0,STARLINK-3977,2,0,low,24.268621818357673,0.08528686394233881,68.07430446360779,False,False
318,low,454.2926670478845,0,0,0,0,0,0,STARLINK-3977,6,0,low,150.3933817535582,0.12545045846820302,150.5188322120264,True,True
183,high,260.68526332423403,260.7808539334789,260.7808539334789,387.1978143834708,126.4169604499919,126.51255105923677,0.0,STARLINK-5966,2,0,low,126.4169604499919,0.09559060924487045,160.19623014476366,False,False
269,high,389.78284766355625,389.9125494439515,389.9125494439515,409.82454780446,19.911998360508502,20.041700140903735,0.0,STARLINK-5966,4,0,low,19.911998360508502,0.12970178039523464,73.55510079350512,False,False
240,low,350.9841607475545,0,0,0,0,0,0,STARLINK-32941,6,0,low,147.00450253133562,0.11660741007577474,294.40233036272775,True,False
212,high,296.5672982185325,296.667592540628,296.667592540628,370.30820275128616,73.64061021065817,73.74090453275362,0.0,STARLINK-32941,2,0,low,73.64061021065817,0.10029432209545279,209.7539466144335,False,False
257,high,371.00250629110553,371.0858237365862,371.0858237365862,380.7024397534445,9.616616016858316,9.699933462338947,0.0,STARLINK-32941,2,0,low,9.616616016858316,0.08331744548063034,32.98154592013094,False,False
266,high,382.78888697764586,382.8798408918948,382.8798408918948,424.508911831758,41.62907093986319,41.72002485411213,0.0,STARLINK-32941,2,0,low,41.62907093986319,0.09095391424894375,53.90332098997642,False,False
298,high,424.86639777143415,424.93906094706875,424.93906094706875,431.6574663115269,6.718405364458108,6.79106854009272,0.0,STARLINK-32941,3,0,low,6.718405364458108,0.07266317563461236,56.986541265933035,False,False
175,high,250.07319324023462,250.17429800780002,250.17429800780002,373.1564820778964,122.98218407009637,123.08328883766177,0.0,STARLINK-30876,6,0,high,122.98218407009637,0.1011047675654079,306.15442350787526,False,False
263,high,378.7832668121178,378.89996278247577,378.89996278247577,380.3082601383852,1.4082973559094332,1.524993326267416,0.0,STARLINK-30876,3,0,low,1.4082973559094332,0.11669597035798293,35.21969094332585,False,False
264,high,379.5281139123801,379.622247143717,379.622247143717,401.9217226480403,22.299475504323297,22.393608735660234,0.0,STARLINK-30876,2,1,low,22.299475504323297,0.09413323133693526,49.47859312388921,False,False
199,high,282.7094915246725,282.81796461174514,282.81796461174514,329.327295459229,46.50933084748384,46.61780393455647,0.0,STARLINK-32886,6,0,high,46.50933084748384,0.108473087072631,122.13073172234738,False,False
231,high,336.3346264853461,336.4376043168481,336.4376043168481,412.5435573384441,76.10595302159604,76.20893085309797,0.0,STARLINK-32886,2,0,low,76.10595302159604,0.10297783150193533,171.7488285412969,False,False
252,low,366.10985683217956,0,0,0,0,0,0,STARLINK-30311,6,0,low,66.31918698733942,0.098515119443162,66.41770210678258,True,True
320,high,456.28946544428044,0,0,0,0,0,0,STARLINK-33773,6,0,high,65.68295607843484,0.08210314160331487,65.76505922003815,True,True
166,high,233.5351983378582,233.61182707852524,233.61182707852524,386.41707427644997,152.80524719792476,152.8818759385918,0.0,STARLINK-30975,3,0,low,152.80524719792476,0.07662874066704826,231.82768195851344,False,False
178,high,254.460108501735,254.53412627509564,254.53412627509564,285.69646102804006,31.162334752944417,31.236352526305076,0.0,STARLINK-31346,2,0,low,31.162334752944417,0.07401777336065762,166.66134507210433,False,False
177,high,254.4347698354302,254.54902030586118,254.54902030586118,320.3556936916535,65.80667338579235,65.92092385622334,0.0,STARLINK-31346,3,0,low,65.80667338579235,0.11425047043099121,168.00003296682485,False,False
226,high,320.4309138414949,320.50576846835395,320.50576846835395,321.69718798250193,1.1914195141479909,1.2662741410070315,0.0,STARLINK-31346,3,0,low,1.1914195141479909,0.07485462685904073,10.404063879979864,False,False
227,high,320.8665499875243,320.9583250312971,320.9583250312971,329.6033544273356,8.645029396038506,8.736804439811298,0.0,STARLINK-31346,2,1,high,8.645029396038506,0.09177504377279146,46.40205914587727,False,False
230,high,329.18194594243244,329.2831340963698,329.2831340963698,357.39719555183274,28.11406145546295,28.215249609400317,0.0,STARLINK-31346,2,1,low,28.11406145546295,0.1011881539373697,595.9753205365355,False,False
250,high,363.28975512180835,363.3957447382883,363.3957447382883,382.61376244656776,19.218017708279472,19.32400732475941,0.0,STARLINK-31346,2,0,low,19.218017708279472,0.10598961647993795,42.58388905585467,False,False
222,high,314.11772358547194,314.22240393765765,314.22240393765765,382.6614164511069,68.43901251344923,68.54369286563494,0.0,STARLINK-31150,3,0,high,68.43901251344923,0.10468035218570496,91.80430277418404,False,False
276,high,395.5504173323466,395.6434017514575,395.6434017514575,403.24150013871514,7.598098387257658,7.691082806368506,0.0,STARLINK-31150,3,0,low,7.598098387257658,0.09298441911084789,127.47670183231256,False,False
203,high,288.0835809239482,288.2009099813049,288.2009099813049,368.35623690626403,80.15532692495914,80.27265598231584,0.0,STARLINK-32198,2,0,low,80.15532692495914,0.11732905735669892,236.27307440240006,False,False
255,high,369.5821464255187,369.6596782995549,369.6596782995549,370.5258045893959,0.8661262898409685,0.9436581638771924,0.0,STARLINK-32198,2,0,low,0.8661262898409685,0.07753187403622391,1.6299019655073927,False,False
158,high,220.24671298941152,220.32582979422068,220.32582979422068,316.82450780150276,96.49867800728208,96.57779481209123,0.0,STARLINK-4763,2,0,low,96.49867800728208,0.07911680480915101,165.56944037830803,False,False
224,high,317.80776835391373,317.91723482037565,317.91723482037565,381.78581041010125,63.868575589725616,63.97804205618753,0.0,STARLINK-4763,7,0,high,63.868575589725616,0.10946646646191413,87.234861139253,False,False
173,high,247.6677187592404,247.7323836965423,247.7323836965423,303.8516399291455,56.119256232603185,56.18392116990511,0.0,STARLINK-33835,2,0,low,56.119256232603185,0.06466493730192562,330.0090985568229,False,False
218,high,305.4601451359047,305.53835944112865,305.53835944112865,342.11909244415415,36.58073300302551,36.65894730824942,0.0,STARLINK-33835,1,0,low,36.58073300302551,0.07821430522390677,127.57914725579188,False,False
235,high,344.9903775058046,345.0743371436727,345.0743371436727,386.7996796553701,41.72534251169736,41.809302149565504,0.0,STARLINK-33835,4,0,low,41.72534251169736,0.08395963786814248,75.50530852095234,False,False
148,high,204.39093297071375,204.49141486132737,204.49141486132737,268.30602848613285,63.81461362480549,63.91509551541912,0.0,STARLINK-5798,2,0,low,63.81461362480549,0.10048189061362885,143.39772990309558,False,False
188,high,269.725614240383,269.81372806385906,269.81372806385906,341.5244218229985,71.7106937591394,71.79880758261547,0.0,STARLINK-5798,2,0,low,71.7106937591394,0.08811382347606217,197.83956127673588,False,False
236,high,345.5351139769582,345.65895243777595,345.65895243777595,373.1415311370062,27.482578699230253,27.606417160048004,0.0,STARLINK-5798,2,0,low,27.482578699230253,0.12383846081775184,245.27766376130316,False,False
169,high,237.0501051868406,237.1245096752947,237.1245096752947,374.96521575350204,137.84070607820735,137.91511056666144,0.0,STARLINK-31678,5,0,low,137.84070607820735,0.07440448845409518,465.9936988431437,False,False
181,high,255.04075887412267,255.14610424274414,255.14610424274414,271.7487849355986,16.60268069285448,16.708026061475962,0.0,STARLINK-5249,3,0,low,16.60268069285448,0.10534536862148107,48.97466220620979,False,False
189,high,274.05647533804495,274.1839291083079,274.1839291083079,351.50544632900056,77.32151722069266,77.44897099095563,0.0,STARLINK-5249,2,0,low,77.32151722069266,0.1274537702629678,158.87809087533074,False,False
243,high,352.1017499060137,352.2262292268097,352.2262292268097,365.2156900275715,12.989460800761794,13.113940121557826,0.0,STARLINK-5249,3,0,high,12.989460800761794,0.12447932079603159,46.14635360056971,False,False
156,high,216.39545364826256,216.5137628468782,216.5137628468782,309.41718329594846,92.90342044907028,93.0217296476859,0.0,STARLINK-4700,4,0,low,92.90342044907028,0.11830919861562629,223.04482206558768,False,False
225,high,319.4937401155486,319.5871656266759,319.5871656266759,355.6163417821481,36.029176155472136,36.122601666599486,0.0,STARLINK-4700,3,0,low,36.029176155472136,0.09342551112734929,109.57230575070133,False,False
144,high,197.6350282651923,197.71372918678497,197.71372918678497,305.4511684079466,107.73743922116167,107.81614014275435,0.0,STARLINK-1123,2,0,low,107.73743922116167,0.0787009215926808,433.2457061558293,False,False
220,high,312.4890140128294,312.57115737651094,312.57115737651094,362.3989076079764,49.82775023146547,49.90989359514702,0.0,STARLINK-1123,2,0,low,49.82775023146547,0.08214336368154479,140.0458328514493,False,False
197,low,281.5433016678172,0,0,0,0,0,0,STARLINK-5728,6,0,low,88.78177982222215,0.11719661443797866,88.89897643666012,True,True
162,high,226.87266562138655,226.96473565321972,226.96473565321972,291.0616261860251,64.09689053280536,64.18896056463855,0.0,STARLINK-32961,2,0,low,64.09689053280536,0.09207003183318621,270.66245916273925,False,False
228,low,322.3371923030381,0,0,0,0,0,0,STARLINK-32961,6,0,low,139.439316832175,0.08193513425339122,346.9954623660409,True,False
161,high,226.805430594715,226.92592468079258,226.92592468079258,330.66302988059886,103.73710519980625,103.85759928588381,0.0,STARLINK-32961,2,0,low,103.73710519980625,0.12049408607755858,236.5868132768366,False,False
232,high,337.5336672827797,337.6109039488154,337.6109039488154,363.18618174393123,25.57527779511583,25.65251446115157,0.0,STARLINK-32961,5,0,low,25.57527779511583,0.07723666603573803,590.8976255674473,False,False
253,low,366.3407292911893,0,0,0,0,0,0,STARLINK-32961,6,0,low,476.13612023819405,0.0878049335932468,476.2239251717873,True,False
147,high,204.10406440000537,204.19961081944078,204.19961081944078,286.2428538508623,82.04324303142153,82.13878945085693,0.0,STARLINK-1193,2,0,low,82.04324303142153,0.0955464194354104,233.77865172850133,False,False
202,high,286.66968056292666,286.7442418156974,286.7442418156974,291.5092528735591,4.765011057861676,4.839572310632432,0.0,STARLINK-1193,7,0,low,4.765011057861676,0.07456125277075644,144.7131345032636,False,False
205,high,289.27844214344617,289.3452805705513,289.3452805705513,326.46535733385633,37.120076763305036,37.186915190410204,0.0,STARLINK-1193,2,1,low,37.120076763305036,0.06683842710516545,214.64092270444488,False,False
239,high,350.89540492377773,350.9967578998482,350.9967578998482,354.87169629866906,3.8749383988208588,3.9762913748913413,0.0,STARLINK-1193,3,0,low,3.8749383988208588,0.10135297607048269,216.0198167572189,False,False
146,high,202.9886332916338,203.09138454917772,203.09138454917772,255.22788587716977,52.13650132799204,52.23925258553597,0.0,STARLINK-30230,3,0,low,52.13650132799204,0.10275125754392982,121.32026155033422,False,False
196,low,281.0073463226639,0,0,0,0,0,0,STARLINK-30230,6,0,low,33.697031176128625,0.10483168569185006,179.6772462487642,True,False
208,low,291.0146991985109,0,0,0,0,0,0,STARLINK-30230,6,0,low,102.13670270189738,0.1070196425596562,248.11910573140074,True,False
186,high,266.4571082418685,266.5472269982075,266.5472269982075,339.48491869167935,72.93769169347185,73.02781044981083,0.0,STARLINK-30230,3,0,low,72.93769169347185,0.09011875633898186,172.05164701816736,False,False
155,high,212.66122950012115,212.73917761042517,212.73917761042517,246.30791038831273,33.56873277788756,33.6466808881916,0.0,STARLINK-30148,2,0,low,33.56873277788756,0.07794811030403455,77.45399629759982,False,False
191,high,278.0873824710623,278.204237413533,278.204237413533,309.99309545046873,31.78885803693573,31.905712979406417,0.0,STARLINK-30148,4,0,low,31.78885803693573,0.11685494247068678,85.96394515383187,False,False
174,high,248.71824397292517,248.81890756446091,248.81890756446091,250.9637578296388,2.144850265177891,2.2455138567136497,0.0,STARLINK-32534,2,0,low,2.144850265177891,0.10066359153575874,30.422963051904397,False,False
184,high,264.25099327091283,264.35059719807674,264.35059719807674,304.04471981961746,39.694122621540735,39.79372654870467,0.0,STARLINK-32534,3,0,high,39.694122621540735,0.09960392716393293,146.96693279660587,False,False
153,high,210.82947565859237,210.92458789819824,210.92458789819824,257.44765954448485,46.52307164628658,46.618183885892456,0.0,STARLINK-33931,2,0,low,46.52307164628658,0.09511223960587456,110.09448917192935,False,False
182,high,259.34133978332727,259.43054983127786,259.43054983127786,291.77228337540015,32.3417335441223,32.430943592072914,0.0,STARLINK-33931,1,0,low,32.3417335441223,0.08921004795061542,167.51268022627636,False,False
209,high,294.2007914748019,294.3007826313874,294.3007826313874,300.8203493783774,6.519566746989986,6.619557903575452,0.0,STARLINK-33931,2,0,low,6.519566746989986,0.09999115658546663,570.7187788452969,False,False
210,high,294.2946866255222,294.3762770633744,294.3762770633744,331.4160395140764,37.039762450702,37.12135288855418,0.0,STARLINK-33931,2,0,low,37.039762450702,0.08159043785217572,103.1926163530153,False,False
170,high,242.37960918711954,242.4644902116218,242.4644902116218,323.8181789958553,81.3536887842335,81.43856980873576,0.0,STARLINK-11627 [DTC],2,0,high,81.3536887842335,0.0848810245022732,303.107291760855,False,False
229,high,328.85581112895386,328.9433533752325,328.9433533752325,346.97250894979095,18.02915557455844,18.116697820837068,0.0,STARLINK-11627 [DTC],6,0,low,18.02915557455844,0.0875422462786282,64.09594338771318,False,False
127,high,163.64945892184096,163.77749827774744,163.77749827774744,181.52343790807996,17.745939630332526,17.87397898623901,0.0,STARLINK-5958,2,1,low,17.745939630332526,0.12803935590648463,124.79546701924876,False,False
123,high,159.08666849328267,159.15085355177504,159.15085355177504,192.5835339749069,33.432680423131885,33.496865481624255,0.0,STARLINK-5958,2,0,low,33.432680423131885,0.06418505849236669,99.16644320656297,False,False
128,high,165.30365346986036,165.38754536834833,165.38754536834833,231.6063931121658,66.21884774381745,66.30273964230541,0.0,STARLINK-5958,2,2,high,66.21884774381745,0.08389189848796223,172.46982602035084,False,False
167,high,233.810440911251,233.88800047223253,233.88800047223253,266.56155881075887,32.67355833852633,32.751117899507854,0.0,STARLINK-5958,2,0,low,32.67355833852633,0.07755956098152753,138.88279227217998,False,False
190,high,275.93082168366044,276.0422017396553,276.0422017396553,302.6754469685397,26.633245228884398,26.74462528487928,0.0,STARLINK-5958,2,0,low,26.633245228884398,0.11138005599488049,580.4252250420983,False,False
150,high,206.96147199665657,207.0694538161812,207.0694538161812,286.05675423815353,78.98730042197231,79.09528224149693,0.0,STARLINK-5477,2,0,high,78.98730042197231,0.10798181952462713,227.66841138472736,False,False
206,high,289.36610228200004,289.48133710513093,289.48133710513093,290.9345028741726,1.4531657690416748,1.568400592172578,0.0,STARLINK-5477,3,0,low,1.4531657690416748,0.11523482313090316,61.23944845015888,False,False
213,high,297.46694369204,297.5562546017143,297.5562546017143,301.97993782021166,4.423683218497411,4.512994128171671,0.0,STARLINK-5477,3,0,low,4.423683218497411,0.08931090967425993,23.40809605055724,False,False
140,high,192.7579780062263,192.84975609808356,192.84975609808356,247.15702874326018,54.307272645176624,54.399050737033896,0.0,STARLINK-31317,2,0,low,54.307272645176624,0.0917780918572718,118.93048330117234,False,False
176,high,250.73233608344827,250.80925260246974,250.80925260246974,276.27564685156824,25.46639424909849,25.54331076811997,0.0,STARLINK-31317,2,0,low,25.46639424909849,0.07691651902147979,78.16404084564151,False,False
193,high,278.93270017161774,279.01077256253484,279.01077256253484,284.4201655951522,5.409393032617336,5.487465423534411,0.0,STARLINK-31317,5,0,high,5.409393032617336,0.07807239091707571,52.43057234104717,False,False
207,high,289.38499765464366,0,0,0,0,0,0,STARLINK-31317,6,0,high,52.23579715811495,0.10751231198007793,79.05769875653947,True,False
201,high,286.26335267042685,286.39016921570743,286.39016921570743,313.10455850215186,26.71438928644444,26.841205831725,0.0,STARLINK-31317,3,0,low,26.71438928644444,0.1268165452805581,171.553415372299,False,False
179,high,254.69129978368503,254.78440211802902,254.78440211802902,287.9063877934743,33.12198567544529,33.215088009789284,0.0,STARLINK-30752,4,0,low,33.12198567544529,0.09310233434399381,71.40552565262911,False,False
214,high,298.48474788724747,298.5766309702392,298.5766309702392,299.7546116169242,1.1779806466849838,1.2698637296767126,0.0,STARLINK-30752,3,0,high,1.1779806466849838,0.09188308299172884,529.5147911767128,False,False
135,high,182.80549449840163,182.8927254603956,182.8927254603956,184.41435360804763,1.5216281476520097,1.608859109645984,0.0,STARLINK-31657,5,1,low,1.5216281476520097,0.08723096199397448,35.23708591297483,False,False
132,high,177.05135905291496,177.12773853795346,177.12773853795346,193.48717576317017,16.359437225216706,16.435816710255203,0.0,STARLINK-31657,2,0,low,16.359437225216706,0.0763794850384966,107.13821547180613,False,False
137,high,187.42860263215496,187.53640624856158,187.53640624856158,200.2303348724242,12.693928623862636,12.801732240269251,0.0,STARLINK-31657,3,1,low,12.693928623862636,0.10780361640661508,170.18016229481597,False,False
139,high,190.1296463546044,190.2531638015506,190.2531638015506,239.0137634222598,48.7605996207092,48.8841170676554,0.0,STARLINK-31657,3,2,high,48.7605996207092,0.12351744694620186,321.2613606725062,False,False
172,high,245.56110510144737,245.67293466717777,245.67293466717777,255.2758476999843,9.602913032806516,9.714742598536922,0.0,STARLINK-31657,2,0,low,9.602913032806516,0.11182956573040612,36.2539496893631,False,False
185,high,265.3197643884801,265.3957729449606,265.3957729449606,272.76207075404284,7.366297809082245,7.4423063655627075,0.0,STARLINK-31657,5,0,high,7.366297809082245,0.0760085564804627,87.35719633266534,False,False
192,high,278.6998005402513,278.8010761757206,278.8010761757206,295.1096860036185,16.30860982789788,16.40988546336717,0.0,STARLINK-31657,4,0,low,16.30860982789788,0.10127563546929204,70.73219436532976,False,False
211,high,295.98791699358657,296.0701804345917,296.0701804345917,305.76935518246165,9.699174747869977,9.781438188875102,0.0,STARLINK-31657,4,0,low,9.699174747869977,0.08226344100512567,56.637123658346376,False,False
111,high,144.06122240537198,144.14537978391604,144.14537978391604,242.23058161055775,98.08520182664172,98.16935920518577,0.0,STARLINK-5901,2,0,low,98.08520182664172,0.08415737854404885,419.91044706120215,False,False
215,low,299.3675285103295,0,0,0,0,0,0,STARLINK-5901,6,0,low,8.501491083758218,0.08038626377516073,49.94285046907754,True,False
216,low,299.58569739625904,0,0,0,0,0,0,STARLINK-5901,6,0,low,526.4444884415606,0.10100921128085169,567.9064707743855,True,False
204,high,288.59720315470224,288.7095429076085,288.7095429076085,309.3900294683806,20.68048656077208,20.792826313678376,0.0,STARLINK-5901,6,0,low,20.68048656077208,0.11233975290629584,78.60024964097347,False,False
113,high,145.51588526679717,145.60436079644867,145.60436079644867,228.03238804269344,82.42802724624477,82.51650277589629,0.0,STARLINK-3573,2,0,low,82.42802724624477,0.08847552965151684,229.32862173144,False,False
163,high,228.59701741184853,228.69973408355435,228.69973408355435,303.6552571879016,74.9555231043473,75.05823977605311,0.0,STARLINK-3573,4,0,high,74.9555231043473,0.1027166717058256,367.6831761865933,False,False
246,low,355.6419293534608,0,0,0,0,0,0,STARLINK-6232,6,0,low,112.9629497777452,0.11582356104883966,113.07877333879404,True,True
133,high,178.35661111771427,178.4655460837992,178.4655460837992,198.32032801038224,19.854781926583044,19.963716892668,0.0,STARLINK-32699,2,0,low,19.854781926583044,0.10893496608495436,164.02764580108078,False,False
143,high,195.20009789157294,195.32601547913947,195.32601547913947,226.51769754090162,31.19168206176215,31.31759964932867,0.0,STARLINK-32699,2,1,low,31.19168206176215,0.12591758756652036,104.40400864240661,False,False
142,high,195.18472928313702,195.25653367052567,195.25653367052567,227.16216355450928,31.9056298839836,31.977434271372267,0.0,STARLINK-32699,6,1,low,31.9056298839836,0.07180438738866671,128.28336392226623,False,False
164,high,228.78396839415026,228.88897600914962,228.88897600914962,239.0481774407104,10.15920143156077,10.264209046560117,0.0,STARLINK-32699,2,0,low,10.15920143156077,0.1050076149993454,295.13784535907666,False,False
168,high,236.37561689737703,236.45225598924048,236.45225598924048,253.55780758144275,17.105551592202254,17.18219068406571,0.0,STARLINK-32699,3,1,low,17.105551592202254,0.07663909186345386,60.3440328600238,False,False
180,high,254.78673924682437,254.8469419629656,254.8469419629656,302.89527784767364,48.04833588470804,48.108538600849265,0.0,STARLINK-32699,2,0,low,48.04833588470804,0.060202716141223536,623.2557749564014,False,False
134,high,178.7773694735764,178.8680262276669,178.8680262276669,224.9761147511875,46.108088523520614,46.19874527761109,0.0,STARLINK-33632,2,0,low,46.108088523520614,0.09065675409047644,177.75626129120386,False,False
160,high,226.16940882141995,226.24104087616118,226.24104087616118,266.68452319713475,40.44348232097355,40.515114375714774,0.0,STARLINK-33632,3,0,low,40.44348232097355,0.07163205474122007,154.42287199035238,False,False
187,high,267.5701042068585,267.65238608913796,267.65238608913796,283.13660993935906,15.484223850221122,15.566505732500577,0.0,STARLINK-33632,2,0,low,15.484223850221122,0.08228188227945551,255.9779804445218,False,False
195,low,279.7291304936137,0,0,0,0,0,0,STARLINK-30957,6,0,low,595.3196329472822,0.10626430211444264,901.3747984751718,True,False
98,high,130.60882773717816,130.6823576689101,130.6823576689101,283.6568082817976,152.97445061288752,153.04798054461946,0.0,STARLINK-30957,2,0,high,152.97445061288752,0.07352993173193428,378.3049855028676,False,False
105,high,134.1159701055953,134.18560804438124,134.18560804438124,167.34098429274928,33.15537624836806,33.22501418715401,0.0,STARLINK-3301,2,0,low,33.15537624836806,0.06963793878595076,95.23793969452139,False,False
106,high,135.02465820791517,135.11773603366947,135.11773603366947,193.89583542917504,58.778099395505556,58.871177221259856,0.0,STARLINK-3301,7,1,low,58.778099395505556,0.09307782575429854,172.81784718255196,False,False
141,high,194.7551142660743,194.83984717265554,194.83984717265554,249.91745065186177,55.07760347920622,55.16233638578746,0.0,STARLINK-3301,1,0,low,55.07760347920622,0.08473290658124306,112.68440618262592,False,False
198,high,281.6489556445831,281.7624756850471,281.7624756850471,282.2504652557694,0.4879895707223254,0.6015096111863167,0.0,STARLINK-3301,4,0,low,0.4879895707223254,0.1135200404639913,1.5109797200299648,False,False
138,high,189.67101731446456,189.7799618379101,189.7799618379101,256.769822850634,66.98986101272392,67.09880553616944,0.0,STARLINK-32194,3,0,low,66.98986101272392,0.10894452344551768,263.55708267956953,False,False
120,high,156.50531165593407,156.59050100512675,156.59050100512675,168.07662522296664,11.486124217839901,11.5713135670326,0.0,STARLINK-31734,3,0,low,11.486124217839901,0.08518934919269902,41.94163315951557,False,False
126,low,163.53348865998115,163.64808345342936,163.64808345342936,173.06001997765412,9.411936524224759,9.526531317672976,0.0,STARLINK-31734,4,0,low,9.411936524224759,0.11459479344821728,31.555605294911288,False,False
124,high,159.53348750664614,159.6164836657167,159.6164836657167,182.60704330393753,22.990559638220837,23.07355579729138,0.0,STARLINK-31734,4,1,low,22.990559638220837,0.08299615907054164,104.22239552916136,False,False
125,low,163.48866279471517,163.58240691192816,163.58240691192816,198.61633745578592,35.03393054385777,35.12767466107076,0.0,STARLINK-31734,2,0,low,35.03393054385777,0.09374411721299074,177.88236141092995,False,False
145,high,201.770650898991,201.87695304081862,201.87695304081862,227.20086362577288,25.323910584954273,25.430212726781896,0.0,STARLINK-31734,4,0,low,25.323910584954273,0.1063021418276227,115.12026438420085,False,False
165,high,230.40819691497927,230.52251682094283,230.52251682094283,269.68628977568346,39.16377295474063,39.27809286070418,0.0,STARLINK-31734,3,0,low,39.16377295474063,0.11431990596355128,94.09698796745916,False,False
194,high,279.42079562774006,279.5168365404514,279.5168365404514,280.0749155530843,0.5580790126329112,0.6541199253442104,0.0,STARLINK-31734,2,0,low,0.5580790126329112,0.09604091271129923,597.3008618012827,False,False
117,low,154.9416819383442,0,0,0,0,0,0,STARLINK-1797,6,0,low,23.21127295362879,0.10407026366824217,162.63710458629555,True,False
115,high,146.41311180412507,146.49130327115478,146.49130327115478,216.15218395565404,69.66088068449926,69.73907215152897,0.0,STARLINK-1797,4,0,low,69.66088068449926,0.07819146702971298,173.79218970708826,False,False
149,high,204.4007272193218,204.48033058425807,204.48033058425807,224.07074888806503,19.590418303806967,19.670021668743242,0.0,STARLINK-11201 [DTC],1,0,low,19.590418303806967,0.07960336493627714,428.8250357501047,False,False
52,high,66.28410419162839,66.37552185404245,66.37552185404245,146.3857419138963,80.01022005985388,80.10163772226794,0.0,STARLINK-5173,2,0,low,80.01022005985388,0.09141766241406145,242.95996294763583,False,False
114,high,146.4126468846345,146.4822633885038,146.4822633885038,197.74786456098585,51.26560117248203,51.33521767635133,0.0,STARLINK-5173,2,0,high,51.26560117248203,0.06961650386929497,211.25793631621943,False,False
64,high,84.20458272141718,84.28817682005624,84.28817682005624,115.30490484126375,31.016728021207513,31.100322119846567,0.0,STARLINK-30584,4,0,low,31.016728021207513,0.08359409863905547,295.4207383908245,False,False
68,high,87.32565924793614,87.41465819863015,87.41465819863015,115.46950130385817,28.054843105228016,28.14384205592202,0.0,STARLINK-30584,2,1,low,28.054843105228016,0.08899895069400174,139.70788298343268,False,False
71,high,89.47316696485075,89.55814057109878,89.55814057109878,123.63598478568278,34.077844214584005,34.16281782083203,0.0,STARLINK-30584,4,2,high,34.077844214584005,0.08497360624802873,98.24133894666035,False,False
100,high,132.96894006672653,133.09935618818616,133.09935618818616,185.4017396833536,52.30238349516745,52.43279961662708,0.0,STARLINK-30584,2,0,low,52.30238349516745,0.13041612145963097,125.49297924314996,False,False
43,high,58.2034654539376,58.28781900016319,58.28781900016319,219.8376479633823,161.5498289632191,161.6341825094447,0.0,STARLINK-30534,2,0,low,161.5498289632191,0.08435354622558842,327.53955896461014,False,False
83,low,102.36040470440426,0,0,0,0,0,0,STARLINK-31540,6,0,low,256.3557205529843,0.08601609162010593,447.21575240299,True,False
91,low,114.6851487195335,0,0,0,0,0,0,STARLINK-31540,6,0,low,232.77602477064008,0.1085453203793523,423.65858584940503,True,False
96,high,125.63515160283066,0,0,0,0,0,0,STARLINK-31540,6,0,high,174.36860305203288,0.103426758302722,269.8590376895284,True,False
69,high,88.27372661310687,88.34120608311103,88.34120608311103,183.72821396230384,95.38700787919281,95.45448734919697,0.0,STARLINK-31540,2,0,low,95.38700787919281,0.06747947000415429,284.1323551840984,False,False
136,high,185.61233723761796,185.69161053493113,185.69161053493113,195.783259390899,10.09164885596785,10.170922153281007,0.0,STARLINK-31540,2,0,high,10.09164885596785,0.07927329731315642,52.156357986620144,False,False
75,high,96.60013763860648,96.70126428239708,96.70126428239708,208.73340559831942,112.03214131592235,112.13326795971294,0.0,STARLINK-32787,2,0,low,112.03214131592235,0.10112664379059465,228.80754549820642,False,False
94,high,121.16363774099986,121.29293465852096,121.29293465852096,166.7710085430783,45.47807388455734,45.607370802078435,0.0,STARLINK-31619,3,0,low,45.47807388455734,0.1292969175210961,94.26173183680098,False,False
130,high,169.08530034940503,169.18363096575615,169.18363096575615,173.42496086471067,4.241329898954523,4.339660515305647,0.0,STARLINK-31619,1,0,low,4.241329898954523,0.09833061635112436,13.318321844287523,False,False
131,high,171.51991709000978,171.61005480376338,171.61005480376338,179.92735516843533,8.31730036467194,8.407438078425525,0.0,STARLINK-31619,5,1,high,8.31730036467194,0.09013771375358447,63.165940948402046,False,False
54,high,70.78395615489013,70.86654056474417,70.86654056474417,115.53064908355668,44.66410851881252,44.74669292866656,0.0,STARLINK-4681,2,0,low,44.66410851881252,0.0825844098540403,166.902952212028,False,False
93,high,116.82361207822312,116.93071706506977,116.93071706506977,199.53622161703987,82.60550455197009,82.71260953881674,0.0,STARLINK-4681,4,0,low,82.60550455197009,0.10710498684665651,273.9380978265951,False,False
159,low,222.65832183120128,0,0,0,0,0,0,STARLINK-4681,6,0,low,85.10130238161906,0.07708443276980394,85.17838681438887,True,True
63,low,83.92828777736392,0,0,0,0,0,0,STARLINK-31686,6,0,low,133.06371969251208,0.09639550927129634,385.28278149835484,True,False
53,high,68.67714615753793,68.78343605703209,68.78343605703209,194.8447692053178,126.06133314828571,126.16762304777987,0.0,STARLINK-31686,2,0,low,126.06133314828571,0.10628989949415249,308.0458305217301,False,False
151,high,207.56471802951836,207.65129756379235,207.65129756379235,212.07058643708547,4.419288873293116,4.505868407567111,0.0,STARLINK-31686,2,0,low,4.419288873293116,0.0865795342739951,274.54893920873747,False,False
103,high,133.86923093435925,133.94733065323055,133.94733065323055,144.0354238258652,10.08809317263463,10.16619289150592,0.0,STARLINK-11518 [DTC],2,0,low,10.08809317263463,0.07809971887129033,77.50827632089917,False,False
104,high,133.88255920892826,133.98839066416116,133.98839066416116,195.13004734012898,61.141656675967816,61.24748813120071,0.0,STARLINK-11518 [DTC],1,0,low,61.141656675967816,0.10583145523289417,178.20610270560192,False,False
152,high,208.91510080340123,209.01852026788396,209.01852026788396,214.78875740594057,5.770237138056626,5.873656602539346,0.0,STARLINK-11518 [DTC],2,0,low,5.770237138056626,0.10341946448271978,46.010854117479454,False,False
157,high,217.8685712216343,217.97190906953568,217.97190906953568,221.779630107223,3.8077210376873216,3.9110588855887074,0.0,STARLINK-11518 [DTC],2,0,low,3.8077210376873216,0.10333784790138592,104.880350191633,False,False
42,high,57.72529289301007,57.81896745711764,57.81896745711764,190.8118898871178,132.99292243000016,133.08659699410774,0.0,STARLINK-31638,3,0,low,132.99292243000016,0.09367456410756311,449.72320594339817,False,False
49,low,64.5696281909975,0,0,0,0,0,0,STARLINK-31988,6,0,low,285.8266655676393,0.06406237866892897,430.9189301920751,True,False
47,high,62.36755144912384,62.48588021207688,62.48588021207688,134.99998133496032,72.51410112288345,72.63242988583649,0.0,STARLINK-31988,2,0,low,72.51410112288345,0.11832876295304394,178.99078872010634,False,False
107,high,136.36419607884335,136.45808614968337,136.45808614968337,168.90034330830292,32.44225715861957,32.5361472294596,0.0,STARLINK-31988,2,0,low,32.44225715861957,0.09389007084002929,99.08581462341584,False,False
80,high,99.08252472876057,99.16773327478982,99.16773327478982,128.90035255221608,29.732619277426267,29.817827823455513,0.0,STARLINK-32182,3,0,low,29.732619277426267,0.08520854602924614,204.52529992300063,False,False
97,high,130.1648792735184,130.24783572178555,130.24783572178555,132.60515934751172,2.3573236257261643,2.440280073993295,0.0,STARLINK-32182,4,0,low,2.3573236257261643,0.08295644826713068,176.05207346592388,False,False
101,high,133.3926890572335,133.4778776284024,133.4778776284024,184.6253206480582,51.14744301965578,51.23263159082468,0.0,STARLINK-32182,2,0,low,51.14744301965578,0.08518857116890062,427.13382709662164,False,False
171,low,244.66763687379833,0,0,0,0,0,0,STARLINK-2637,6,0,low,137.26966594630323,0.09643083551528464,137.36609678181853,True,True
86,low,103.97108531599171,0,0,0,0,0,0,STARLINK-5772,6,0,low,50.88370296126782,0.0984703280511695,200.70997900540812,True,False
24,high,33.908402904032,33.98409622935238,33.98409622935238,108.84799908739694,74.86390285804455,74.93959618336494,0.0,STARLINK-5772,3,0,low,74.86390285804455,0.07569332532038256,134.5003126029045,False,False
90,high,110.93522452478594,111.0043641367229,111.0043641367229,123.67040446993148,12.666040333208583,12.735179945145545,0.0,STARLINK-5772,2,0,low,12.666040333208583,0.069139611936961,55.417942894413414,False,False
95,high,121.92761578069069,122.00048769492045,122.00048769492045,151.28998444666263,29.28949675174217,29.36236866597194,0.0,STARLINK-5772,3,1,low,29.28949675174217,0.07287191422976678,71.17398251275539,False,False
119,high,155.92480366927785,156.00900654644713,156.00900654644713,193.50337732198585,37.494370775538734,37.57857365270801,0.0,STARLINK-5772,7,0,low,37.494370775538734,0.08420287716927494,91.07354428396143,False,False
55,high,73.0939532345273,73.18412374472021,73.18412374472021,152.346511378537,79.1623876338168,79.25255814400971,0.0,STARLINK-3991,2,0,high,79.1623876338168,0.090170510192904,170.9190871109307,False,False
37,high,48.410410024229776,48.515511495322606,48.515511495322606,90.80477365568473,42.289262160362114,42.394363631454944,0.0,STARLINK-32901,3,0,low,42.289262160362114,0.10510147109282753,76.55374648537195,False,False
72,high,91.38431117233246,91.4700417635054,91.4700417635054,163.8204013196456,72.35035955614022,72.43609014731317,0.0,STARLINK-32901,2,0,low,72.35035955614022,0.08573059117294017,180.31276446376972,False,False
7,high,6.642886410792899,6.761076024059083,6.761076024059083,137.8827418938896,131.1216658698305,131.2398554830967,0.0,STARLINK-5800,2,0,low,131.1216658698305,0.11818961326618377,276.50771365854627,False,False
109,high,139.4353638634821,139.5000378456667,139.5000378456667,153.72790374447737,14.227865898810675,14.292539880995271,0.0,STARLINK-5800,5,0,low,14.227865898810675,0.06467398218459551,41.05119470972966,False,False
121,high,156.75635114141102,156.8423052919157,156.8423052919157,171.95454217292803,15.112236881012324,15.198191031517,0.0,STARLINK-5800,5,0,low,15.112236881012324,0.08595415050467667,16.084909732147416,False,False
82,low,102.30198299305512,0,0,0,0,0,0,STARLINK-30261,6,0,low,126.63886984045214,0.07270310231692709,126.71157294276907,True,True
27,high,35.466028125420834,35.55383069155751,35.55383069155751,142.45566408280942,106.90183339125191,106.98963595738859,0.0,STARLINK-1828,3,0,high,106.90183339125191,0.08780256613667564,228.7910786387057,False,False
116,high,147.03623123030886,147.12689101748805,147.12689101748805,159.00819063100468,11.881299613516624,11.97195940069582,0.0,STARLINK-1828,6,0,low,11.881299613516624,0.09065978717919532,39.84743660529582,False,False
22,high,29.51151013353822,29.6145824936217,29.6145824936217,62.633502232613125,33.01891973899142,33.1219920990749,0.0,STARLINK-31728,3,0,low,33.01891973899142,0.10307236008348156,166.80165429882044,False,False
30,high,36.39472704104008,36.49591525053309,36.49591525053309,97.19736314348303,60.70144789294994,60.80263610244295,0.0,STARLINK-31728,4,1,high,60.70144789294994,0.10118820949301129,233.53413087844484,False,False
76,high,97.68399187871412,97.78698272080806,97.78698272080806,144.23483602076857,46.44785329996053,46.55084414205445,0.0,STARLINK-31728,4,0,high,46.44785329996053,0.10299084209392519,191.757221121044,False,False
112,high,145.40058292193035,145.50027749148512,145.50027749148512,165.0228456940059,19.52256820252078,19.622262772075562,0.0,STARLINK-31728,2,0,low,19.52256820252078,0.09969456955477984,54.24277869498866,False,False
23,high,30.68124569177839,30.78900092630066,30.78900092630066,105.56737762175766,74.778376695457,74.88613192997927,0.0,STARLINK-5318,2,0,low,74.778376695457,0.10775523452226965,290.7419707502452,False,False
88,high,107.16909771614037,107.25953567080495,107.25953567080495,133.67057622611307,26.411040555308123,26.50147850997271,0.0,STARLINK-5318,5,0,low,26.411040555308123,0.09043795466458578,215.82116512401907,False,False
108,high,136.76628133726078,136.85931224315777,136.85931224315777,150.2810228640058,13.421710620848025,13.514741526745008,0.0,STARLINK-5318,2,0,low,13.421710620848025,0.09303090589698378,96.9705608709096,False,False
122,high,156.7586898295444,156.86779236465557,156.86779236465557,161.81956518846295,4.951772823807382,5.0608753589185405,0.0,STARLINK-5318,2,0,low,4.951772823807382,0.10910253511115822,242.88438783366877,False,False
58,high,76.65502598148696,76.7253707517768,76.7253707517768,79.85555543664657,3.130184684869772,3.200529455159605,0.0,STARLINK-11264 [DTC],2,0,low,3.130184684869772,0.07034477028983326,71.0636101891549,False,False
61,high,78.04137245343415,78.13790852973158,78.13790852973158,142.25129948009274,64.11339095036116,64.20992702665859,0.0,STARLINK-11264 [DTC],2,1,low,64.11339095036116,0.09653607629742557,143.21304289788606,False,False
110,high,143.15577078166137,143.25508958555233,143.25508958555233,149.2708123505326,6.01572276498028,6.115041568871235,0.0,STARLINK-11264 [DTC],2,0,low,6.01572276498028,0.09931880389095475,51.58898123134782,False,False
118,high,154.98586368688245,155.10069507239902,155.10069507239902,165.2339387057752,10.133243633376177,10.248075018892733,0.0,STARLINK-11264 [DTC],6,0,low,10.133243633376177,0.11483138551655568,38.27108888853903,False,False
129,high,166.06495286195272,166.16375380811473,166.16375380811473,168.54749585674168,2.383742048626954,2.482542994788971,0.0,STARLINK-11264 [DTC],2,0,low,2.383742048626954,0.09880094616201703,3.306050541590845,False,False
51,low,65.55460697416645,0,0,0,0,0,0,STARLINK-2608,6,0,low,102.32563089146882,0.08333221496182344,102.40896310643065,True,True
26,high,34.661406727311736,34.76603325163158,34.76603325163158,151.47486560174957,116.708832350118,116.81345887443784,0.0,STARLINK-32753,3,0,high,116.708832350118,0.1046265243198456,246.0128990275792,False,False
154,low,211.51920787947742,0,0,0,0,0,0,STARLINK-31333,6,0,low,49.68006663569505,0.1148827016625142,49.794949337357565,True,True
48,low,62.89071138551644,0,0,0,0,0,0,STARLINK-3609,6,0,low,53.20028323270203,0.06700637725661822,190.70982537895227,True,False
19,high,21.426750695239207,21.51175498797007,21.51175498797007,90.23302287246688,68.72126788449681,68.80627217722767,0.0,STARLINK-3609,2,0,high,68.72126788449681,0.08500429273086296,195.6811386789966,False,False
73,high,94.15226618138107,94.22827372423444,94.22827372423444,119.6911085577522,25.462834833517764,25.538842376371136,0.0,STARLINK-3609,5,0,low,25.462834833517764,0.07600754285337247,171.889407147093,False,False
45,high,60.53110679030915,60.6264913557438,60.6264913557438,87.60423755620141,26.977746200457606,27.07313076589225,0.0,STARLINK-5166,4,0,low,26.977746200457606,0.09538456543464714,453.8079148027622,False,False
79,high,98.98974668834886,99.0690257681414,99.0690257681414,109.94900369225022,10.879977924108807,10.959257003901344,0.0,STARLINK-5166,3,0,low,10.879977924108807,0.07927907979253632,70.51622432161042,False,False
14,high,15.422430825175379,15.509007981183792,15.509007981183792,16.579825018556537,1.0708170373727444,1.1573941933811582,0.0,STARLINK-33759,2,0,low,1.0708170373727444,0.08657715600841398,1.4219214232669284,False,False
32,low,37.83787619330741,0,0,0,0,0,0,STARLINK-33759,6,0,low,137.04736697065124,0.08812073647659138,348.9041089679125,True,False
15,high,16.83006900255546,16.932653094212515,16.932653094212515,122.81696372460486,105.88431063039235,105.9868947220494,0.0,STARLINK-33759,2,0,low,105.88431063039235,0.10258409165705247,241.85440257833278,False,False
99,high,131.39402305059127,131.48490167033486,131.48490167033486,132.1544631932074,0.6695615228725212,0.7604401426161127,0.0,STARLINK-33759,7,0,high,0.6695615228725212,0.09087861974359143,1.150875425109517,False,False
28,high,35.78349344411666,35.86482361935925,35.86482361935925,82.00183268848299,46.13700906912374,46.218339244366334,0.0,STARLINK-6169,3,0,low,46.13700906912374,0.08133017524258947,157.07671926209534,False,False
65,high,84.23054231594186,84.32356898535653,84.32356898535653,96.73431264254438,12.410743657187849,12.503770326602515,0.0,STARLINK-6169,2,0,low,12.410743657187849,0.09302666941466536,137.69421504142113,False,False
85,low,103.28803342421546,0,0,0,0,0,0,STARLINK-6169,6,0,low,167.9939831902684,0.0756695022088017,217.53857891504526,True,False
78,high,98.94718887126402,99.06830163011197,99.06830163011197,123.802764741396,24.734463111284033,24.855575870131993,0.0,STARLINK-6169,7,0,high,24.734463111284033,0.12111275884796163,79.554800516571,False,False
57,high,75.95244015122688,76.0610844921758,76.0610844921758,132.15594199605957,56.09485750388377,56.203501844832694,0.0,STARLINK-11599 [DTC],2,0,high,56.09485750388377,0.10864434094891838,299.71568252244845,False,False
5,high,5.4196786711154,5.482167076264287,5.482167076264287,125.77470039370418,120.29253331743989,120.35502172258877,0.0,STARLINK-31957,2,0,low,120.29253331743989,0.062488405148886934,329.68711352240337,False,False
77,high,98.59646317725228,0,0,0,0,0,0,STARLINK-30278,6,0,high,287.72029688800234,0.0993308689236653,414.78170819256326,True,False
6,high,5.552935852253228,5.646408088925059,5.646408088925059,132.6084885245623,126.96208043563722,127.05555267230905,0.0,STARLINK-30278,2,0,low,126.96208043563722,0.09347223667183145,370.58273436397053,False,False
18,high,20.421291640427505,20.51776044536404,20.51776044536404,28.975395731509863,8.457635286145823,8.554104091082358,0.0,STARLINK-32782,2,0,high,8.457635286145823,0.09646880493653527,29.356423648141728,False,False
21,high,29.410158312234895,29.49587290708349,29.49587290708349,45.25438437683452,15.758511469751033,15.844226064599631,0.0,STARLINK-32782,2,0,low,15.758511469751033,0.08571459484859793,52.67128940923691,False,False
34,high,40.29854691127982,40.38556167669398,40.38556167669398,60.962735110123674,20.577173433429696,20.66418819884386,0.0,STARLINK-32782,2,1,low,20.577173433429696,0.08701476541416346,251.68747752735098,False,False
46,high,61.05640309762386,61.139805869630834,61.139805869630834,71.54909840970554,10.409292540074699,10.492695312081674,0.0,STARLINK-32782,2,0,high,10.409292540074699,0.08340277200697445,66.3847497444557,False,False
56,high,73.50115378253061,73.59647618466576,73.59647618466576,115.15192681472155,41.555450630055795,41.65077303219095,0.0,STARLINK-32782,4,0,low,41.555450630055795,0.095322402135155,461.6105985117154,False,False
50,high,65.35591448224847,65.45718877540082,65.45718877540082,83.61808449191845,18.160895716517626,18.26217000966999,0.0,STARLINK-32636,6,0,high,18.160895716517626,0.10127429315236364,27.118337160002927,False,False
84,high,103.09383489424403,0,0,0,0,0,0,STARLINK-30979,6,0,high,226.46684253874483,0.09408449840124747,330.8830355801822,True,False
10,high,9.997714835741395,10.109285211167064,10.109285211167064,114.43139375420323,104.32210854303617,104.43367891846184,0.0,STARLINK-30979,2,0,low,104.32210854303617,0.1115703754256694,351.6954053537162,False,False
31,low,37.26858466600547,0,0,0,0,0,0,STARLINK-3264,6,0,low,50.79080636400917,0.0992204730949537,50.890026837104124,True,True
44,high,59.436181803518195,59.510361271033574,59.510361271033574,60.65512123294937,1.1447599619157953,1.2189394294311722,0.0,STARLINK-3264,2,0,low,1.1447599619157953,0.07417946751537681,30.275586508119087,False,False
2,high,1.7111760490106473,1.7921925931024543,1.7921925931024543,48.42730776954891,46.635115176446455,46.716131720538264,0.0,STARLINK-2406,1,0,low,46.635115176446455,0.081016544091807,136.37995857366482,False,False
38,high,52.519109502009755,52.61849309464164,52.61849309464164,68.93560106958361,16.31710797494197,16.41649156757386,0.0,STARLINK-2406,2,0,low,16.31710797494197,0.09938359263188996,159.39813861280763,False,False
3,high,1.8808748196109137,1.9898110403129639,1.9898110403129639,94.71210340557847,92.72229236526552,92.83122858596757,0.0,STARLINK-30952,1,0,low,92.72229236526552,0.10893622070205011,211.86495598539423,False,False
81,high,101.23918397400308,101.32817430162686,101.32817430162686,101.55710541654516,0.22893111491829943,0.3179214425420752,0.0,STARLINK-30952,5,0,low,0.22893111491829943,0.08899032762377578,0.6458937153924273,False,False
36,low,46.16493491676917,0,0,0,0,0,0,STARLINK-32231,6,0,low,17.873801189690433,0.0814166039453826,81.55323862518061,True,False
16,high,19.784644438847756,19.899082954118576,19.899082954118576,51.69809336989097,31.799010415772393,31.913448931043213,0.0,STARLINK-32231,2,0,low,31.799010415772393,0.11443851527081883,106.7078965076397,False,False
39,high,53.84727259238586,53.975502849088834,53.975502849088834,66.11834446232751,12.142841613238677,12.271071869941649,0.0,STARLINK-32231,4,0,low,12.142841613238677,0.12823025670297264,358.53926330889493,False,False
13,high,13.539019890619446,13.65522988123868,13.65522988123868,80.58609504760057,66.93086516636188,67.04707515698112,0.0,STARLINK-2499,2,0,low,66.93086516636188,0.11620999061923441,198.66507703586936,False,False
87,low,104.5290694095925,0,0,0,0,0,0,STARLINK-2499,6,0,low,35.826424040371876,0.08923667232152056,35.915660712693395,True,True
17,high,20.33148257629176,20.437024440752268,20.437024440752268,21.593309498261405,1.1562850575091375,1.2618269219696479,0.0,STARLINK-32189,2,0,low,1.1562850575091375,0.10554186446051035,70.24107731586084,False,False
20,high,21.931426101781867,22.036102484911893,22.036102484911893,42.4362407740241,20.400138289112206,20.504814672242233,0.0,STARLINK-32189,2,0,high,20.400138289112206,0.10467638313002724,61.953437704299596,False,False
35,high,45.5229347513548,45.63649469294266,45.63649469294266,75.2919251019341,29.655430408991432,29.76899035057929,0.0,STARLINK-32189,3,0,high,29.655430408991432,0.1135599415878572,101.2554472486674,False,False
67,low,85.9045496125428,0,0,0,0,0,0,STARLINK-32189,6,0,low,399.0964610794763,0.10897383947462218,446.284395036269,True,False
74,low,96.16921089593164,0,0,0,0,0,0,STARLINK-32189,6,0,low,44.761755814752405,0.10375966688967833,91.9444755989602,True,False
59,high,77.07187108605555,77.14748137061815,77.14748137061815,100.6869614292772,23.53948005865906,23.615090343221656,0.0,STARLINK-32189,6,0,low,23.53948005865906,0.07561028456259729,77.40513732069165,False,False
9,high,9.820811357845288,9.918937487410325,9.918937487410325,87.94070790859885,78.02177042118853,78.11989655075357,0.0,STARLINK-3978,4,0,high,78.02177042118853,0.09812612956503695,555.8967771888351,False,False
29,high,36.202494454576374,36.27842993962189,36.27842993962189,84.18250629941575,47.90407635979386,47.980011844839375,0.0,STARLINK-31234,2,0,low,47.90407635979386,0.07593548504550919,268.08357172941226,False,False
66,high,84.51894033795925,84.58466230440676,84.58466230440676,88.89266933192462,4.3080070275178555,4.373728993965364,0.0,STARLINK-31234,4,0,low,4.3080070275178555,0.06572196644750886,37.18263254323447,False,False
8,high,8.05533178458985,8.158989010563053,8.158989010563053,31.03192648248003,22.87293747191698,22.97659469789018,0.0,STARLINK-5785,4,0,low,22.87293747191698,0.10365722597320269,121.50815955107517,False,False
25,high,34.05309811674545,34.13660402907479,34.13660402907479,58.48554876742885,24.348944738354064,24.432450650683403,0.0,STARLINK-5785,2,0,low,24.348944738354064,0.08350591232933811,210.9341751828455,False,False
70,high,89.03240761779115,89.13130592536045,89.13130592536045,91.27257549355505,2.141269568194597,2.2401678757639,0.0,STARLINK-5785,5,0,low,2.141269568194597,0.09889830756930285,833.737476931224,False,False
89,high,107.21290480597192,0,0,0,0,0,0,STARLINK-5785,6,0,high,246.57087747890742,0.12492234099368578,246.6957998199011,True,True
102,low,133.642423750014,0,0,0,0,0,0,STARLINK-5785,6,0,low,26.324114865089836,0.09819255146095489,26.42230741655079,True,True
12,high,10.343336372183897,10.422845899304196,10.422845899304196,69.38403881562904,58.96119291632485,59.04070244344515,0.0,STARLINK-11640 [DTC],2,0,low,58.96119291632485,0.07950952712029957,244.68583214053797,False,False
60,high,77.9644026999669,78.06516323194101,78.06516323194101,86.7696074561011,8.704444224160088,8.805204756134199,0.0,STARLINK-11640 [DTC],2,0,high,8.704444224160088,0.100760531974111,417.26175186683446,False,False
1,high,0.8194881651393591,0.9158011950343896,0.9158011950343896,21.650341383803685,20.734540188769294,20.830853218664323,0.0,STARLINK-5190,3,0,low,20.734540188769294,0.09631302989503053,89.82076741551538,False,False
40,low,55.81600617795217,0,0,0,0,0,0,STARLINK-5190,6,0,low,137.77084857255974,0.07404582286896254,198.4703491945861,True,False
33,high,38.22271737383756,38.31033926059629,38.31033926059629,68.62306666017498,30.3127273995787,30.400349286337423,0.0,STARLINK-5190,3,0,low,30.3127273995787,0.08762188675872244,394.879220755585,False,False
11,high,10.013221192914704,10.112929807573757,10.112929807573757,67.2493011550236,57.136371347449845,57.236079962108896,0.0,STARLINK-33876,2,0,low,57.136371347449845,0.099708614659053,448.5265624306617,False,False
62,low,83.62523168504906,0,0,0,0,0,0,STARLINK-33876,6,0,low,171.70340937135379,0.12057400074158113,171.82398337209537,True,True
92,low,115.35706003123823,0,0,0,0,0,0,STARLINK-33876,6,0,low,323.15433537361184,0.07511436909439531,323.22944974270627,True,True
4,high,3.4885122902064283,3.599965631098352,3.599965631098352,54.94638522125814,51.34641959015979,51.45787293105172,0.0,STARLINK-3265,3,0,low,51.34641959015979,0.11145334089192378,168.7840493882042,False,False
41,low,55.885715534715224,0,0,0,0,0,0,STARLINK-3265,6,0,low,36.162027602884116,0.10395209910871245,36.265979701992826,True,False
